{
  "fio version" : "fio-3.28-261-gc3773-dirty",
  "timestamp" : 1645927701,
  "timestamp_ms" : 1645927701366,
  "time" : "Sun Feb 27 03:08:21 2022",
  "jobs" : [
    {
      "jobname" : "nvme2n2_randwrite_4K_queue-depth-256",
      "groupid" : 0,
      "error" : 0,
      "eta" : 0,
      "elapsed" : 113,
      "job options" : {
        "name" : "nvme2n2_randwrite_4K_queue-depth-256",
        "filename" : "/dev/nvme2n2",
        "direct" : "1",
        "size" : "107374182400",
        "ioengine" : "libaio",
        "zonemode" : "zbd",
        "iodepth" : "256",
        "rw" : "randwrite",
        "bs" : "4K",
        "max_open_zones" : "14",
        "runtime" : "10m"
      },
      "read" : {
        "io_bytes" : 0,
        "io_kbytes" : 0,
        "bw_bytes" : 0,
        "bw" : 0,
        "iops" : 0.000000,
        "runtime" : 0,
        "total_ios" : 0,
        "short_ios" : 0,
        "drop_ios" : 0,
        "slat_ns" : {
          "min" : 0,
          "max" : 0,
          "mean" : 0.000000,
          "stddev" : 0.000000,
          "N" : 0
        },
        "clat_ns" : {
          "min" : 0,
          "max" : 0,
          "mean" : 0.000000,
          "stddev" : 0.000000,
          "N" : 0
        },
        "lat_ns" : {
          "min" : 0,
          "max" : 0,
          "mean" : 0.000000,
          "stddev" : 0.000000,
          "N" : 0
        },
        "bw_min" : 0,
        "bw_max" : 0,
        "bw_agg" : 0.000000,
        "bw_mean" : 0.000000,
        "bw_dev" : 0.000000,
        "bw_samples" : 0,
        "iops_min" : 0,
        "iops_max" : 0,
        "iops_mean" : 0.000000,
        "iops_stddev" : 0.000000,
        "iops_samples" : 0
      },
      "write" : {
        "io_bytes" : 107374182400,
        "io_kbytes" : 104857600,
        "bw_bytes" : 955303318,
        "bw" : 932913,
        "iops" : 233228.349259,
        "runtime" : 112398,
        "total_ios" : 26214400,
        "short_ios" : 0,
        "drop_ios" : 0,
        "slat_ns" : {
          "min" : 872,
          "max" : 283652,
          "mean" : 2542.129362,
          "stddev" : 2837.261100,
          "N" : 26214400
        },
        "clat_ns" : {
          "min" : 17297,
          "max" : 17457714,
          "mean" : 1086993.224079,
          "stddev" : 528423.144712,
          "N" : 26214400,
          "percentile" : {
            "1.000000" : 171008,
            "5.000000" : 358400,
            "10.000000" : 493568,
            "20.000000" : 684032,
            "30.000000" : 823296,
            "40.000000" : 929792,
            "50.000000" : 1036288,
            "60.000000" : 1138688,
            "70.000000" : 1253376,
            "80.000000" : 1400832,
            "90.000000" : 1662976,
            "95.000000" : 1974272,
            "99.000000" : 2932736,
            "99.500000" : 3358720,
            "99.900000" : 4423680,
            "99.950000" : 4816896,
            "99.990000" : 5996544
          }
        },
        "lat_ns" : {
          "min" : 22387,
          "max" : 17466968,
          "mean" : 1089641.226877,
          "stddev" : 528227.162920,
          "N" : 26214400
        },
        "bw_min" : 806896,
        "bw_max" : 1181264,
        "bw_agg" : 100.000000,
        "bw_mean" : 933548.571429,
        "bw_dev" : 74422.375236,
        "bw_samples" : 224,
        "iops_min" : 201724,
        "iops_max" : 295316,
        "iops_mean" : 233387.169643,
        "iops_stddev" : 18605.595369,
        "iops_samples" : 224
      },
      "trim" : {
        "io_bytes" : 0,
        "io_kbytes" : 0,
        "bw_bytes" : 0,
        "bw" : 0,
        "iops" : 0.000000,
        "runtime" : 0,
        "total_ios" : 0,
        "short_ios" : 0,
        "drop_ios" : 0,
        "slat_ns" : {
          "min" : 0,
          "max" : 0,
          "mean" : 0.000000,
          "stddev" : 0.000000,
          "N" : 0
        },
        "clat_ns" : {
          "min" : 0,
          "max" : 0,
          "mean" : 0.000000,
          "stddev" : 0.000000,
          "N" : 0
        },
        "lat_ns" : {
          "min" : 0,
          "max" : 0,
          "mean" : 0.000000,
          "stddev" : 0.000000,
          "N" : 0
        },
        "bw_min" : 0,
        "bw_max" : 0,
        "bw_agg" : 0.000000,
        "bw_mean" : 0.000000,
        "bw_dev" : 0.000000,
        "bw_samples" : 0,
        "iops_min" : 0,
        "iops_max" : 0,
        "iops_mean" : 0.000000,
        "iops_stddev" : 0.000000,
        "iops_samples" : 0
      },
      "sync" : {
        "total_ios" : 0,
        "lat_ns" : {
          "min" : 0,
          "max" : 0,
          "mean" : 0.000000,
          "stddev" : 0.000000,
          "N" : 0
        }
      },
      "job_runtime" : 112397,
      "usr_cpu" : 21.713213,
      "sys_cpu" : 46.211198,
      "ctx" : 7351017,
      "majf" : 0,
      "minf" : 25,
      "iodepth_level" : {
        "1" : 0.100000,
        "2" : 0.100000,
        "4" : 0.100000,
        "8" : 0.100000,
        "16" : 0.100000,
        "32" : 0.100000,
        ">=64" : 99.978611
      },
      "iodepth_submit" : {
        "0" : 0.000000,
        "4" : 100.000000,
        "8" : 0.000000,
        "16" : 0.000000,
        "32" : 0.000000,
        "64" : 0.000000,
        ">=64" : 0.000000
      },
      "iodepth_complete" : {
        "0" : 0.000000,
        "4" : 99.999996,
        "8" : 0.000000,
        "16" : 0.000000,
        "32" : 0.000000,
        "64" : 0.000000,
        ">=64" : 0.100000
      },
      "latency_ns" : {
        "2" : 0.000000,
        "4" : 0.000000,
        "10" : 0.000000,
        "20" : 0.000000,
        "50" : 0.000000,
        "100" : 0.000000,
        "250" : 0.000000,
        "500" : 0.000000,
        "750" : 0.000000,
        "1000" : 0.000000
      },
      "latency_us" : {
        "2" : 0.000000,
        "4" : 0.000000,
        "10" : 0.000000,
        "20" : 0.010000,
        "50" : 0.031910,
        "100" : 0.220657,
        "250" : 2.065319,
        "500" : 7.917179,
        "750" : 14.385777,
        "1000" : 21.648308
      },
      "latency_ms" : {
        "2" : 49.006668,
        "4" : 4.544037,
        "10" : 0.179111,
        "20" : 0.010000,
        "50" : 0.000000,
        "100" : 0.000000,
        "250" : 0.000000,
        "500" : 0.000000,
        "750" : 0.000000,
        "1000" : 0.000000,
        "2000" : 0.000000,
        ">=2000" : 0.000000
      },
      "latency_depth" : 256,
      "latency_target" : 0,
      "latency_percentile" : 100.000000,
      "latency_window" : 0
    }
  ],
  "disk_util" : [
    {
      "name" : "nvme2n2",
      "read_ios" : 0,
      "write_ios" : 4432632,
      "read_merges" : 0,
      "write_merges" : 21776102,
      "read_ticks" : 0,
      "write_ticks" : 2765867,
      "in_queue" : 2765866,
      "util" : 99.994661
    }
  ]
}
