{
  "fio version" : "fio-3.28-261-gc3773-dirty",
  "timestamp" : 1645928162,
  "timestamp_ms" : 1645928162333,
  "time" : "Sun Feb 27 03:16:02 2022",
  "jobs" : [
    {
      "jobname" : "nvme2n2_overwrite-rand_4K_queue-depth-256",
      "groupid" : 0,
      "error" : 0,
      "eta" : 0,
      "elapsed" : 117,
      "job options" : {
        "name" : "nvme2n2_overwrite-rand_4K_queue-depth-256",
        "filename" : "/dev/nvme2n2",
        "direct" : "1",
        "size" : "107374182400",
        "ioengine" : "libaio",
        "zonemode" : "zbd",
        "iodepth" : "256",
        "rw" : "randwrite",
        "bs" : "4K",
        "max_open_zones" : "14",
        "runtime" : "10m"
      },
      "read" : {
        "io_bytes" : 0,
        "io_kbytes" : 0,
        "bw_bytes" : 0,
        "bw" : 0,
        "iops" : 0.000000,
        "runtime" : 0,
        "total_ios" : 0,
        "short_ios" : 0,
        "drop_ios" : 0,
        "slat_ns" : {
          "min" : 0,
          "max" : 0,
          "mean" : 0.000000,
          "stddev" : 0.000000,
          "N" : 0
        },
        "clat_ns" : {
          "min" : 0,
          "max" : 0,
          "mean" : 0.000000,
          "stddev" : 0.000000,
          "N" : 0
        },
        "lat_ns" : {
          "min" : 0,
          "max" : 0,
          "mean" : 0.000000,
          "stddev" : 0.000000,
          "N" : 0
        },
        "bw_min" : 0,
        "bw_max" : 0,
        "bw_agg" : 0.000000,
        "bw_mean" : 0.000000,
        "bw_dev" : 0.000000,
        "bw_samples" : 0,
        "iops_min" : 0,
        "iops_max" : 0,
        "iops_mean" : 0.000000,
        "iops_stddev" : 0.000000,
        "iops_samples" : 0
      },
      "write" : {
        "io_bytes" : 107374182400,
        "io_kbytes" : 104857600,
        "bw_bytes" : 921058033,
        "bw" : 899470,
        "iops" : 224867.684020,
        "runtime" : 116577,
        "total_ios" : 26214400,
        "short_ios" : 0,
        "drop_ios" : 0,
        "slat_ns" : {
          "min" : 905,
          "max" : 358692,
          "mean" : 2710.405434,
          "stddev" : 2964.095121,
          "N" : 26214400
        },
        "clat_ns" : {
          "min" : 17100,
          "max" : 8393941,
          "mean" : 1122415.406032,
          "stddev" : 525699.711903,
          "N" : 26214400,
          "percentile" : {
            "1.000000" : 201728,
            "5.000000" : 382976,
            "10.000000" : 518144,
            "20.000000" : 716800,
            "30.000000" : 864256,
            "40.000000" : 978944,
            "50.000000" : 1089536,
            "60.000000" : 1187840,
            "70.000000" : 1302528,
            "80.000000" : 1433600,
            "90.000000" : 1695744,
            "95.000000" : 1990656,
            "99.000000" : 2965504,
            "99.500000" : 3424256,
            "99.900000" : 4489216,
            "99.950000" : 4751360,
            "99.990000" : 5668864
          }
        },
        "lat_ns" : {
          "min" : 23067,
          "max" : 8398570,
          "mean" : 1125242.642451,
          "stddev" : 525460.444974,
          "N" : 26214400
        },
        "bw_min" : 613280,
        "bw_max" : 964552,
        "bw_agg" : 100.000000,
        "bw_mean" : 900160.413793,
        "bw_dev" : 36889.498815,
        "bw_samples" : 232,
        "iops_min" : 153320,
        "iops_max" : 241138,
        "iops_mean" : 225040.232759,
        "iops_stddev" : 9222.378955,
        "iops_samples" : 232
      },
      "trim" : {
        "io_bytes" : 0,
        "io_kbytes" : 0,
        "bw_bytes" : 0,
        "bw" : 0,
        "iops" : 0.000000,
        "runtime" : 0,
        "total_ios" : 0,
        "short_ios" : 0,
        "drop_ios" : 0,
        "slat_ns" : {
          "min" : 0,
          "max" : 0,
          "mean" : 0.000000,
          "stddev" : 0.000000,
          "N" : 0
        },
        "clat_ns" : {
          "min" : 0,
          "max" : 0,
          "mean" : 0.000000,
          "stddev" : 0.000000,
          "N" : 0
        },
        "lat_ns" : {
          "min" : 0,
          "max" : 0,
          "mean" : 0.000000,
          "stddev" : 0.000000,
          "N" : 0
        },
        "bw_min" : 0,
        "bw_max" : 0,
        "bw_agg" : 0.000000,
        "bw_mean" : 0.000000,
        "bw_dev" : 0.000000,
        "bw_samples" : 0,
        "iops_min" : 0,
        "iops_max" : 0,
        "iops_mean" : 0.000000,
        "iops_stddev" : 0.000000,
        "iops_samples" : 0
      },
      "sync" : {
        "total_ios" : 0,
        "lat_ns" : {
          "min" : 0,
          "max" : 0,
          "mean" : 0.000000,
          "stddev" : 0.000000,
          "N" : 0
        }
      },
      "job_runtime" : 116576,
      "usr_cpu" : 22.222413,
      "sys_cpu" : 46.804660,
      "ctx" : 7715036,
      "majf" : 0,
      "minf" : 1160,
      "iodepth_level" : {
        "1" : 0.100000,
        "2" : 0.100000,
        "4" : 0.100000,
        "8" : 0.100000,
        "16" : 0.100000,
        "32" : 0.100000,
        ">=64" : 99.978786
      },
      "iodepth_submit" : {
        "0" : 0.000000,
        "4" : 100.000000,
        "8" : 0.000000,
        "16" : 0.000000,
        "32" : 0.000000,
        "64" : 0.000000,
        ">=64" : 0.000000
      },
      "iodepth_complete" : {
        "0" : 0.000000,
        "4" : 99.999996,
        "8" : 0.000000,
        "16" : 0.000000,
        "32" : 0.000000,
        "64" : 0.000000,
        ">=64" : 0.100000
      },
      "latency_ns" : {
        "2" : 0.000000,
        "4" : 0.000000,
        "10" : 0.000000,
        "20" : 0.000000,
        "50" : 0.000000,
        "100" : 0.000000,
        "250" : 0.000000,
        "500" : 0.000000,
        "750" : 0.000000,
        "1000" : 0.000000
      },
      "latency_us" : {
        "2" : 0.000000,
        "4" : 0.000000,
        "10" : 0.000000,
        "20" : 0.010000,
        "50" : 0.019974,
        "100" : 0.134487,
        "250" : 1.555954,
        "500" : 7.585808,
        "750" : 12.629040,
        "1000" : 19.753098
      },
      "latency_ms" : {
        "2" : 53.367073,
        "4" : 4.748669,
        "10" : 0.205818,
        "20" : 0.000000,
        "50" : 0.000000,
        "100" : 0.000000,
        "250" : 0.000000,
        "500" : 0.000000,
        "750" : 0.000000,
        "1000" : 0.000000,
        "2000" : 0.000000,
        ">=2000" : 0.000000
      },
      "latency_depth" : 256,
      "latency_target" : 0,
      "latency_percentile" : 100.000000,
      "latency_window" : 0
    }
  ],
  "disk_util" : [
    {
      "name" : "nvme2n2",
      "read_ios" : 0,
      "write_ios" : 4679311,
      "read_merges" : 0,
      "write_merges" : 21489007,
      "read_ticks" : 0,
      "write_ticks" : 2828611,
      "in_queue" : 2828611,
      "util" : 100.000000
    }
  ]
}
