{
  "fio version" : "fio-3.28-261-gc3773-dirty",
  "timestamp" : 1645926369,
  "timestamp_ms" : 1645926369803,
  "time" : "Sun Feb 27 02:46:09 2022",
  "jobs" : [
    {
      "jobname" : "nvme2n2_write_4K_queue-depth-64",
      "groupid" : 0,
      "error" : 0,
      "eta" : 0,
      "elapsed" : 59,
      "job options" : {
        "name" : "nvme2n2_write_4K_queue-depth-64",
        "filename" : "/dev/nvme2n2",
        "direct" : "1",
        "size" : "107374182400",
        "ioengine" : "libaio",
        "zonemode" : "zbd",
        "iodepth" : "64",
        "rw" : "write",
        "bs" : "4K",
        "runtime" : "10m"
      },
      "read" : {
        "io_bytes" : 0,
        "io_kbytes" : 0,
        "bw_bytes" : 0,
        "bw" : 0,
        "iops" : 0.000000,
        "runtime" : 0,
        "total_ios" : 0,
        "short_ios" : 0,
        "drop_ios" : 0,
        "slat_ns" : {
          "min" : 0,
          "max" : 0,
          "mean" : 0.000000,
          "stddev" : 0.000000,
          "N" : 0
        },
        "clat_ns" : {
          "min" : 0,
          "max" : 0,
          "mean" : 0.000000,
          "stddev" : 0.000000,
          "N" : 0
        },
        "lat_ns" : {
          "min" : 0,
          "max" : 0,
          "mean" : 0.000000,
          "stddev" : 0.000000,
          "N" : 0
        },
        "bw_min" : 0,
        "bw_max" : 0,
        "bw_agg" : 0.000000,
        "bw_mean" : 0.000000,
        "bw_dev" : 0.000000,
        "bw_samples" : 0,
        "iops_min" : 0,
        "iops_max" : 0,
        "iops_mean" : 0.000000,
        "iops_stddev" : 0.000000,
        "iops_samples" : 0
      },
      "write" : {
        "io_bytes" : 56465817600,
        "io_kbytes" : 55142400,
        "bw_bytes" : 972073708,
        "bw" : 949290,
        "iops" : 237322.682826,
        "runtime" : 58088,
        "total_ios" : 13785600,
        "short_ios" : 0,
        "drop_ios" : 0,
        "slat_ns" : {
          "min" : 844,
          "max" : 314784,
          "mean" : 1802.480882,
          "stddev" : 2269.412793,
          "N" : 13785600
        },
        "clat_ns" : {
          "min" : 18168,
          "max" : 12698251,
          "mean" : 267325.107593,
          "stddev" : 267653.492024,
          "N" : 13785600,
          "percentile" : {
            "1.000000" : 150528,
            "5.000000" : 156672,
            "10.000000" : 156672,
            "20.000000" : 158720,
            "30.000000" : 160768,
            "40.000000" : 166912,
            "50.000000" : 173056,
            "60.000000" : 181248,
            "70.000000" : 214016,
            "80.000000" : 309248,
            "90.000000" : 497664,
            "95.000000" : 733184,
            "99.000000" : 1138688,
            "99.500000" : 1728512,
            "99.900000" : 2637824,
            "99.950000" : 2899968,
            "99.990000" : 8159232
          }
        },
        "lat_ns" : {
          "min" : 23477,
          "max" : 12699654,
          "mean" : 269228.728484,
          "stddev" : 267720.816006,
          "N" : 13785600
        },
        "bw_min" : 801592,
        "bw_max" : 1075312,
        "bw_agg" : 100.000000,
        "bw_mean" : 950023.793103,
        "bw_dev" : 88113.846639,
        "bw_samples" : 116,
        "iops_min" : 200398,
        "iops_max" : 268828,
        "iops_mean" : 237506.034483,
        "iops_stddev" : 22028.578982,
        "iops_samples" : 116
      },
      "trim" : {
        "io_bytes" : 0,
        "io_kbytes" : 0,
        "bw_bytes" : 0,
        "bw" : 0,
        "iops" : 0.000000,
        "runtime" : 0,
        "total_ios" : 0,
        "short_ios" : 0,
        "drop_ios" : 0,
        "slat_ns" : {
          "min" : 0,
          "max" : 0,
          "mean" : 0.000000,
          "stddev" : 0.000000,
          "N" : 0
        },
        "clat_ns" : {
          "min" : 0,
          "max" : 0,
          "mean" : 0.000000,
          "stddev" : 0.000000,
          "N" : 0
        },
        "lat_ns" : {
          "min" : 0,
          "max" : 0,
          "mean" : 0.000000,
          "stddev" : 0.000000,
          "N" : 0
        },
        "bw_min" : 0,
        "bw_max" : 0,
        "bw_agg" : 0.000000,
        "bw_mean" : 0.000000,
        "bw_dev" : 0.000000,
        "bw_samples" : 0,
        "iops_min" : 0,
        "iops_max" : 0,
        "iops_mean" : 0.000000,
        "iops_stddev" : 0.000000,
        "iops_samples" : 0
      },
      "sync" : {
        "total_ios" : 0,
        "lat_ns" : {
          "min" : 0,
          "max" : 0,
          "mean" : 0.000000,
          "stddev" : 0.000000,
          "N" : 0
        }
      },
      "job_runtime" : 58087,
      "usr_cpu" : 20.248937,
      "sys_cpu" : 40.814640,
      "ctx" : 1172856,
      "majf" : 0,
      "minf" : 114,
      "iodepth_level" : {
        "1" : 0.100000,
        "2" : 0.100000,
        "4" : 0.100000,
        "8" : 0.100000,
        "16" : 0.100000,
        "32" : 0.100000,
        ">=64" : 99.999543
      },
      "iodepth_submit" : {
        "0" : 0.000000,
        "4" : 100.000000,
        "8" : 0.000000,
        "16" : 0.000000,
        "32" : 0.000000,
        "64" : 0.000000,
        ">=64" : 0.000000
      },
      "iodepth_complete" : {
        "0" : 0.000000,
        "4" : 99.999993,
        "8" : 0.000000,
        "16" : 0.000000,
        "32" : 0.000000,
        "64" : 0.100000,
        ">=64" : 0.000000
      },
      "latency_ns" : {
        "2" : 0.000000,
        "4" : 0.000000,
        "10" : 0.000000,
        "20" : 0.000000,
        "50" : 0.000000,
        "100" : 0.000000,
        "250" : 0.000000,
        "500" : 0.000000,
        "750" : 0.000000,
        "1000" : 0.000000
      },
      "latency_us" : {
        "2" : 0.000000,
        "4" : 0.000000,
        "10" : 0.000000,
        "20" : 0.010000,
        "50" : 0.010000,
        "100" : 0.010000,
        "250" : 74.406518,
        "500" : 15.705613,
        "750" : 5.160385,
        "1000" : 2.969381
      },
      "latency_ms" : {
        "2" : 1.377017,
        "4" : 0.349756,
        "10" : 0.029777,
        "20" : 0.010000,
        "50" : 0.000000,
        "100" : 0.000000,
        "250" : 0.000000,
        "500" : 0.000000,
        "750" : 0.000000,
        "1000" : 0.000000,
        "2000" : 0.000000,
        ">=2000" : 0.000000
      },
      "latency_depth" : 64,
      "latency_target" : 0,
      "latency_percentile" : 100.000000,
      "latency_window" : 0
    }
  ],
  "disk_util" : [
    {
      "name" : "nvme2n2",
      "read_ios" : 0,
      "write_ios" : 584406,
      "read_merges" : 0,
      "write_merges" : 13147844,
      "read_ticks" : 0,
      "write_ticks" : 110460,
      "in_queue" : 110459,
      "util" : 99.913701
    }
  ]
}
