{
  "fio version" : "fio-3.28-261-gc3773-dirty",
  "timestamp" : 1645925021,
  "timestamp_ms" : 1645925021198,
  "time" : "Sun Feb 27 02:23:41 2022",
  "jobs" : [
    {
      "jobname" : "nvme2n2_overwrite-rand_4K_queue-depth-16",
      "groupid" : 0,
      "error" : 0,
      "eta" : 0,
      "elapsed" : 424,
      "job options" : {
        "name" : "nvme2n2_overwrite-rand_4K_queue-depth-16",
        "filename" : "/dev/nvme2n2",
        "direct" : "1",
        "size" : "107374182400",
        "ioengine" : "libaio",
        "zonemode" : "zbd",
        "iodepth" : "16",
        "rw" : "randwrite",
        "bs" : "4K",
        "max_open_zones" : "14",
        "runtime" : "10m"
      },
      "read" : {
        "io_bytes" : 0,
        "io_kbytes" : 0,
        "bw_bytes" : 0,
        "bw" : 0,
        "iops" : 0.000000,
        "runtime" : 0,
        "total_ios" : 0,
        "short_ios" : 0,
        "drop_ios" : 0,
        "slat_ns" : {
          "min" : 0,
          "max" : 0,
          "mean" : 0.000000,
          "stddev" : 0.000000,
          "N" : 0
        },
        "clat_ns" : {
          "min" : 0,
          "max" : 0,
          "mean" : 0.000000,
          "stddev" : 0.000000,
          "N" : 0
        },
        "lat_ns" : {
          "min" : 0,
          "max" : 0,
          "mean" : 0.000000,
          "stddev" : 0.000000,
          "N" : 0
        },
        "bw_min" : 0,
        "bw_max" : 0,
        "bw_agg" : 0.000000,
        "bw_mean" : 0.000000,
        "bw_dev" : 0.000000,
        "bw_samples" : 0,
        "iops_min" : 0,
        "iops_max" : 0,
        "iops_mean" : 0.000000,
        "iops_stddev" : 0.000000,
        "iops_samples" : 0
      },
      "write" : {
        "io_bytes" : 107374182400,
        "io_kbytes" : 104857600,
        "bw_bytes" : 253452605,
        "bw" : 247512,
        "iops" : 61878.077451,
        "runtime" : 423646,
        "total_ios" : 26214400,
        "short_ios" : 0,
        "drop_ios" : 0,
        "slat_ns" : {
          "min" : 1163,
          "max" : 206093,
          "mean" : 5254.579844,
          "stddev" : 2504.565749,
          "N" : 26214400
        },
        "clat_ns" : {
          "min" : 3741,
          "max" : 5546490,
          "mean" : 251456.542746,
          "stddev" : 164372.485926,
          "N" : 26214400,
          "percentile" : {
            "1.000000" : 30592,
            "5.000000" : 46848,
            "10.000000" : 69120,
            "20.000000" : 114176,
            "30.000000" : 152576,
            "40.000000" : 193536,
            "50.000000" : 230400,
            "60.000000" : 268288,
            "70.000000" : 309248,
            "80.000000" : 362496,
            "90.000000" : 448512,
            "95.000000" : 528384,
            "99.000000" : 724992,
            "99.500000" : 847872,
            "99.900000" : 1499136,
            "99.950000" : 1925120,
            "99.990000" : 2637824
          }
        },
        "lat_ns" : {
          "min" : 20682,
          "max" : 5551668,
          "mean" : 256834.248172,
          "stddev" : 163846.332349,
          "N" : 26214400
        },
        "bw_min" : 164888,
        "bw_max" : 285138,
        "bw_agg" : 100.000000,
        "bw_mean" : 247684.573790,
        "bw_dev" : 5413.749333,
        "bw_samples" : 847,
        "iops_min" : 41222,
        "iops_max" : 71284,
        "iops_mean" : 61921.068477,
        "iops_stddev" : 1353.444702,
        "iops_samples" : 847
      },
      "trim" : {
        "io_bytes" : 0,
        "io_kbytes" : 0,
        "bw_bytes" : 0,
        "bw" : 0,
        "iops" : 0.000000,
        "runtime" : 0,
        "total_ios" : 0,
        "short_ios" : 0,
        "drop_ios" : 0,
        "slat_ns" : {
          "min" : 0,
          "max" : 0,
          "mean" : 0.000000,
          "stddev" : 0.000000,
          "N" : 0
        },
        "clat_ns" : {
          "min" : 0,
          "max" : 0,
          "mean" : 0.000000,
          "stddev" : 0.000000,
          "N" : 0
        },
        "lat_ns" : {
          "min" : 0,
          "max" : 0,
          "mean" : 0.000000,
          "stddev" : 0.000000,
          "N" : 0
        },
        "bw_min" : 0,
        "bw_max" : 0,
        "bw_agg" : 0.000000,
        "bw_mean" : 0.000000,
        "bw_dev" : 0.000000,
        "bw_samples" : 0,
        "iops_min" : 0,
        "iops_max" : 0,
        "iops_mean" : 0.000000,
        "iops_stddev" : 0.000000,
        "iops_samples" : 0
      },
      "sync" : {
        "total_ios" : 0,
        "lat_ns" : {
          "min" : 0,
          "max" : 0,
          "mean" : 0.000000,
          "stddev" : 0.000000,
          "N" : 0
        }
      },
      "job_runtime" : 423645,
      "usr_cpu" : 8.499805,
      "sys_cpu" : 22.543403,
      "ctx" : 36269559,
      "majf" : 0,
      "minf" : 30,
      "iodepth_level" : {
        "1" : 0.100000,
        "2" : 0.100000,
        "4" : 0.100000,
        "8" : 0.100000,
        "16" : 99.994957,
        "32" : 0.000000,
        ">=64" : 0.000000
      },
      "iodepth_submit" : {
        "0" : 0.000000,
        "4" : 100.000000,
        "8" : 0.000000,
        "16" : 0.000000,
        "32" : 0.000000,
        "64" : 0.000000,
        ">=64" : 0.000000
      },
      "iodepth_complete" : {
        "0" : 0.000000,
        "4" : 99.999996,
        "8" : 0.000000,
        "16" : 0.100000,
        "32" : 0.000000,
        "64" : 0.000000,
        ">=64" : 0.000000
      },
      "latency_ns" : {
        "2" : 0.000000,
        "4" : 0.000000,
        "10" : 0.000000,
        "20" : 0.000000,
        "50" : 0.000000,
        "100" : 0.000000,
        "250" : 0.000000,
        "500" : 0.000000,
        "750" : 0.000000,
        "1000" : 0.000000
      },
      "latency_us" : {
        "2" : 0.000000,
        "4" : 0.010000,
        "10" : 0.010000,
        "20" : 0.024529,
        "50" : 5.741344,
        "100" : 10.860676,
        "250" : 38.462734,
        "500" : 38.632030,
        "750" : 5.423649,
        "1000" : 0.568928
      },
      "latency_ms" : {
        "2" : 0.241711,
        "4" : 0.044125,
        "10" : 0.010000,
        "20" : 0.000000,
        "50" : 0.000000,
        "100" : 0.000000,
        "250" : 0.000000,
        "500" : 0.000000,
        "750" : 0.000000,
        "1000" : 0.000000,
        "2000" : 0.000000,
        ">=2000" : 0.000000
      },
      "latency_depth" : 16,
      "latency_target" : 0,
      "latency_percentile" : 100.000000,
      "latency_window" : 0
    }
  ],
  "disk_util" : [
    {
      "name" : "nvme2n2",
      "read_ios" : 14,
      "write_ios" : 20888488,
      "read_merges" : 0,
      "write_merges" : 5323720,
      "read_ticks" : 1,
      "write_ticks" : 4756283,
      "in_queue" : 4756284,
      "util" : 100.000000
    }
  ]
}
