{
  "fio version" : "fio-3.28-261-gc3773-dirty",
  "timestamp" : 1645916987,
  "timestamp_ms" : 1645916987785,
  "time" : "Sun Feb 27 00:09:47 2022",
  "jobs" : [
    {
      "jobname" : "nvme2n2_overwrite-seq_4K_queue-depth-1",
      "groupid" : 0,
      "error" : 0,
      "eta" : 0,
      "elapsed" : 378,
      "job options" : {
        "name" : "nvme2n2_overwrite-seq_4K_queue-depth-1",
        "filename" : "/dev/nvme2n2",
        "direct" : "1",
        "size" : "107374182400",
        "ioengine" : "libaio",
        "zonemode" : "zbd",
        "iodepth" : "1",
        "rw" : "write",
        "bs" : "4K",
        "runtime" : "10m"
      },
      "read" : {
        "io_bytes" : 0,
        "io_kbytes" : 0,
        "bw_bytes" : 0,
        "bw" : 0,
        "iops" : 0.000000,
        "runtime" : 0,
        "total_ios" : 0,
        "short_ios" : 0,
        "drop_ios" : 0,
        "slat_ns" : {
          "min" : 0,
          "max" : 0,
          "mean" : 0.000000,
          "stddev" : 0.000000,
          "N" : 0
        },
        "clat_ns" : {
          "min" : 0,
          "max" : 0,
          "mean" : 0.000000,
          "stddev" : 0.000000,
          "N" : 0
        },
        "lat_ns" : {
          "min" : 0,
          "max" : 0,
          "mean" : 0.000000,
          "stddev" : 0.000000,
          "N" : 0
        },
        "bw_min" : 0,
        "bw_max" : 0,
        "bw_agg" : 0.000000,
        "bw_mean" : 0.000000,
        "bw_dev" : 0.000000,
        "bw_samples" : 0,
        "iops_min" : 0,
        "iops_max" : 0,
        "iops_mean" : 0.000000,
        "iops_stddev" : 0.000000,
        "iops_samples" : 0
      },
      "write" : {
        "io_bytes" : 56465817600,
        "io_kbytes" : 55142400,
        "bw_bytes" : 149734604,
        "bw" : 146225,
        "iops" : 36556.299820,
        "runtime" : 377106,
        "total_ios" : 13785600,
        "short_ios" : 0,
        "drop_ios" : 0,
        "slat_ns" : {
          "min" : 4406,
          "max" : 289952,
          "mean" : 5884.888256,
          "stddev" : 589.990696,
          "N" : 13785600
        },
        "clat_ns" : {
          "min" : 544,
          "max" : 4391611,
          "mean" : 20499.299996,
          "stddev" : 20919.885988,
          "N" : 13785600,
          "percentile" : {
            "1.000000" : 15808,
            "5.000000" : 16064,
            "10.000000" : 16192,
            "20.000000" : 16512,
            "30.000000" : 17024,
            "40.000000" : 17536,
            "50.000000" : 18560,
            "60.000000" : 20096,
            "70.000000" : 20864,
            "80.000000" : 21888,
            "90.000000" : 24704,
            "95.000000" : 28800,
            "99.000000" : 38144,
            "99.500000" : 48896,
            "99.900000" : 214016,
            "99.950000" : 362496,
            "99.990000" : 978944
          }
        },
        "lat_ns" : {
          "min" : 19497,
          "max" : 4398273,
          "mean" : 26506.094581,
          "stddev" : 20956.140661,
          "N" : 13785600
        },
        "bw_min" : 107272,
        "bw_max" : 154416,
        "bw_agg" : 100.000000,
        "bw_mean" : 146351.330677,
        "bw_dev" : 12710.828369,
        "bw_samples" : 753,
        "iops_min" : 26818,
        "iops_max" : 38604,
        "iops_mean" : 36587.730412,
        "iops_stddev" : 3177.751629,
        "iops_samples" : 753
      },
      "trim" : {
        "io_bytes" : 0,
        "io_kbytes" : 0,
        "bw_bytes" : 0,
        "bw" : 0,
        "iops" : 0.000000,
        "runtime" : 0,
        "total_ios" : 0,
        "short_ios" : 0,
        "drop_ios" : 0,
        "slat_ns" : {
          "min" : 0,
          "max" : 0,
          "mean" : 0.000000,
          "stddev" : 0.000000,
          "N" : 0
        },
        "clat_ns" : {
          "min" : 0,
          "max" : 0,
          "mean" : 0.000000,
          "stddev" : 0.000000,
          "N" : 0
        },
        "lat_ns" : {
          "min" : 0,
          "max" : 0,
          "mean" : 0.000000,
          "stddev" : 0.000000,
          "N" : 0
        },
        "bw_min" : 0,
        "bw_max" : 0,
        "bw_agg" : 0.000000,
        "bw_mean" : 0.000000,
        "bw_dev" : 0.000000,
        "bw_samples" : 0,
        "iops_min" : 0,
        "iops_max" : 0,
        "iops_mean" : 0.000000,
        "iops_stddev" : 0.000000,
        "iops_samples" : 0
      },
      "sync" : {
        "total_ios" : 0,
        "lat_ns" : {
          "min" : 0,
          "max" : 0,
          "mean" : 0.000000,
          "stddev" : 0.000000,
          "N" : 0
        }
      },
      "job_runtime" : 377105,
      "usr_cpu" : 7.318916,
      "sys_cpu" : 20.254836,
      "ctx" : 27574208,
      "majf" : 0,
      "minf" : 28,
      "iodepth_level" : {
        "1" : 100.000000,
        "2" : 0.000000,
        "4" : 0.000000,
        "8" : 0.000000,
        "16" : 0.000000,
        "32" : 0.000000,
        ">=64" : 0.000000
      },
      "iodepth_submit" : {
        "0" : 0.000000,
        "4" : 100.000000,
        "8" : 0.000000,
        "16" : 0.000000,
        "32" : 0.000000,
        "64" : 0.000000,
        ">=64" : 0.000000
      },
      "iodepth_complete" : {
        "0" : 0.000000,
        "4" : 100.000000,
        "8" : 0.000000,
        "16" : 0.000000,
        "32" : 0.000000,
        "64" : 0.000000,
        ">=64" : 0.000000
      },
      "latency_ns" : {
        "2" : 0.000000,
        "4" : 0.000000,
        "10" : 0.000000,
        "20" : 0.000000,
        "50" : 0.000000,
        "100" : 0.000000,
        "250" : 0.000000,
        "500" : 0.000000,
        "750" : 0.010000,
        "1000" : 0.010000
      },
      "latency_us" : {
        "2" : 0.010000,
        "4" : 0.010000,
        "10" : 0.010000,
        "20" : 59.693071,
        "50" : 39.827175,
        "100" : 0.267700,
        "250" : 0.122918,
        "500" : 0.054049,
        "750" : 0.014624,
        "1000" : 0.010000
      },
      "latency_ms" : {
        "2" : 0.010000,
        "4" : 0.010000,
        "10" : 0.010000,
        "20" : 0.000000,
        "50" : 0.000000,
        "100" : 0.000000,
        "250" : 0.000000,
        "500" : 0.000000,
        "750" : 0.000000,
        "1000" : 0.000000,
        "2000" : 0.000000,
        ">=2000" : 0.000000
      },
      "latency_depth" : 1,
      "latency_target" : 0,
      "latency_percentile" : 100.000000,
      "latency_window" : 0
    }
  ],
  "disk_util" : [
    {
      "name" : "nvme2n2",
      "read_ios" : 5,
      "write_ios" : 13777700,
      "read_merges" : 0,
      "write_merges" : 0,
      "read_ticks" : 0,
      "write_ticks" : 310828,
      "in_queue" : 310829,
      "util" : 100.000000
    }
  ]
}
