{
  "fio version" : "fio-3.28-261-gc3773-dirty",
  "timestamp" : 1646041553,
  "timestamp_ms" : 1646041553435,
  "time" : "Mon Feb 28 10:45:53 2022",
  "jobs" : [
    {
      "jobname" : "nvme2n2_randoverwrite_4K_active-zones-2",
      "groupid" : 0,
      "error" : 0,
      "eta" : 0,
      "elapsed" : 6,
      "job options" : {
        "name" : "nvme2n2_randoverwrite_4K_active-zones-2",
        "filename" : "/dev/nvme2n2",
        "direct" : "1",
        "size" : "107374182400",
        "ioengine" : "libaio",
        "zonemode" : "zbd",
        "iodepth" : "32",
        "rw" : "randwrite",
        "bs" : "4K",
        "max_open_zones" : "2",
        "runtime" : "5s"
      },
      "read" : {
        "io_bytes" : 0,
        "io_kbytes" : 0,
        "bw_bytes" : 0,
        "bw" : 0,
        "iops" : 0.000000,
        "runtime" : 0,
        "total_ios" : 0,
        "short_ios" : 0,
        "drop_ios" : 0,
        "slat_ns" : {
          "min" : 0,
          "max" : 0,
          "mean" : 0.000000,
          "stddev" : 0.000000,
          "N" : 0
        },
        "clat_ns" : {
          "min" : 0,
          "max" : 0,
          "mean" : 0.000000,
          "stddev" : 0.000000,
          "N" : 0
        },
        "lat_ns" : {
          "min" : 0,
          "max" : 0,
          "mean" : 0.000000,
          "stddev" : 0.000000,
          "N" : 0
        },
        "bw_min" : 0,
        "bw_max" : 0,
        "bw_agg" : 0.000000,
        "bw_mean" : 0.000000,
        "bw_dev" : 0.000000,
        "bw_samples" : 0,
        "iops_min" : 0,
        "iops_max" : 0,
        "iops_mean" : 0.000000,
        "iops_stddev" : 0.000000,
        "iops_samples" : 0
      },
      "write" : {
        "io_bytes" : 4554489856,
        "io_kbytes" : 4447744,
        "bw_bytes" : 910715828,
        "bw" : 889370,
        "iops" : 222342.731454,
        "runtime" : 5001,
        "total_ios" : 1111936,
        "short_ios" : 0,
        "drop_ios" : 0,
        "slat_ns" : {
          "min" : 945,
          "max" : 292377,
          "mean" : 2394.146543,
          "stddev" : 2559.491444,
          "N" : 1111936
        },
        "clat_ns" : {
          "min" : 25068,
          "max" : 11513504,
          "mean" : 138818.302361,
          "stddev" : 140105.107859,
          "N" : 1111936,
          "percentile" : {
            "1.000000" : 81408,
            "5.000000" : 94720,
            "10.000000" : 100864,
            "20.000000" : 108032,
            "30.000000" : 114176,
            "40.000000" : 119296,
            "50.000000" : 124416,
            "60.000000" : 130560,
            "70.000000" : 136192,
            "80.000000" : 144384,
            "90.000000" : 162816,
            "95.000000" : 203776,
            "99.000000" : 497664,
            "99.500000" : 577536,
            "99.900000" : 880640,
            "99.950000" : 1712128,
            "99.990000" : 6782976
          }
        },
        "lat_ns" : {
          "min" : 30124,
          "max" : 11514812,
          "mean" : 141330.772734,
          "stddev" : 140326.313086,
          "N" : 1111936
        },
        "bw_min" : 674176,
        "bw_max" : 1014352,
        "bw_agg" : 99.145134,
        "bw_mean" : 881768.000000,
        "bw_dev" : 124173.435356,
        "bw_samples" : 9,
        "iops_min" : 168544,
        "iops_max" : 253588,
        "iops_mean" : 220441.777778,
        "iops_stddev" : 31043.129650,
        "iops_samples" : 9
      },
      "trim" : {
        "io_bytes" : 0,
        "io_kbytes" : 0,
        "bw_bytes" : 0,
        "bw" : 0,
        "iops" : 0.000000,
        "runtime" : 0,
        "total_ios" : 0,
        "short_ios" : 0,
        "drop_ios" : 0,
        "slat_ns" : {
          "min" : 0,
          "max" : 0,
          "mean" : 0.000000,
          "stddev" : 0.000000,
          "N" : 0
        },
        "clat_ns" : {
          "min" : 0,
          "max" : 0,
          "mean" : 0.000000,
          "stddev" : 0.000000,
          "N" : 0
        },
        "lat_ns" : {
          "min" : 0,
          "max" : 0,
          "mean" : 0.000000,
          "stddev" : 0.000000,
          "N" : 0
        },
        "bw_min" : 0,
        "bw_max" : 0,
        "bw_agg" : 0.000000,
        "bw_mean" : 0.000000,
        "bw_dev" : 0.000000,
        "bw_samples" : 0,
        "iops_min" : 0,
        "iops_max" : 0,
        "iops_mean" : 0.000000,
        "iops_stddev" : 0.000000,
        "iops_samples" : 0
      },
      "sync" : {
        "total_ios" : 0,
        "lat_ns" : {
          "min" : 0,
          "max" : 0,
          "mean" : 0.000000,
          "stddev" : 0.000000,
          "N" : 0
        }
      },
      "job_runtime" : 5000,
      "usr_cpu" : 23.760000,
      "sys_cpu" : 43.920000,
      "ctx" : 319163,
      "majf" : 0,
      "minf" : 13,
      "iodepth_level" : {
        "1" : 0.100000,
        "2" : 0.100000,
        "4" : 0.100000,
        "8" : 0.100000,
        "16" : 0.100000,
        "32" : 99.985970,
        ">=64" : 0.000000
      },
      "iodepth_submit" : {
        "0" : 0.000000,
        "4" : 100.000000,
        "8" : 0.000000,
        "16" : 0.000000,
        "32" : 0.000000,
        "64" : 0.000000,
        ">=64" : 0.000000
      },
      "iodepth_complete" : {
        "0" : 0.000000,
        "4" : 99.999910,
        "8" : 0.000000,
        "16" : 0.000000,
        "32" : 0.100000,
        "64" : 0.000000,
        ">=64" : 0.000000
      },
      "latency_ns" : {
        "2" : 0.000000,
        "4" : 0.000000,
        "10" : 0.000000,
        "20" : 0.000000,
        "50" : 0.000000,
        "100" : 0.000000,
        "250" : 0.000000,
        "500" : 0.000000,
        "750" : 0.000000,
        "1000" : 0.000000
      },
      "latency_us" : {
        "2" : 0.000000,
        "4" : 0.000000,
        "10" : 0.000000,
        "20" : 0.000000,
        "50" : 0.010000,
        "100" : 9.580048,
        "250" : 87.013821,
        "500" : 2.424510,
        "750" : 0.812277,
        "1000" : 0.077972
      },
      "latency_ms" : {
        "2" : 0.039031,
        "4" : 0.023832,
        "10" : 0.011511,
        "20" : 0.010000,
        "50" : 0.000000,
        "100" : 0.000000,
        "250" : 0.000000,
        "500" : 0.000000,
        "750" : 0.000000,
        "1000" : 0.000000,
        "2000" : 0.000000,
        ">=2000" : 0.000000
      },
      "latency_depth" : 32,
      "latency_target" : 0,
      "latency_percentile" : 100.000000,
      "latency_window" : 0
    }
  ],
  "disk_util" : [
    {
      "name" : "nvme2n2",
      "read_ios" : 13,
      "write_ios" : 169201,
      "read_merges" : 0,
      "write_merges" : 918141,
      "read_ticks" : 0,
      "write_ticks" : 17234,
      "in_queue" : 17235,
      "util" : 98.032919
    }
  ]
}
