{
  "fio version" : "fio-3.28-261-gc3773-dirty",
  "timestamp" : 1646042086,
  "timestamp_ms" : 1646042086568,
  "time" : "Mon Feb 28 10:54:46 2022",
  "jobs" : [
    {
      "jobname" : "nvme2n2_randoverwrite_4K_active-zones-9",
      "groupid" : 0,
      "error" : 0,
      "eta" : 0,
      "elapsed" : 6,
      "job options" : {
        "name" : "nvme2n2_randoverwrite_4K_active-zones-9",
        "filename" : "/dev/nvme2n2",
        "direct" : "1",
        "size" : "107374182400",
        "ioengine" : "libaio",
        "zonemode" : "zbd",
        "iodepth" : "32",
        "rw" : "randwrite",
        "bs" : "4K",
        "max_open_zones" : "9",
        "runtime" : "5s"
      },
      "read" : {
        "io_bytes" : 0,
        "io_kbytes" : 0,
        "bw_bytes" : 0,
        "bw" : 0,
        "iops" : 0.000000,
        "runtime" : 0,
        "total_ios" : 0,
        "short_ios" : 0,
        "drop_ios" : 0,
        "slat_ns" : {
          "min" : 0,
          "max" : 0,
          "mean" : 0.000000,
          "stddev" : 0.000000,
          "N" : 0
        },
        "clat_ns" : {
          "min" : 0,
          "max" : 0,
          "mean" : 0.000000,
          "stddev" : 0.000000,
          "N" : 0
        },
        "lat_ns" : {
          "min" : 0,
          "max" : 0,
          "mean" : 0.000000,
          "stddev" : 0.000000,
          "N" : 0
        },
        "bw_min" : 0,
        "bw_max" : 0,
        "bw_agg" : 0.000000,
        "bw_mean" : 0.000000,
        "bw_dev" : 0.000000,
        "bw_samples" : 0,
        "iops_min" : 0,
        "iops_max" : 0,
        "iops_mean" : 0.000000,
        "iops_stddev" : 0.000000,
        "iops_samples" : 0
      },
      "write" : {
        "io_bytes" : 1864302592,
        "io_kbytes" : 1820608,
        "bw_bytes" : 372785961,
        "bw" : 364048,
        "iops" : 91012.197560,
        "runtime" : 5001,
        "total_ios" : 455152,
        "short_ios" : 0,
        "drop_ios" : 0,
        "slat_ns" : {
          "min" : 1165,
          "max" : 450122,
          "mean" : 4119.755640,
          "stddev" : 3331.741026,
          "N" : 455152
        },
        "clat_ns" : {
          "min" : 13559,
          "max" : 2887658,
          "mean" : 340288.927987,
          "stddev" : 220104.337888,
          "N" : 455152,
          "percentile" : {
            "1.000000" : 34048,
            "5.000000" : 61696,
            "10.000000" : 93696,
            "20.000000" : 148480,
            "30.000000" : 197632,
            "40.000000" : 244736,
            "50.000000" : 296960,
            "60.000000" : 358400,
            "70.000000" : 432128,
            "80.000000" : 518144,
            "90.000000" : 634880,
            "95.000000" : 741376,
            "99.000000" : 962560,
            "99.500000" : 1056768,
            "99.900000" : 1515520,
            "99.950000" : 1957888,
            "99.990000" : 2473984
          }
        },
        "lat_ns" : {
          "min" : 23304,
          "max" : 2892541,
          "mean" : 344529.460215,
          "stddev" : 219744.867893,
          "N" : 455152
        },
        "bw_min" : 312456,
        "bw_max" : 380096,
        "bw_agg" : 100.000000,
        "bw_mean" : 364106.666667,
        "bw_dev" : 21311.372739,
        "bw_samples" : 9,
        "iops_min" : 78114,
        "iops_max" : 95024,
        "iops_mean" : 91026.666667,
        "iops_stddev" : 5327.843185,
        "iops_samples" : 9
      },
      "trim" : {
        "io_bytes" : 0,
        "io_kbytes" : 0,
        "bw_bytes" : 0,
        "bw" : 0,
        "iops" : 0.000000,
        "runtime" : 0,
        "total_ios" : 0,
        "short_ios" : 0,
        "drop_ios" : 0,
        "slat_ns" : {
          "min" : 0,
          "max" : 0,
          "mean" : 0.000000,
          "stddev" : 0.000000,
          "N" : 0
        },
        "clat_ns" : {
          "min" : 0,
          "max" : 0,
          "mean" : 0.000000,
          "stddev" : 0.000000,
          "N" : 0
        },
        "lat_ns" : {
          "min" : 0,
          "max" : 0,
          "mean" : 0.000000,
          "stddev" : 0.000000,
          "N" : 0
        },
        "bw_min" : 0,
        "bw_max" : 0,
        "bw_agg" : 0.000000,
        "bw_mean" : 0.000000,
        "bw_dev" : 0.000000,
        "bw_samples" : 0,
        "iops_min" : 0,
        "iops_max" : 0,
        "iops_mean" : 0.000000,
        "iops_stddev" : 0.000000,
        "iops_samples" : 0
      },
      "sync" : {
        "total_ios" : 0,
        "lat_ns" : {
          "min" : 0,
          "max" : 0,
          "mean" : 0.000000,
          "stddev" : 0.000000,
          "N" : 0
        }
      },
      "job_runtime" : 5000,
      "usr_cpu" : 11.120000,
      "sys_cpu" : 26.100000,
      "ctx" : 399160,
      "majf" : 0,
      "minf" : 11,
      "iodepth_level" : {
        "1" : 0.100000,
        "2" : 0.100000,
        "4" : 0.100000,
        "8" : 0.100000,
        "16" : 0.100000,
        "32" : 99.990772,
        ">=64" : 0.000000
      },
      "iodepth_submit" : {
        "0" : 0.000000,
        "4" : 100.000000,
        "8" : 0.000000,
        "16" : 0.000000,
        "32" : 0.000000,
        "64" : 0.000000,
        ">=64" : 0.000000
      },
      "iodepth_complete" : {
        "0" : 0.000000,
        "4" : 99.999780,
        "8" : 0.000000,
        "16" : 0.000000,
        "32" : 0.100000,
        "64" : 0.000000,
        ">=64" : 0.000000
      },
      "latency_ns" : {
        "2" : 0.000000,
        "4" : 0.000000,
        "10" : 0.000000,
        "20" : 0.000000,
        "50" : 0.000000,
        "100" : 0.000000,
        "250" : 0.000000,
        "500" : 0.000000,
        "750" : 0.000000,
        "1000" : 0.000000
      },
      "latency_us" : {
        "2" : 0.000000,
        "4" : 0.000000,
        "10" : 0.000000,
        "20" : 0.012743,
        "50" : 3.200250,
        "100" : 7.919332,
        "250" : 29.737758,
        "500" : 37.093762,
        "750" : 17.349589,
        "1000" : 3.914077
      },
      "latency_ms" : {
        "2" : 0.725692,
        "4" : 0.046798,
        "10" : 0.000000,
        "20" : 0.000000,
        "50" : 0.000000,
        "100" : 0.000000,
        "250" : 0.000000,
        "500" : 0.000000,
        "750" : 0.000000,
        "1000" : 0.000000,
        "2000" : 0.000000,
        ">=2000" : 0.000000
      },
      "latency_depth" : 32,
      "latency_target" : 0,
      "latency_percentile" : 100.000000,
      "latency_window" : 0
    }
  ],
  "disk_util" : [
    {
      "name" : "nvme2n2",
      "read_ios" : 0,
      "write_ios" : 226937,
      "read_merges" : 0,
      "write_merges" : 217077,
      "read_ticks" : 0,
      "write_ticks" : 57318,
      "in_queue" : 57319,
      "util" : 98.032919
    }
  ]
}
