{
  "fio version" : "fio-3.28-261-gc3773-dirty",
  "timestamp" : 1646042005,
  "timestamp_ms" : 1646042005603,
  "time" : "Mon Feb 28 10:53:25 2022",
  "jobs" : [
    {
      "jobname" : "nvme2n2_randoverwrite_4K_active-zones-8",
      "groupid" : 0,
      "error" : 0,
      "eta" : 0,
      "elapsed" : 6,
      "job options" : {
        "name" : "nvme2n2_randoverwrite_4K_active-zones-8",
        "filename" : "/dev/nvme2n2",
        "direct" : "1",
        "size" : "107374182400",
        "ioengine" : "libaio",
        "zonemode" : "zbd",
        "iodepth" : "32",
        "rw" : "randwrite",
        "bs" : "4K",
        "max_open_zones" : "8",
        "runtime" : "5s"
      },
      "read" : {
        "io_bytes" : 0,
        "io_kbytes" : 0,
        "bw_bytes" : 0,
        "bw" : 0,
        "iops" : 0.000000,
        "runtime" : 0,
        "total_ios" : 0,
        "short_ios" : 0,
        "drop_ios" : 0,
        "slat_ns" : {
          "min" : 0,
          "max" : 0,
          "mean" : 0.000000,
          "stddev" : 0.000000,
          "N" : 0
        },
        "clat_ns" : {
          "min" : 0,
          "max" : 0,
          "mean" : 0.000000,
          "stddev" : 0.000000,
          "N" : 0
        },
        "lat_ns" : {
          "min" : 0,
          "max" : 0,
          "mean" : 0.000000,
          "stddev" : 0.000000,
          "N" : 0
        },
        "bw_min" : 0,
        "bw_max" : 0,
        "bw_agg" : 0.000000,
        "bw_mean" : 0.000000,
        "bw_dev" : 0.000000,
        "bw_samples" : 0,
        "iops_min" : 0,
        "iops_max" : 0,
        "iops_mean" : 0.000000,
        "iops_stddev" : 0.000000,
        "iops_samples" : 0
      },
      "write" : {
        "io_bytes" : 1983086592,
        "io_kbytes" : 1936608,
        "bw_bytes" : 396538010,
        "bw" : 387244,
        "iops" : 96811.037792,
        "runtime" : 5001,
        "total_ios" : 484152,
        "short_ios" : 0,
        "drop_ios" : 0,
        "slat_ns" : {
          "min" : 975,
          "max" : 172998,
          "mean" : 3975.975086,
          "stddev" : 3275.657144,
          "N" : 484152
        },
        "clat_ns" : {
          "min" : 13387,
          "max" : 3020393,
          "mean" : 320235.141914,
          "stddev" : 197334.696597,
          "N" : 484152,
          "percentile" : {
            "1.000000" : 35072,
            "5.000000" : 64256,
            "10.000000" : 93696,
            "20.000000" : 144384,
            "30.000000" : 189440,
            "40.000000" : 236544,
            "50.000000" : 284672,
            "60.000000" : 342016,
            "70.000000" : 407552,
            "80.000000" : 489472,
            "90.000000" : 585728,
            "95.000000" : 675840,
            "99.000000" : 864256,
            "99.500000" : 946176,
            "99.900000" : 1220608,
            "99.950000" : 1531904,
            "99.990000" : 2211840
          }
        },
        "lat_ns" : {
          "min" : 22347,
          "max" : 3024628,
          "mean" : 324327.467659,
          "stddev" : 197122.914382,
          "N" : 484152
        },
        "bw_min" : 340904,
        "bw_max" : 407000,
        "bw_agg" : 100.000000,
        "bw_mean" : 388950.222222,
        "bw_dev" : 20704.343033,
        "bw_samples" : 9,
        "iops_min" : 85228,
        "iops_max" : 101750,
        "iops_mean" : 97237.777778,
        "iops_stddev" : 5175.505622,
        "iops_samples" : 9
      },
      "trim" : {
        "io_bytes" : 0,
        "io_kbytes" : 0,
        "bw_bytes" : 0,
        "bw" : 0,
        "iops" : 0.000000,
        "runtime" : 0,
        "total_ios" : 0,
        "short_ios" : 0,
        "drop_ios" : 0,
        "slat_ns" : {
          "min" : 0,
          "max" : 0,
          "mean" : 0.000000,
          "stddev" : 0.000000,
          "N" : 0
        },
        "clat_ns" : {
          "min" : 0,
          "max" : 0,
          "mean" : 0.000000,
          "stddev" : 0.000000,
          "N" : 0
        },
        "lat_ns" : {
          "min" : 0,
          "max" : 0,
          "mean" : 0.000000,
          "stddev" : 0.000000,
          "N" : 0
        },
        "bw_min" : 0,
        "bw_max" : 0,
        "bw_agg" : 0.000000,
        "bw_mean" : 0.000000,
        "bw_dev" : 0.000000,
        "bw_samples" : 0,
        "iops_min" : 0,
        "iops_max" : 0,
        "iops_mean" : 0.000000,
        "iops_stddev" : 0.000000,
        "iops_samples" : 0
      },
      "sync" : {
        "total_ios" : 0,
        "lat_ns" : {
          "min" : 0,
          "max" : 0,
          "mean" : 0.000000,
          "stddev" : 0.000000,
          "N" : 0
        }
      },
      "job_runtime" : 5000,
      "usr_cpu" : 11.320000,
      "sys_cpu" : 28.380000,
      "ctx" : 397383,
      "majf" : 0,
      "minf" : 14,
      "iodepth_level" : {
        "1" : 0.100000,
        "2" : 0.100000,
        "4" : 0.100000,
        "8" : 0.100000,
        "16" : 0.100000,
        "32" : 99.991945,
        ">=64" : 0.000000
      },
      "iodepth_submit" : {
        "0" : 0.000000,
        "4" : 100.000000,
        "8" : 0.000000,
        "16" : 0.000000,
        "32" : 0.000000,
        "64" : 0.000000,
        ">=64" : 0.000000
      },
      "iodepth_complete" : {
        "0" : 0.000000,
        "4" : 99.999793,
        "8" : 0.000000,
        "16" : 0.000000,
        "32" : 0.100000,
        "64" : 0.000000,
        ">=64" : 0.000000
      },
      "latency_ns" : {
        "2" : 0.000000,
        "4" : 0.000000,
        "10" : 0.000000,
        "20" : 0.000000,
        "50" : 0.000000,
        "100" : 0.000000,
        "250" : 0.000000,
        "500" : 0.000000,
        "750" : 0.000000,
        "1000" : 0.000000
      },
      "latency_us" : {
        "2" : 0.000000,
        "4" : 0.000000,
        "10" : 0.000000,
        "20" : 0.011567,
        "50" : 2.907145,
        "100" : 8.219113,
        "250" : 31.929435,
        "500" : 38.275996,
        "750" : 15.988161,
        "1000" : 2.336869
      },
      "latency_ms" : {
        "2" : 0.317256,
        "4" : 0.014458,
        "10" : 0.000000,
        "20" : 0.000000,
        "50" : 0.000000,
        "100" : 0.000000,
        "250" : 0.000000,
        "500" : 0.000000,
        "750" : 0.000000,
        "1000" : 0.000000,
        "2000" : 0.000000,
        ">=2000" : 0.000000
      },
      "latency_depth" : 32,
      "latency_target" : 0,
      "latency_percentile" : 100.000000,
      "latency_window" : 0
    }
  ],
  "disk_util" : [
    {
      "name" : "nvme2n2",
      "read_ios" : 14,
      "write_ios" : 226086,
      "read_merges" : 0,
      "write_merges" : 247344,
      "read_ticks" : 1,
      "write_ticks" : 53067,
      "in_queue" : 53067,
      "util" : 98.132905
    }
  ]
}
