{
  "fio version" : "fio-3.28-261-gc3773-dirty",
  "timestamp" : 1646041480,
  "timestamp_ms" : 1646041480704,
  "time" : "Mon Feb 28 10:44:40 2022",
  "jobs" : [
    {
      "jobname" : "nvme2n2_randoverwrite_4K_active-zones-1",
      "groupid" : 0,
      "error" : 0,
      "eta" : 0,
      "elapsed" : 6,
      "job options" : {
        "name" : "nvme2n2_randoverwrite_4K_active-zones-1",
        "filename" : "/dev/nvme2n2",
        "direct" : "1",
        "size" : "107374182400",
        "ioengine" : "libaio",
        "zonemode" : "zbd",
        "iodepth" : "32",
        "rw" : "randwrite",
        "bs" : "4K",
        "max_open_zones" : "1",
        "runtime" : "5s"
      },
      "read" : {
        "io_bytes" : 0,
        "io_kbytes" : 0,
        "bw_bytes" : 0,
        "bw" : 0,
        "iops" : 0.000000,
        "runtime" : 0,
        "total_ios" : 0,
        "short_ios" : 0,
        "drop_ios" : 0,
        "slat_ns" : {
          "min" : 0,
          "max" : 0,
          "mean" : 0.000000,
          "stddev" : 0.000000,
          "N" : 0
        },
        "clat_ns" : {
          "min" : 0,
          "max" : 0,
          "mean" : 0.000000,
          "stddev" : 0.000000,
          "N" : 0
        },
        "lat_ns" : {
          "min" : 0,
          "max" : 0,
          "mean" : 0.000000,
          "stddev" : 0.000000,
          "N" : 0
        },
        "bw_min" : 0,
        "bw_max" : 0,
        "bw_agg" : 0.000000,
        "bw_mean" : 0.000000,
        "bw_dev" : 0.000000,
        "bw_samples" : 0,
        "iops_min" : 0,
        "iops_max" : 0,
        "iops_mean" : 0.000000,
        "iops_stddev" : 0.000000,
        "iops_samples" : 0
      },
      "write" : {
        "io_bytes" : 4649746432,
        "io_kbytes" : 4540768,
        "bw_bytes" : 929763333,
        "bw" : 907972,
        "iops" : 226993.001400,
        "runtime" : 5001,
        "total_ios" : 1135192,
        "short_ios" : 0,
        "drop_ios" : 0,
        "slat_ns" : {
          "min" : 1105,
          "max" : 188573,
          "mean" : 1593.132480,
          "stddev" : 1229.752161,
          "N" : 1135192
        },
        "clat_ns" : {
          "min" : 68741,
          "max" : 7363704,
          "mean" : 137186.491040,
          "stddev" : 134256.286774,
          "N" : 1135192,
          "percentile" : {
            "1.000000" : 96768,
            "5.000000" : 100864,
            "10.000000" : 101888,
            "20.000000" : 102912,
            "30.000000" : 104960,
            "40.000000" : 105984,
            "50.000000" : 107008,
            "60.000000" : 109056,
            "70.000000" : 112128,
            "80.000000" : 119296,
            "90.000000" : 181248,
            "95.000000" : 264192,
            "99.000000" : 659456,
            "99.500000" : 823296,
            "99.900000" : 1859584,
            "99.950000" : 2146304,
            "99.990000" : 2637824
          }
        },
        "lat_ns" : {
          "min" : 70073,
          "max" : 7366894,
          "mean" : 138865.066144,
          "stddev" : 134308.858133,
          "N" : 1135192
        },
        "bw_min" : 784568,
        "bw_max" : 1075072,
        "bw_agg" : 100.000000,
        "bw_mean" : 919267.555556,
        "bw_dev" : 123274.690743,
        "bw_samples" : 9,
        "iops_min" : 196144,
        "iops_max" : 268768,
        "iops_mean" : 229817.333333,
        "iops_stddev" : 30818.662333,
        "iops_samples" : 9
      },
      "trim" : {
        "io_bytes" : 0,
        "io_kbytes" : 0,
        "bw_bytes" : 0,
        "bw" : 0,
        "iops" : 0.000000,
        "runtime" : 0,
        "total_ios" : 0,
        "short_ios" : 0,
        "drop_ios" : 0,
        "slat_ns" : {
          "min" : 0,
          "max" : 0,
          "mean" : 0.000000,
          "stddev" : 0.000000,
          "N" : 0
        },
        "clat_ns" : {
          "min" : 0,
          "max" : 0,
          "mean" : 0.000000,
          "stddev" : 0.000000,
          "N" : 0
        },
        "lat_ns" : {
          "min" : 0,
          "max" : 0,
          "mean" : 0.000000,
          "stddev" : 0.000000,
          "N" : 0
        },
        "bw_min" : 0,
        "bw_max" : 0,
        "bw_agg" : 0.000000,
        "bw_mean" : 0.000000,
        "bw_dev" : 0.000000,
        "bw_samples" : 0,
        "iops_min" : 0,
        "iops_max" : 0,
        "iops_mean" : 0.000000,
        "iops_stddev" : 0.000000,
        "iops_samples" : 0
      },
      "sync" : {
        "total_ios" : 0,
        "lat_ns" : {
          "min" : 0,
          "max" : 0,
          "mean" : 0.000000,
          "stddev" : 0.000000,
          "N" : 0
        }
      },
      "job_runtime" : 5000,
      "usr_cpu" : 24.240000,
      "sys_cpu" : 33.540000,
      "ctx" : 146565,
      "majf" : 0,
      "minf" : 12,
      "iodepth_level" : {
        "1" : 0.100000,
        "2" : 0.100000,
        "4" : 0.100000,
        "8" : 0.100000,
        "16" : 0.100000,
        "32" : 99.986346,
        ">=64" : 0.000000
      },
      "iodepth_submit" : {
        "0" : 0.000000,
        "4" : 100.000000,
        "8" : 0.000000,
        "16" : 0.000000,
        "32" : 0.000000,
        "64" : 0.000000,
        ">=64" : 0.000000
      },
      "iodepth_complete" : {
        "0" : 0.000000,
        "4" : 99.999912,
        "8" : 0.000000,
        "16" : 0.000000,
        "32" : 0.100000,
        "64" : 0.000000,
        ">=64" : 0.000000
      },
      "latency_ns" : {
        "2" : 0.000000,
        "4" : 0.000000,
        "10" : 0.000000,
        "20" : 0.000000,
        "50" : 0.000000,
        "100" : 0.000000,
        "250" : 0.000000,
        "500" : 0.000000,
        "750" : 0.000000,
        "1000" : 0.000000
      },
      "latency_us" : {
        "2" : 0.000000,
        "4" : 0.000000,
        "10" : 0.000000,
        "20" : 0.000000,
        "50" : 0.000000,
        "100" : 3.588908,
        "250" : 90.911405,
        "500" : 3.629430,
        "750" : 1.173898,
        "1000" : 0.356151
      },
      "latency_ms" : {
        "2" : 0.258106,
        "4" : 0.073644,
        "10" : 0.010000,
        "20" : 0.000000,
        "50" : 0.000000,
        "100" : 0.000000,
        "250" : 0.000000,
        "500" : 0.000000,
        "750" : 0.000000,
        "1000" : 0.000000,
        "2000" : 0.000000,
        ">=2000" : 0.000000
      },
      "latency_depth" : 32,
      "latency_target" : 0,
      "latency_percentile" : 100.000000,
      "latency_window" : 0
    }
  ],
  "disk_util" : [
    {
      "name" : "nvme2n2",
      "read_ios" : 7,
      "write_ios" : 71136,
      "read_merges" : 0,
      "write_merges" : 1032313,
      "read_ticks" : 1,
      "write_ticks" : 9147,
      "in_queue" : 9147,
      "util" : 98.052600
    }
  ]
}
