{
  "fio version" : "fio-3.28-261-gc3773-dirty",
  "timestamp" : 1646041704,
  "timestamp_ms" : 1646041704839,
  "time" : "Mon Feb 28 10:48:24 2022",
  "jobs" : [
    {
      "jobname" : "nvme2n2_randwrite_4K_active-zones-5",
      "groupid" : 0,
      "error" : 0,
      "eta" : 0,
      "elapsed" : 6,
      "job options" : {
        "name" : "nvme2n2_randwrite_4K_active-zones-5",
        "filename" : "/dev/nvme2n2",
        "direct" : "1",
        "size" : "107374182400",
        "ioengine" : "libaio",
        "zonemode" : "zbd",
        "iodepth" : "32",
        "rw" : "randwrite",
        "bs" : "4K",
        "max_open_zones" : "5",
        "runtime" : "5s"
      },
      "read" : {
        "io_bytes" : 0,
        "io_kbytes" : 0,
        "bw_bytes" : 0,
        "bw" : 0,
        "iops" : 0.000000,
        "runtime" : 0,
        "total_ios" : 0,
        "short_ios" : 0,
        "drop_ios" : 0,
        "slat_ns" : {
          "min" : 0,
          "max" : 0,
          "mean" : 0.000000,
          "stddev" : 0.000000,
          "N" : 0
        },
        "clat_ns" : {
          "min" : 0,
          "max" : 0,
          "mean" : 0.000000,
          "stddev" : 0.000000,
          "N" : 0
        },
        "lat_ns" : {
          "min" : 0,
          "max" : 0,
          "mean" : 0.000000,
          "stddev" : 0.000000,
          "N" : 0
        },
        "bw_min" : 0,
        "bw_max" : 0,
        "bw_agg" : 0.000000,
        "bw_mean" : 0.000000,
        "bw_dev" : 0.000000,
        "bw_samples" : 0,
        "iops_min" : 0,
        "iops_max" : 0,
        "iops_mean" : 0.000000,
        "iops_stddev" : 0.000000,
        "iops_samples" : 0
      },
      "write" : {
        "io_bytes" : 2802376704,
        "io_kbytes" : 2736696,
        "bw_bytes" : 560363268,
        "bw" : 547229,
        "iops" : 136807.438512,
        "runtime" : 5001,
        "total_ios" : 684174,
        "short_ios" : 0,
        "drop_ios" : 0,
        "slat_ns" : {
          "min" : 930,
          "max" : 402228,
          "mean" : 3126.034770,
          "stddev" : 2756.678935,
          "N" : 684174
        },
        "clat_ns" : {
          "min" : 16659,
          "max" : 2491511,
          "mean" : 229788.084937,
          "stddev" : 114663.378378,
          "N" : 684174,
          "percentile" : {
            "1.000000" : 48384,
            "5.000000" : 81408,
            "10.000000" : 103936,
            "20.000000" : 136192,
            "30.000000" : 160768,
            "40.000000" : 187392,
            "50.000000" : 211968,
            "60.000000" : 240640,
            "70.000000" : 272384,
            "80.000000" : 313344,
            "90.000000" : 374784,
            "95.000000" : 432128,
            "99.000000" : 561152,
            "99.500000" : 610304,
            "99.900000" : 888832,
            "99.950000" : 1236992,
            "99.990000" : 1859584
          }
        },
        "lat_ns" : {
          "min" : 21602,
          "max" : 2493328,
          "mean" : 233028.938722,
          "stddev" : 114666.565798,
          "N" : 684174
        },
        "bw_min" : 527496,
        "bw_max" : 559192,
        "bw_agg" : 99.982319,
        "bw_mean" : 547133.333333,
        "bw_dev" : 9383.831201,
        "bw_samples" : 9,
        "iops_min" : 131874,
        "iops_max" : 139798,
        "iops_mean" : 136783.555556,
        "iops_stddev" : 2345.940489,
        "iops_samples" : 9
      },
      "trim" : {
        "io_bytes" : 0,
        "io_kbytes" : 0,
        "bw_bytes" : 0,
        "bw" : 0,
        "iops" : 0.000000,
        "runtime" : 0,
        "total_ios" : 0,
        "short_ios" : 0,
        "drop_ios" : 0,
        "slat_ns" : {
          "min" : 0,
          "max" : 0,
          "mean" : 0.000000,
          "stddev" : 0.000000,
          "N" : 0
        },
        "clat_ns" : {
          "min" : 0,
          "max" : 0,
          "mean" : 0.000000,
          "stddev" : 0.000000,
          "N" : 0
        },
        "lat_ns" : {
          "min" : 0,
          "max" : 0,
          "mean" : 0.000000,
          "stddev" : 0.000000,
          "N" : 0
        },
        "bw_min" : 0,
        "bw_max" : 0,
        "bw_agg" : 0.000000,
        "bw_mean" : 0.000000,
        "bw_dev" : 0.000000,
        "bw_samples" : 0,
        "iops_min" : 0,
        "iops_max" : 0,
        "iops_mean" : 0.000000,
        "iops_stddev" : 0.000000,
        "iops_samples" : 0
      },
      "sync" : {
        "total_ios" : 0,
        "lat_ns" : {
          "min" : 0,
          "max" : 0,
          "mean" : 0.000000,
          "stddev" : 0.000000,
          "N" : 0
        }
      },
      "job_runtime" : 5000,
      "usr_cpu" : 15.640000,
      "sys_cpu" : 32.820000,
      "ctx" : 393820,
      "majf" : 0,
      "minf" : 882,
      "iodepth_level" : {
        "1" : 0.100000,
        "2" : 0.100000,
        "4" : 0.100000,
        "8" : 0.100000,
        "16" : 0.100000,
        "32" : 99.995469,
        ">=64" : 0.000000
      },
      "iodepth_submit" : {
        "0" : 0.000000,
        "4" : 100.000000,
        "8" : 0.000000,
        "16" : 0.000000,
        "32" : 0.000000,
        "64" : 0.000000,
        ">=64" : 0.000000
      },
      "iodepth_complete" : {
        "0" : 0.000000,
        "4" : 99.999854,
        "8" : 0.000000,
        "16" : 0.000000,
        "32" : 0.100000,
        "64" : 0.000000,
        ">=64" : 0.000000
      },
      "latency_ns" : {
        "2" : 0.000000,
        "4" : 0.000000,
        "10" : 0.000000,
        "20" : 0.000000,
        "50" : 0.000000,
        "100" : 0.000000,
        "250" : 0.000000,
        "500" : 0.000000,
        "750" : 0.000000,
        "1000" : 0.000000
      },
      "latency_us" : {
        "2" : 0.000000,
        "4" : 0.000000,
        "10" : 0.000000,
        "20" : 0.010000,
        "50" : 1.103813,
        "100" : 7.835726,
        "250" : 54.091211,
        "500" : 34.655512,
        "750" : 2.152376,
        "1000" : 0.072789
      },
      "latency_ms" : {
        "2" : 0.076735,
        "4" : 0.010000,
        "10" : 0.000000,
        "20" : 0.000000,
        "50" : 0.000000,
        "100" : 0.000000,
        "250" : 0.000000,
        "500" : 0.000000,
        "750" : 0.000000,
        "1000" : 0.000000,
        "2000" : 0.000000,
        ">=2000" : 0.000000
      },
      "latency_depth" : 32,
      "latency_target" : 0,
      "latency_percentile" : 100.000000,
      "latency_window" : 0
    }
  ],
  "disk_util" : [
    {
      "name" : "nvme2n2",
      "read_ios" : 0,
      "write_ios" : 222032,
      "read_merges" : 0,
      "write_merges" : 445608,
      "read_ticks" : 0,
      "write_ticks" : 39746,
      "in_queue" : 39746,
      "util" : 98.032919
    }
  ]
}
