{
  "fio version" : "fio-3.28-261-gc3773-dirty",
  "timestamp" : 1648310439,
  "timestamp_ms" : 1648310439214,
  "time" : "Sat Mar 26 17:00:39 2022",
  "jobs" : [
    {
      "jobname" : "nvme2n2_none_4Ki_nummjobs-10",
      "groupid" : 0,
      "error" : 0,
      "eta" : 0,
      "elapsed" : 41,
      "job options" : {
        "name" : "nvme2n2_none_4Ki_nummjobs-10",
        "filename" : "/dev/nvme2n2",
        "direct" : "1",
        "size" : "3z",
        "offset_increment" : "3z",
        "ioengine" : "psync",
        "zonemode" : "zbd",
        "rw" : "write",
        "bs" : "4Ki",
        "runtime" : "30s",
        "numa_cpu_nodes" : "1",
        "ramp_time" : "10s",
        "numjobs" : "10",
        "percentile_list" : "50:95:99:99.9:99.99:99.999:99.9999:99.99999:100"
      },
      "read" : {
        "io_bytes" : 0,
        "io_kbytes" : 0,
        "bw_bytes" : 0,
        "bw" : 0,
        "iops" : 0.000000,
        "runtime" : 0,
        "total_ios" : 0,
        "short_ios" : 0,
        "drop_ios" : 0,
        "slat_ns" : {
          "min" : 0,
          "max" : 0,
          "mean" : 0.000000,
          "stddev" : 0.000000,
          "N" : 0
        },
        "clat_ns" : {
          "min" : 0,
          "max" : 0,
          "mean" : 0.000000,
          "stddev" : 0.000000,
          "N" : 0
        },
        "lat_ns" : {
          "min" : 0,
          "max" : 0,
          "mean" : 0.000000,
          "stddev" : 0.000000,
          "N" : 0
        },
        "bw_min" : 0,
        "bw_max" : 0,
        "bw_agg" : 0.000000,
        "bw_mean" : 0.000000,
        "bw_dev" : 0.000000,
        "bw_samples" : 0,
        "iops_min" : 0,
        "iops_max" : 0,
        "iops_mean" : 0.000000,
        "iops_stddev" : 0.000000,
        "iops_samples" : 0
      },
      "write" : {
        "io_bytes" : 6145069056,
        "io_kbytes" : 6001044,
        "bw_bytes" : 204828807,
        "bw" : 200028,
        "iops" : 50007.033099,
        "runtime" : 30001,
        "total_ios" : 1500261,
        "short_ios" : 0,
        "drop_ios" : 0,
        "slat_ns" : {
          "min" : 0,
          "max" : 0,
          "mean" : 0.000000,
          "stddev" : 0.000000,
          "N" : 0
        },
        "clat_ns" : {
          "min" : 16934,
          "max" : 3266239,
          "mean" : 199234.037516,
          "stddev" : 120005.746319,
          "N" : 1500261,
          "percentile" : {
            "50.000000" : 193536,
            "95.000000" : 382976,
            "99.000000" : 456704,
            "99.900000" : 897024,
            "99.990000" : 2277376,
            "99.999000" : 2768896,
            "99.999900" : 3227648,
            "99.999990" : 3260416,
            "100.000000" : 3260416
          }
        },
        "lat_ns" : {
          "min" : 17012,
          "max" : 3266439,
          "mean" : 199332.630140,
          "stddev" : 120004.644985,
          "N" : 1500261
        },
        "bw_min" : 193888,
        "bw_max" : 206545,
        "bw_agg" : 100.000000,
        "bw_mean" : 200077.283333,
        "bw_dev" : 249.372488,
        "bw_samples" : 600,
        "iops_min" : 48472,
        "iops_max" : 51636,
        "iops_mean" : 50018.850000,
        "iops_stddev" : 62.378662,
        "iops_samples" : 600
      },
      "trim" : {
        "io_bytes" : 0,
        "io_kbytes" : 0,
        "bw_bytes" : 0,
        "bw" : 0,
        "iops" : 0.000000,
        "runtime" : 0,
        "total_ios" : 0,
        "short_ios" : 0,
        "drop_ios" : 0,
        "slat_ns" : {
          "min" : 0,
          "max" : 0,
          "mean" : 0.000000,
          "stddev" : 0.000000,
          "N" : 0
        },
        "clat_ns" : {
          "min" : 0,
          "max" : 0,
          "mean" : 0.000000,
          "stddev" : 0.000000,
          "N" : 0
        },
        "lat_ns" : {
          "min" : 0,
          "max" : 0,
          "mean" : 0.000000,
          "stddev" : 0.000000,
          "N" : 0
        },
        "bw_min" : 0,
        "bw_max" : 0,
        "bw_agg" : 0.000000,
        "bw_mean" : 0.000000,
        "bw_dev" : 0.000000,
        "bw_samples" : 0,
        "iops_min" : 0,
        "iops_max" : 0,
        "iops_mean" : 0.000000,
        "iops_stddev" : 0.000000,
        "iops_samples" : 0
      },
      "sync" : {
        "total_ios" : 0,
        "lat_ns" : {
          "min" : 0,
          "max" : 0,
          "mean" : 0.000000,
          "stddev" : 0.000000,
          "N" : 0
        }
      },
      "job_runtime" : 300000,
      "usr_cpu" : 1.015667,
      "sys_cpu" : 2.014667,
      "ctx" : 1500266,
      "majf" : 0,
      "minf" : 365,
      "iodepth_level" : {
        "1" : 100.000000,
        "2" : 0.000000,
        "4" : 0.000000,
        "8" : 0.000000,
        "16" : 0.000000,
        "32" : 0.000000,
        ">=64" : 0.000000
      },
      "iodepth_submit" : {
        "0" : 0.000000,
        "4" : 100.000000,
        "8" : 0.000000,
        "16" : 0.000000,
        "32" : 0.000000,
        "64" : 0.000000,
        ">=64" : 0.000000
      },
      "iodepth_complete" : {
        "0" : 0.000000,
        "4" : 100.000000,
        "8" : 0.000000,
        "16" : 0.000000,
        "32" : 0.000000,
        "64" : 0.000000,
        ">=64" : 0.000000
      },
      "latency_ns" : {
        "2" : 0.000000,
        "4" : 0.000000,
        "10" : 0.000000,
        "20" : 0.000000,
        "50" : 0.000000,
        "100" : 0.000000,
        "250" : 0.000000,
        "500" : 0.000000,
        "750" : 0.000000,
        "1000" : 0.000000
      },
      "latency_us" : {
        "2" : 0.000000,
        "4" : 0.000000,
        "10" : 0.000000,
        "20" : 0.020463,
        "50" : 9.916408,
        "100" : 14.168868,
        "250" : 41.891244,
        "500" : 33.522634,
        "750" : 0.343340,
        "1000" : 0.052391
      },
      "latency_ms" : {
        "2" : 0.065189,
        "4" : 0.019463,
        "10" : 0.000000,
        "20" : 0.000000,
        "50" : 0.000000,
        "100" : 0.000000,
        "250" : 0.000000,
        "500" : 0.000000,
        "750" : 0.000000,
        "1000" : 0.000000,
        "2000" : 0.000000,
        ">=2000" : 0.000000
      },
      "latency_depth" : 1,
      "latency_target" : 0,
      "latency_percentile" : 100.000000,
      "latency_window" : 0
    }
  ],
  "disk_util" : [
    {
      "name" : "nvme2n2",
      "read_ios" : 48,
      "write_ios" : 2001062,
      "read_merges" : 0,
      "write_merges" : 0,
      "read_ticks" : 1,
      "write_ticks" : 390523,
      "in_queue" : 390525,
      "util" : 99.787993
    }
  ]
}
