{
  "fio version" : "fio-3.28-261-gc3773-dirty",
  "timestamp" : 1645927249,
  "timestamp_ms" : 1645927249119,
  "time" : "Sun Feb 27 03:00:49 2022",
  "jobs" : [
    {
      "jobname" : "nvme2n2_read_4K_queue-depth-128",
      "groupid" : 0,
      "error" : 0,
      "eta" : 0,
      "elapsed" : 64,
      "job options" : {
        "name" : "nvme2n2_read_4K_queue-depth-128",
        "filename" : "/dev/nvme2n2",
        "direct" : "1",
        "size" : "107374182400",
        "ioengine" : "libaio",
        "zonemode" : "zbd",
        "iodepth" : "128",
        "rw" : "read",
        "bs" : "4K",
        "runtime" : "10m"
      },
      "read" : {
        "io_bytes" : 56465817600,
        "io_kbytes" : 55142400,
        "bw_bytes" : 893715161,
        "bw" : 872768,
        "iops" : 218192.178028,
        "runtime" : 63181,
        "total_ios" : 13785600,
        "short_ios" : 0,
        "drop_ios" : 0,
        "slat_ns" : {
          "min" : 1578,
          "max" : 88338,
          "mean" : 2754.969028,
          "stddev" : 1201.657752,
          "N" : 13785600
        },
        "clat_ns" : {
          "min" : 27768,
          "max" : 2894824,
          "mean" : 583276.629638,
          "stddev" : 341591.690268,
          "N" : 13785600,
          "percentile" : {
            "1.000000" : 115200,
            "5.000000" : 166912,
            "10.000000" : 209920,
            "20.000000" : 276480,
            "30.000000" : 337920,
            "40.000000" : 419840,
            "50.000000" : 514048,
            "60.000000" : 602112,
            "70.000000" : 716800,
            "80.000000" : 864256,
            "90.000000" : 1105920,
            "95.000000" : 1286144,
            "99.000000" : 1466368,
            "99.500000" : 1515520,
            "99.900000" : 1613824,
            "99.950000" : 1646592,
            "99.990000" : 1744896
          }
        },
        "lat_ns" : {
          "min" : 29540,
          "max" : 2896929,
          "mean" : 586148.176190,
          "stddev" : 341565.760808,
          "N" : 13785600
        },
        "bw_min" : 758120,
        "bw_max" : 990136,
        "bw_agg" : 100.000000,
        "bw_mean" : 873644.253968,
        "bw_dev" : 33048.003101,
        "bw_samples" : 126,
        "iops_min" : 189528,
        "iops_max" : 247534,
        "iops_mean" : 218411.142857,
        "iops_stddev" : 8262.076668,
        "iops_samples" : 126
      },
      "write" : {
        "io_bytes" : 0,
        "io_kbytes" : 0,
        "bw_bytes" : 0,
        "bw" : 0,
        "iops" : 0.000000,
        "runtime" : 0,
        "total_ios" : 0,
        "short_ios" : 0,
        "drop_ios" : 0,
        "slat_ns" : {
          "min" : 0,
          "max" : 0,
          "mean" : 0.000000,
          "stddev" : 0.000000,
          "N" : 0
        },
        "clat_ns" : {
          "min" : 0,
          "max" : 0,
          "mean" : 0.000000,
          "stddev" : 0.000000,
          "N" : 0
        },
        "lat_ns" : {
          "min" : 0,
          "max" : 0,
          "mean" : 0.000000,
          "stddev" : 0.000000,
          "N" : 0
        },
        "bw_min" : 0,
        "bw_max" : 0,
        "bw_agg" : 0.000000,
        "bw_mean" : 0.000000,
        "bw_dev" : 0.000000,
        "bw_samples" : 0,
        "iops_min" : 0,
        "iops_max" : 0,
        "iops_mean" : 0.000000,
        "iops_stddev" : 0.000000,
        "iops_samples" : 0
      },
      "trim" : {
        "io_bytes" : 0,
        "io_kbytes" : 0,
        "bw_bytes" : 0,
        "bw" : 0,
        "iops" : 0.000000,
        "runtime" : 0,
        "total_ios" : 0,
        "short_ios" : 0,
        "drop_ios" : 0,
        "slat_ns" : {
          "min" : 0,
          "max" : 0,
          "mean" : 0.000000,
          "stddev" : 0.000000,
          "N" : 0
        },
        "clat_ns" : {
          "min" : 0,
          "max" : 0,
          "mean" : 0.000000,
          "stddev" : 0.000000,
          "N" : 0
        },
        "lat_ns" : {
          "min" : 0,
          "max" : 0,
          "mean" : 0.000000,
          "stddev" : 0.000000,
          "N" : 0
        },
        "bw_min" : 0,
        "bw_max" : 0,
        "bw_agg" : 0.000000,
        "bw_mean" : 0.000000,
        "bw_dev" : 0.000000,
        "bw_samples" : 0,
        "iops_min" : 0,
        "iops_max" : 0,
        "iops_mean" : 0.000000,
        "iops_stddev" : 0.000000,
        "iops_samples" : 0
      },
      "sync" : {
        "total_ios" : 0,
        "lat_ns" : {
          "min" : 0,
          "max" : 0,
          "mean" : 0.000000,
          "stddev" : 0.000000,
          "N" : 0
        }
      },
      "job_runtime" : 63180,
      "usr_cpu" : 24.651789,
      "sys_cpu" : 64.906616,
      "ctx" : 1170393,
      "majf" : 0,
      "minf" : 149,
      "iodepth_level" : {
        "1" : 0.100000,
        "2" : 0.100000,
        "4" : 0.100000,
        "8" : 0.100000,
        "16" : 0.100000,
        "32" : 0.100000,
        ">=64" : 99.999543
      },
      "iodepth_submit" : {
        "0" : 0.000000,
        "4" : 100.000000,
        "8" : 0.000000,
        "16" : 0.000000,
        "32" : 0.000000,
        "64" : 0.000000,
        ">=64" : 0.000000
      },
      "iodepth_complete" : {
        "0" : 0.000000,
        "4" : 99.999993,
        "8" : 0.000000,
        "16" : 0.000000,
        "32" : 0.000000,
        "64" : 0.000000,
        ">=64" : 0.100000
      },
      "latency_ns" : {
        "2" : 0.000000,
        "4" : 0.000000,
        "10" : 0.000000,
        "20" : 0.000000,
        "50" : 0.000000,
        "100" : 0.000000,
        "250" : 0.000000,
        "500" : 0.000000,
        "750" : 0.000000,
        "1000" : 0.000000
      },
      "latency_us" : {
        "2" : 0.000000,
        "4" : 0.000000,
        "10" : 0.000000,
        "20" : 0.000000,
        "50" : 0.010000,
        "100" : 0.283252,
        "250" : 15.545729,
        "500" : 32.322873,
        "750" : 24.196437,
        "1000" : 14.063030
      },
      "latency_ms" : {
        "2" : 13.585952,
        "4" : 0.010000,
        "10" : 0.000000,
        "20" : 0.000000,
        "50" : 0.000000,
        "100" : 0.000000,
        "250" : 0.000000,
        "500" : 0.000000,
        "750" : 0.000000,
        "1000" : 0.000000,
        "2000" : 0.000000,
        ">=2000" : 0.000000
      },
      "latency_depth" : 128,
      "latency_target" : 0,
      "latency_percentile" : 100.000000,
      "latency_window" : 0
    }
  ],
  "disk_util" : [
    {
      "name" : "nvme2n2",
      "read_ios" : 13776641,
      "write_ios" : 0,
      "read_merges" : 0,
      "write_merges" : 0,
      "read_ticks" : 7134387,
      "write_ticks" : 0,
      "in_queue" : 7134387,
      "util" : 99.977842
    }
  ]
}
