{
  "fio version" : "fio-3.28-261-gc3773-dirty",
  "timestamp" : 1645926479,
  "timestamp_ms" : 1645926479278,
  "time" : "Sun Feb 27 02:47:59 2022",
  "jobs" : [
    {
      "jobname" : "nvme2n2_read_4K_queue-depth-64",
      "groupid" : 0,
      "error" : 0,
      "eta" : 0,
      "elapsed" : 55,
      "job options" : {
        "name" : "nvme2n2_read_4K_queue-depth-64",
        "filename" : "/dev/nvme2n2",
        "direct" : "1",
        "size" : "107374182400",
        "ioengine" : "libaio",
        "zonemode" : "zbd",
        "iodepth" : "64",
        "rw" : "read",
        "bs" : "4K",
        "runtime" : "10m"
      },
      "read" : {
        "io_bytes" : 56465817600,
        "io_kbytes" : 55142400,
        "bw_bytes" : 1044541374,
        "bw" : 1020059,
        "iops" : 255014.983906,
        "runtime" : 54058,
        "total_ios" : 13785600,
        "short_ios" : 0,
        "drop_ios" : 0,
        "slat_ns" : {
          "min" : 1591,
          "max" : 93037,
          "mean" : 2886.470951,
          "stddev" : 789.919175,
          "N" : 13785600
        },
        "clat_ns" : {
          "min" : 12958,
          "max" : 1334911,
          "mean" : 247495.657039,
          "stddev" : 13022.746183,
          "N" : 13785600,
          "percentile" : {
            "1.000000" : 242688,
            "5.000000" : 244736,
            "10.000000" : 244736,
            "20.000000" : 244736,
            "30.000000" : 246784,
            "40.000000" : 246784,
            "50.000000" : 246784,
            "60.000000" : 246784,
            "70.000000" : 248832,
            "80.000000" : 248832,
            "90.000000" : 248832,
            "95.000000" : 250880,
            "99.000000" : 257024,
            "99.500000" : 257024,
            "99.900000" : 395264,
            "99.950000" : 569344,
            "99.990000" : 823296
          }
        },
        "lat_ns" : {
          "min" : 14980,
          "max" : 1337240,
          "mean" : 250488.322608,
          "stddev" : 12995.077217,
          "N" : 13785600
        },
        "bw_min" : 1009456,
        "bw_max" : 1024664,
        "bw_agg" : 100.000000,
        "bw_mean" : 1020942.592593,
        "bw_dev" : 1843.060544,
        "bw_samples" : 108,
        "iops_min" : 252364,
        "iops_max" : 256166,
        "iops_mean" : 255235.759259,
        "iops_stddev" : 460.798471,
        "iops_samples" : 108
      },
      "write" : {
        "io_bytes" : 0,
        "io_kbytes" : 0,
        "bw_bytes" : 0,
        "bw" : 0,
        "iops" : 0.000000,
        "runtime" : 0,
        "total_ios" : 0,
        "short_ios" : 0,
        "drop_ios" : 0,
        "slat_ns" : {
          "min" : 0,
          "max" : 0,
          "mean" : 0.000000,
          "stddev" : 0.000000,
          "N" : 0
        },
        "clat_ns" : {
          "min" : 0,
          "max" : 0,
          "mean" : 0.000000,
          "stddev" : 0.000000,
          "N" : 0
        },
        "lat_ns" : {
          "min" : 0,
          "max" : 0,
          "mean" : 0.000000,
          "stddev" : 0.000000,
          "N" : 0
        },
        "bw_min" : 0,
        "bw_max" : 0,
        "bw_agg" : 0.000000,
        "bw_mean" : 0.000000,
        "bw_dev" : 0.000000,
        "bw_samples" : 0,
        "iops_min" : 0,
        "iops_max" : 0,
        "iops_mean" : 0.000000,
        "iops_stddev" : 0.000000,
        "iops_samples" : 0
      },
      "trim" : {
        "io_bytes" : 0,
        "io_kbytes" : 0,
        "bw_bytes" : 0,
        "bw" : 0,
        "iops" : 0.000000,
        "runtime" : 0,
        "total_ios" : 0,
        "short_ios" : 0,
        "drop_ios" : 0,
        "slat_ns" : {
          "min" : 0,
          "max" : 0,
          "mean" : 0.000000,
          "stddev" : 0.000000,
          "N" : 0
        },
        "clat_ns" : {
          "min" : 0,
          "max" : 0,
          "mean" : 0.000000,
          "stddev" : 0.000000,
          "N" : 0
        },
        "lat_ns" : {
          "min" : 0,
          "max" : 0,
          "mean" : 0.000000,
          "stddev" : 0.000000,
          "N" : 0
        },
        "bw_min" : 0,
        "bw_max" : 0,
        "bw_agg" : 0.000000,
        "bw_mean" : 0.000000,
        "bw_dev" : 0.000000,
        "bw_samples" : 0,
        "iops_min" : 0,
        "iops_max" : 0,
        "iops_mean" : 0.000000,
        "iops_stddev" : 0.000000,
        "iops_samples" : 0
      },
      "sync" : {
        "total_ios" : 0,
        "lat_ns" : {
          "min" : 0,
          "max" : 0,
          "mean" : 0.000000,
          "stddev" : 0.000000,
          "N" : 0
        }
      },
      "job_runtime" : 54057,
      "usr_cpu" : 26.497956,
      "sys_cpu" : 73.365152,
      "ctx" : 11755,
      "majf" : 0,
      "minf" : 84,
      "iodepth_level" : {
        "1" : 0.100000,
        "2" : 0.100000,
        "4" : 0.100000,
        "8" : 0.100000,
        "16" : 0.100000,
        "32" : 0.100000,
        ">=64" : 99.999543
      },
      "iodepth_submit" : {
        "0" : 0.000000,
        "4" : 100.000000,
        "8" : 0.000000,
        "16" : 0.000000,
        "32" : 0.000000,
        "64" : 0.000000,
        ">=64" : 0.000000
      },
      "iodepth_complete" : {
        "0" : 0.000000,
        "4" : 99.999993,
        "8" : 0.000000,
        "16" : 0.000000,
        "32" : 0.000000,
        "64" : 0.100000,
        ">=64" : 0.000000
      },
      "latency_ns" : {
        "2" : 0.000000,
        "4" : 0.000000,
        "10" : 0.000000,
        "20" : 0.000000,
        "50" : 0.000000,
        "100" : 0.000000,
        "250" : 0.000000,
        "500" : 0.000000,
        "750" : 0.000000,
        "1000" : 0.000000
      },
      "latency_us" : {
        "2" : 0.000000,
        "4" : 0.000000,
        "10" : 0.000000,
        "20" : 0.010000,
        "50" : 0.010000,
        "100" : 0.013732,
        "250" : 93.616970,
        "500" : 6.295707,
        "750" : 0.052461,
        "1000" : 0.014508
      },
      "latency_ms" : {
        "2" : 0.010000,
        "4" : 0.000000,
        "10" : 0.000000,
        "20" : 0.000000,
        "50" : 0.000000,
        "100" : 0.000000,
        "250" : 0.000000,
        "500" : 0.000000,
        "750" : 0.000000,
        "1000" : 0.000000,
        "2000" : 0.000000,
        ">=2000" : 0.000000
      },
      "latency_depth" : 64,
      "latency_target" : 0,
      "latency_percentile" : 100.000000,
      "latency_window" : 0
    }
  ],
  "disk_util" : [
    {
      "name" : "nvme2n2",
      "read_ios" : 13741860,
      "write_ios" : 0,
      "read_merges" : 0,
      "write_merges" : 0,
      "read_ticks" : 126618,
      "write_ticks" : 0,
      "in_queue" : 126619,
      "util" : 100.000000
    }
  ]
}
