{
  "fio version" : "fio-3.28-261-gc3773-dirty",
  "timestamp" : 1645929084,
  "timestamp_ms" : 1645929084000,
  "time" : "Sun Feb 27 03:31:24 2022",
  "jobs" : [
    {
      "jobname" : "nvme2n2_randread_4K_queue-depth-1024",
      "groupid" : 0,
      "error" : 0,
      "eta" : 0,
      "elapsed" : 109,
      "job options" : {
        "name" : "nvme2n2_randread_4K_queue-depth-1024",
        "filename" : "/dev/nvme2n2",
        "direct" : "1",
        "size" : "107374182400",
        "ioengine" : "libaio",
        "zonemode" : "zbd",
        "iodepth" : "1024",
        "rw" : "randread",
        "bs" : "4K",
        "runtime" : "10m"
      },
      "read" : {
        "io_bytes" : 107374182400,
        "io_kbytes" : 104857600,
        "bw_bytes" : 995219041,
        "bw" : 971893,
        "iops" : 242973.398832,
        "runtime" : 107890,
        "total_ios" : 26214400,
        "short_ios" : 0,
        "drop_ios" : 0,
        "slat_ns" : {
          "min" : 1598,
          "max" : 148898,
          "mean" : 2797.884310,
          "stddev" : 1252.985248,
          "N" : 26214400
        },
        "clat_ns" : {
          "min" : 439468,
          "max" : 11891181,
          "mean" : 4210560.530740,
          "stddev" : 44913.710173,
          "N" : 26214400,
          "percentile" : {
            "1.000000" : 4145152,
            "5.000000" : 4177920,
            "10.000000" : 4177920,
            "20.000000" : 4177920,
            "30.000000" : 4177920,
            "40.000000" : 4227072,
            "50.000000" : 4227072,
            "60.000000" : 4227072,
            "70.000000" : 4227072,
            "80.000000" : 4227072,
            "90.000000" : 4227072,
            "95.000000" : 4292608,
            "99.000000" : 4292608,
            "99.500000" : 4358144,
            "99.900000" : 4358144,
            "99.950000" : 4423680,
            "99.990000" : 4489216
          }
        },
        "lat_ns" : {
          "min" : 443183,
          "max" : 11941558,
          "mean" : 4213477.273007,
          "stddev" : 44941.924784,
          "N" : 26214400
        },
        "bw_min" : 952696,
        "bw_max" : 979080,
        "bw_agg" : 100.000000,
        "bw_mean" : 972751.665116,
        "bw_dev" : 3979.782500,
        "bw_samples" : 215,
        "iops_min" : 238174,
        "iops_max" : 244770,
        "iops_mean" : 243187.906977,
        "iops_stddev" : 994.991040,
        "iops_samples" : 215
      },
      "write" : {
        "io_bytes" : 0,
        "io_kbytes" : 0,
        "bw_bytes" : 0,
        "bw" : 0,
        "iops" : 0.000000,
        "runtime" : 0,
        "total_ios" : 0,
        "short_ios" : 0,
        "drop_ios" : 0,
        "slat_ns" : {
          "min" : 0,
          "max" : 0,
          "mean" : 0.000000,
          "stddev" : 0.000000,
          "N" : 0
        },
        "clat_ns" : {
          "min" : 0,
          "max" : 0,
          "mean" : 0.000000,
          "stddev" : 0.000000,
          "N" : 0
        },
        "lat_ns" : {
          "min" : 0,
          "max" : 0,
          "mean" : 0.000000,
          "stddev" : 0.000000,
          "N" : 0
        },
        "bw_min" : 0,
        "bw_max" : 0,
        "bw_agg" : 0.000000,
        "bw_mean" : 0.000000,
        "bw_dev" : 0.000000,
        "bw_samples" : 0,
        "iops_min" : 0,
        "iops_max" : 0,
        "iops_mean" : 0.000000,
        "iops_stddev" : 0.000000,
        "iops_samples" : 0
      },
      "trim" : {
        "io_bytes" : 0,
        "io_kbytes" : 0,
        "bw_bytes" : 0,
        "bw" : 0,
        "iops" : 0.000000,
        "runtime" : 0,
        "total_ios" : 0,
        "short_ios" : 0,
        "drop_ios" : 0,
        "slat_ns" : {
          "min" : 0,
          "max" : 0,
          "mean" : 0.000000,
          "stddev" : 0.000000,
          "N" : 0
        },
        "clat_ns" : {
          "min" : 0,
          "max" : 0,
          "mean" : 0.000000,
          "stddev" : 0.000000,
          "N" : 0
        },
        "lat_ns" : {
          "min" : 0,
          "max" : 0,
          "mean" : 0.000000,
          "stddev" : 0.000000,
          "N" : 0
        },
        "bw_min" : 0,
        "bw_max" : 0,
        "bw_agg" : 0.000000,
        "bw_mean" : 0.000000,
        "bw_dev" : 0.000000,
        "bw_samples" : 0,
        "iops_min" : 0,
        "iops_max" : 0,
        "iops_mean" : 0.000000,
        "iops_stddev" : 0.000000,
        "iops_samples" : 0
      },
      "sync" : {
        "total_ios" : 0,
        "lat_ns" : {
          "min" : 0,
          "max" : 0,
          "mean" : 0.000000,
          "stddev" : 0.000000,
          "N" : 0
        }
      },
      "job_runtime" : 107889,
      "usr_cpu" : 31.133851,
      "sys_cpu" : 68.802195,
      "ctx" : 12108,
      "majf" : 0,
      "minf" : 1047,
      "iodepth_level" : {
        "1" : 0.100000,
        "2" : 0.100000,
        "4" : 0.100000,
        "8" : 0.100000,
        "16" : 0.100000,
        "32" : 0.100000,
        ">=64" : 99.999760
      },
      "iodepth_submit" : {
        "0" : 0.000000,
        "4" : 100.000000,
        "8" : 0.000000,
        "16" : 0.000000,
        "32" : 0.000000,
        "64" : 0.000000,
        ">=64" : 0.000000
      },
      "iodepth_complete" : {
        "0" : 0.000000,
        "4" : 99.999996,
        "8" : 0.000000,
        "16" : 0.000000,
        "32" : 0.000000,
        "64" : 0.000000,
        ">=64" : 0.100000
      },
      "latency_ns" : {
        "2" : 0.000000,
        "4" : 0.000000,
        "10" : 0.000000,
        "20" : 0.000000,
        "50" : 0.000000,
        "100" : 0.000000,
        "250" : 0.000000,
        "500" : 0.000000,
        "750" : 0.000000,
        "1000" : 0.000000
      },
      "latency_us" : {
        "2" : 0.000000,
        "4" : 0.000000,
        "10" : 0.000000,
        "20" : 0.000000,
        "50" : 0.000000,
        "100" : 0.000000,
        "250" : 0.000000,
        "500" : 0.010000,
        "750" : 0.010000,
        "1000" : 0.010000
      },
      "latency_ms" : {
        "2" : 0.010000,
        "4" : 0.010000,
        "10" : 99.995800,
        "20" : 0.010000,
        "50" : 0.000000,
        "100" : 0.000000,
        "250" : 0.000000,
        "500" : 0.000000,
        "750" : 0.000000,
        "1000" : 0.000000,
        "2000" : 0.000000,
        ">=2000" : 0.000000
      },
      "latency_depth" : 1024,
      "latency_target" : 0,
      "latency_percentile" : 100.000000,
      "latency_window" : 0
    }
  ],
  "disk_util" : [
    {
      "name" : "nvme2n2",
      "read_ios" : 26212852,
      "write_ios" : 0,
      "read_merges" : 0,
      "write_merges" : 0,
      "read_ticks" : 2628951,
      "write_ticks" : 0,
      "in_queue" : 2628951,
      "util" : 100.000000
    }
  ]
}
