{
  "fio version" : "fio-3.28-261-gc3773-dirty",
  "timestamp" : 1645929239,
  "timestamp_ms" : 1645929239247,
  "time" : "Sun Feb 27 03:33:59 2022",
  "jobs" : [
    {
      "jobname" : "nvme2n2_overwrite-rand_4K_queue-depth-1024",
      "groupid" : 0,
      "error" : 0,
      "eta" : 0,
      "elapsed" : 101,
      "job options" : {
        "name" : "nvme2n2_overwrite-rand_4K_queue-depth-1024",
        "filename" : "/dev/nvme2n2",
        "direct" : "1",
        "size" : "107374182400",
        "ioengine" : "libaio",
        "zonemode" : "zbd",
        "iodepth" : "1024",
        "rw" : "randwrite",
        "bs" : "4K",
        "max_open_zones" : "14",
        "runtime" : "10m"
      },
      "read" : {
        "io_bytes" : 0,
        "io_kbytes" : 0,
        "bw_bytes" : 0,
        "bw" : 0,
        "iops" : 0.000000,
        "runtime" : 0,
        "total_ios" : 0,
        "short_ios" : 0,
        "drop_ios" : 0,
        "slat_ns" : {
          "min" : 0,
          "max" : 0,
          "mean" : 0.000000,
          "stddev" : 0.000000,
          "N" : 0
        },
        "clat_ns" : {
          "min" : 0,
          "max" : 0,
          "mean" : 0.000000,
          "stddev" : 0.000000,
          "N" : 0
        },
        "lat_ns" : {
          "min" : 0,
          "max" : 0,
          "mean" : 0.000000,
          "stddev" : 0.000000,
          "N" : 0
        },
        "bw_min" : 0,
        "bw_max" : 0,
        "bw_agg" : 0.000000,
        "bw_mean" : 0.000000,
        "bw_dev" : 0.000000,
        "bw_samples" : 0,
        "iops_min" : 0,
        "iops_max" : 0,
        "iops_mean" : 0.000000,
        "iops_stddev" : 0.000000,
        "iops_samples" : 0
      },
      "write" : {
        "io_bytes" : 107374182400,
        "io_kbytes" : 104857600,
        "bw_bytes" : 1075516426,
        "bw" : 1050309,
        "iops" : 262577.252467,
        "runtime" : 99835,
        "total_ios" : 26214400,
        "short_ios" : 0,
        "drop_ios" : 0,
        "slat_ns" : {
          "min" : 893,
          "max" : 300590,
          "mean" : 2470.267538,
          "stddev" : 2847.190171,
          "N" : 26214400
        },
        "clat_ns" : {
          "min" : 17494,
          "max" : 18951877,
          "mean" : 3842084.229815,
          "stddev" : 832594.682486,
          "N" : 26214400,
          "percentile" : {
            "1.000000" : 1630208,
            "5.000000" : 2342912,
            "10.000000" : 2736128,
            "20.000000" : 3227648,
            "30.000000" : 3555328,
            "40.000000" : 3751936,
            "50.000000" : 3948544,
            "60.000000" : 4112384,
            "70.000000" : 4292608,
            "80.000000" : 4423680,
            "90.000000" : 4685824,
            "95.000000" : 4882432,
            "99.000000" : 5799936,
            "99.500000" : 6520832,
            "99.900000" : 8290304,
            "99.950000" : 9371648,
            "99.990000" : 12648448
          }
        },
        "lat_ns" : {
          "min" : 25553,
          "max" : 18956454,
          "mean" : 3844659.894164,
          "stddev" : 832715.230495,
          "N" : 26214400
        },
        "bw_min" : 886240,
        "bw_max" : 1566696,
        "bw_agg" : 100.000000,
        "bw_mean" : 1051197.306533,
        "bw_dev" : 116950.955433,
        "bw_samples" : 199,
        "iops_min" : 221560,
        "iops_max" : 391674,
        "iops_mean" : 262799.396985,
        "iops_stddev" : 29237.723081,
        "iops_samples" : 199
      },
      "trim" : {
        "io_bytes" : 0,
        "io_kbytes" : 0,
        "bw_bytes" : 0,
        "bw" : 0,
        "iops" : 0.000000,
        "runtime" : 0,
        "total_ios" : 0,
        "short_ios" : 0,
        "drop_ios" : 0,
        "slat_ns" : {
          "min" : 0,
          "max" : 0,
          "mean" : 0.000000,
          "stddev" : 0.000000,
          "N" : 0
        },
        "clat_ns" : {
          "min" : 0,
          "max" : 0,
          "mean" : 0.000000,
          "stddev" : 0.000000,
          "N" : 0
        },
        "lat_ns" : {
          "min" : 0,
          "max" : 0,
          "mean" : 0.000000,
          "stddev" : 0.000000,
          "N" : 0
        },
        "bw_min" : 0,
        "bw_max" : 0,
        "bw_agg" : 0.000000,
        "bw_mean" : 0.000000,
        "bw_dev" : 0.000000,
        "bw_samples" : 0,
        "iops_min" : 0,
        "iops_max" : 0,
        "iops_mean" : 0.000000,
        "iops_stddev" : 0.000000,
        "iops_samples" : 0
      },
      "sync" : {
        "total_ios" : 0,
        "lat_ns" : {
          "min" : 0,
          "max" : 0,
          "mean" : 0.000000,
          "stddev" : 0.000000,
          "N" : 0
        }
      },
      "job_runtime" : 99834,
      "usr_cpu" : 25.952080,
      "sys_cpu" : 52.202656,
      "ctx" : 5644165,
      "majf" : 0,
      "minf" : 24,
      "iodepth_level" : {
        "1" : 0.100000,
        "2" : 0.100000,
        "4" : 0.100000,
        "8" : 0.100000,
        "16" : 0.100000,
        "32" : 0.100000,
        ">=64" : 99.978546
      },
      "iodepth_submit" : {
        "0" : 0.000000,
        "4" : 100.000000,
        "8" : 0.000000,
        "16" : 0.000000,
        "32" : 0.000000,
        "64" : 0.000000,
        ">=64" : 0.000000
      },
      "iodepth_complete" : {
        "0" : 0.000000,
        "4" : 99.999996,
        "8" : 0.000000,
        "16" : 0.000000,
        "32" : 0.000000,
        "64" : 0.000000,
        ">=64" : 0.100000
      },
      "latency_ns" : {
        "2" : 0.000000,
        "4" : 0.000000,
        "10" : 0.000000,
        "20" : 0.000000,
        "50" : 0.000000,
        "100" : 0.000000,
        "250" : 0.000000,
        "500" : 0.000000,
        "750" : 0.000000,
        "1000" : 0.000000
      },
      "latency_us" : {
        "2" : 0.000000,
        "4" : 0.000000,
        "10" : 0.000000,
        "20" : 0.010000,
        "50" : 0.010000,
        "100" : 0.010000,
        "250" : 0.010000,
        "500" : 0.013069,
        "750" : 0.044754,
        "1000" : 0.098225
      },
      "latency_ms" : {
        "2" : 2.264709,
        "4" : 50.401096,
        "10" : 47.137424,
        "20" : 0.037174,
        "50" : 0.000000,
        "100" : 0.000000,
        "250" : 0.000000,
        "500" : 0.000000,
        "750" : 0.000000,
        "1000" : 0.000000,
        "2000" : 0.000000,
        ">=2000" : 0.000000
      },
      "latency_depth" : 1024,
      "latency_target" : 0,
      "latency_percentile" : 100.000000,
      "latency_window" : 0
    }
  ],
  "disk_util" : [
    {
      "name" : "nvme2n2",
      "read_ios" : 6,
      "write_ios" : 3382345,
      "read_merges" : 0,
      "write_merges" : 22776021,
      "read_ticks" : 0,
      "write_ticks" : 2497746,
      "in_queue" : 2497746,
      "util" : 99.989964
    }
  ]
}
