{
  "fio version" : "fio-3.28-261-gc3773-dirty",
  "timestamp" : 1648194137,
  "timestamp_ms" : 1648194137099,
  "time" : "Fri Mar 25 08:42:17 2022",
  "jobs" : [
    {
      "jobname" : "nvme2n2_none_4Ki_nummjobs-7",
      "groupid" : 0,
      "error" : 0,
      "eta" : 0,
      "elapsed" : 41,
      "job options" : {
        "name" : "nvme2n2_none_4Ki_nummjobs-7",
        "filename" : "/dev/nvme2n2",
        "direct" : "1",
        "size" : "107374182400",
        "ioengine" : "libaio",
        "zonemode" : "zbd",
        "rw" : "read",
        "bs" : "4Ki",
        "runtime" : "30s",
        "numa_cpu_nodes" : "1",
        "ramp_time" : "10s",
        "iodepth" : "7",
        "percentile_list" : "50:95"
      },
      "read" : {
        "io_bytes" : 34507419648,
        "io_kbytes" : 33698652,
        "bw_bytes" : 1150208981,
        "bw" : 1123250,
        "iops" : 280812.506250,
        "runtime" : 30001,
        "total_ios" : 8424656,
        "short_ios" : 0,
        "drop_ios" : 0,
        "slat_ns" : {
          "min" : 1310,
          "max" : 22799,
          "mean" : 2384.828109,
          "stddev" : 703.800447,
          "N" : 8424657
        },
        "clat_ns" : {
          "min" : 6924,
          "max" : 1036951,
          "mean" : 21926.342483,
          "stddev" : 7389.455008,
          "N" : 8424662,
          "percentile" : {
            "50.000000" : 21632,
            "95.000000" : 22912
          }
        },
        "lat_ns" : {
          "min" : 9866,
          "max" : 1038672,
          "mean" : 24430.476345,
          "stddev" : 7355.731058,
          "N" : 8424662
        },
        "bw_min" : 1105480,
        "bw_max" : 1140944,
        "bw_agg" : 100.000000,
        "bw_mean" : 1123809.118644,
        "bw_dev" : 15949.598433,
        "bw_samples" : 59,
        "iops_min" : 276370,
        "iops_max" : 285234,
        "iops_mean" : 280952.016949,
        "iops_stddev" : 3987.370162,
        "iops_samples" : 59
      },
      "write" : {
        "io_bytes" : 0,
        "io_kbytes" : 0,
        "bw_bytes" : 0,
        "bw" : 0,
        "iops" : 0.000000,
        "runtime" : 0,
        "total_ios" : 0,
        "short_ios" : 0,
        "drop_ios" : 0,
        "slat_ns" : {
          "min" : 0,
          "max" : 0,
          "mean" : 0.000000,
          "stddev" : 0.000000,
          "N" : 0
        },
        "clat_ns" : {
          "min" : 0,
          "max" : 0,
          "mean" : 0.000000,
          "stddev" : 0.000000,
          "N" : 0
        },
        "lat_ns" : {
          "min" : 0,
          "max" : 0,
          "mean" : 0.000000,
          "stddev" : 0.000000,
          "N" : 0
        },
        "bw_min" : 0,
        "bw_max" : 0,
        "bw_agg" : 0.000000,
        "bw_mean" : 0.000000,
        "bw_dev" : 0.000000,
        "bw_samples" : 0,
        "iops_min" : 0,
        "iops_max" : 0,
        "iops_mean" : 0.000000,
        "iops_stddev" : 0.000000,
        "iops_samples" : 0
      },
      "trim" : {
        "io_bytes" : 0,
        "io_kbytes" : 0,
        "bw_bytes" : 0,
        "bw" : 0,
        "iops" : 0.000000,
        "runtime" : 0,
        "total_ios" : 0,
        "short_ios" : 0,
        "drop_ios" : 0,
        "slat_ns" : {
          "min" : 0,
          "max" : 0,
          "mean" : 0.000000,
          "stddev" : 0.000000,
          "N" : 0
        },
        "clat_ns" : {
          "min" : 0,
          "max" : 0,
          "mean" : 0.000000,
          "stddev" : 0.000000,
          "N" : 0
        },
        "lat_ns" : {
          "min" : 0,
          "max" : 0,
          "mean" : 0.000000,
          "stddev" : 0.000000,
          "N" : 0
        },
        "bw_min" : 0,
        "bw_max" : 0,
        "bw_agg" : 0.000000,
        "bw_mean" : 0.000000,
        "bw_dev" : 0.000000,
        "bw_samples" : 0,
        "iops_min" : 0,
        "iops_max" : 0,
        "iops_mean" : 0.000000,
        "iops_stddev" : 0.000000,
        "iops_samples" : 0
      },
      "sync" : {
        "total_ios" : 0,
        "lat_ns" : {
          "min" : 0,
          "max" : 0,
          "mean" : 0.000000,
          "stddev" : 0.000000,
          "N" : 0
        }
      },
      "job_runtime" : 30000,
      "usr_cpu" : 30.483333,
      "sys_cpu" : 68.443333,
      "ctx" : 18439,
      "majf" : 0,
      "minf" : 38,
      "iodepth_level" : {
        "1" : 0.000000,
        "2" : 0.000000,
        "4" : 100.000000,
        "8" : 0.000000,
        "16" : 0.000000,
        "32" : 0.000000,
        ">=64" : 0.000000
      },
      "iodepth_submit" : {
        "0" : 0.000000,
        "4" : 100.000000,
        "8" : 0.000000,
        "16" : 0.000000,
        "32" : 0.000000,
        "64" : 0.000000,
        ">=64" : 0.000000
      },
      "iodepth_complete" : {
        "0" : 0.000000,
        "4" : 99.999988,
        "8" : 0.100000,
        "16" : 0.000000,
        "32" : 0.000000,
        "64" : 0.000000,
        ">=64" : 0.000000
      },
      "latency_ns" : {
        "2" : 0.000000,
        "4" : 0.000000,
        "10" : 0.000000,
        "20" : 0.000000,
        "50" : 0.000000,
        "100" : 0.000000,
        "250" : 0.000000,
        "500" : 0.000000,
        "750" : 0.000000,
        "1000" : 0.000000
      },
      "latency_us" : {
        "2" : 0.000000,
        "4" : 0.000000,
        "10" : 0.010000,
        "20" : 7.768115,
        "50" : 92.029443,
        "100" : 0.050649,
        "250" : 0.146499,
        "500" : 0.010000,
        "750" : 0.010000,
        "1000" : 0.010000
      },
      "latency_ms" : {
        "2" : 0.010000,
        "4" : 0.000000,
        "10" : 0.000000,
        "20" : 0.000000,
        "50" : 0.000000,
        "100" : 0.000000,
        "250" : 0.000000,
        "500" : 0.000000,
        "750" : 0.000000,
        "1000" : 0.000000,
        "2000" : 0.000000,
        ">=2000" : 0.000000
      },
      "latency_depth" : 7,
      "latency_target" : 0,
      "latency_percentile" : 100.000000,
      "latency_window" : 0
    }
  ],
  "disk_util" : [
    {
      "name" : "nvme2n2",
      "read_ios" : 11202396,
      "write_ios" : 0,
      "read_merges" : 0,
      "write_merges" : 0,
      "read_ticks" : 96428,
      "write_ticks" : 0,
      "in_queue" : 96428,
      "util" : 99.922156
    }
  ]
}
