{
  "fio version" : "fio-3.28-261-gc3773-dirty",
  "timestamp" : 1646352229,
  "timestamp_ms" : 1646352229662,
  "time" : "Fri Mar  4 01:03:49 2022",
  "jobs" : [
    {
      "jobname" : "nvme2n2_write_4Ki_queue-depth-256",
      "groupid" : 0,
      "error" : 0,
      "eta" : 0,
      "elapsed" : 41,
      "job options" : {
        "name" : "nvme2n2_write_4Ki_queue-depth-256",
        "filename" : "/dev/nvme2n2",
        "direct" : "1",
        "size" : "107374182400",
        "ioengine" : "libaio",
        "iodepth" : "256",
        "rw" : "write",
        "bs" : "4Ki",
        "runtime" : "30s",
        "numa_cpu_nodes" : "1",
        "ramp_time" : "10s",
        "zonemode" : "zbd"
      },
      "read" : {
        "io_bytes" : 0,
        "io_kbytes" : 0,
        "bw_bytes" : 0,
        "bw" : 0,
        "iops" : 0.000000,
        "runtime" : 0,
        "total_ios" : 0,
        "short_ios" : 0,
        "drop_ios" : 0,
        "slat_ns" : {
          "min" : 0,
          "max" : 0,
          "mean" : 0.000000,
          "stddev" : 0.000000,
          "N" : 0
        },
        "clat_ns" : {
          "min" : 0,
          "max" : 0,
          "mean" : 0.000000,
          "stddev" : 0.000000,
          "N" : 0
        },
        "lat_ns" : {
          "min" : 0,
          "max" : 0,
          "mean" : 0.000000,
          "stddev" : 0.000000,
          "N" : 0
        },
        "bw_min" : 0,
        "bw_max" : 0,
        "bw_agg" : 0.000000,
        "bw_mean" : 0.000000,
        "bw_dev" : 0.000000,
        "bw_samples" : 0,
        "iops_min" : 0,
        "iops_max" : 0,
        "iops_mean" : 0.000000,
        "iops_stddev" : 0.000000,
        "iops_samples" : 0
      },
      "write" : {
        "io_bytes" : 30535532544,
        "io_kbytes" : 29819856,
        "bw_bytes" : 1017817157,
        "bw" : 993962,
        "iops" : 248482.017266,
        "runtime" : 30001,
        "total_ios" : 7454709,
        "short_ios" : 0,
        "drop_ios" : 0,
        "slat_ns" : {
          "min" : 1098,
          "max" : 122907,
          "mean" : 1778.763892,
          "stddev" : 2482.555055,
          "N" : 7454709
        },
        "clat_ns" : {
          "min" : 58587,
          "max" : 6613093,
          "mean" : 1027911.220860,
          "stddev" : 540665.817023,
          "N" : 7454964,
          "percentile" : {
            "1.000000" : 577536,
            "5.000000" : 593920,
            "10.000000" : 610304,
            "20.000000" : 634880,
            "30.000000" : 659456,
            "40.000000" : 684032,
            "50.000000" : 741376,
            "60.000000" : 946176,
            "70.000000" : 1269760,
            "80.000000" : 1466368,
            "90.000000" : 1662976,
            "95.000000" : 1875968,
            "99.000000" : 3260416,
            "99.500000" : 3719168,
            "99.900000" : 4227072,
            "99.950000" : 4423680,
            "99.990000" : 5013504
          }
        },
        "lat_ns" : {
          "min" : 63309,
          "max" : 6614872,
          "mean" : 1029793.999979,
          "stddev" : 540786.476176,
          "N" : 7454964
        },
        "bw_min" : 919608,
        "bw_max" : 1075374,
        "bw_agg" : 100.000000,
        "bw_mean" : 994657.233333,
        "bw_dev" : 46841.642723,
        "bw_samples" : 60,
        "iops_min" : 229902,
        "iops_max" : 268843,
        "iops_mean" : 248664.216667,
        "iops_stddev" : 11710.308665,
        "iops_samples" : 60
      },
      "trim" : {
        "io_bytes" : 0,
        "io_kbytes" : 0,
        "bw_bytes" : 0,
        "bw" : 0,
        "iops" : 0.000000,
        "runtime" : 0,
        "total_ios" : 0,
        "short_ios" : 0,
        "drop_ios" : 0,
        "slat_ns" : {
          "min" : 0,
          "max" : 0,
          "mean" : 0.000000,
          "stddev" : 0.000000,
          "N" : 0
        },
        "clat_ns" : {
          "min" : 0,
          "max" : 0,
          "mean" : 0.000000,
          "stddev" : 0.000000,
          "N" : 0
        },
        "lat_ns" : {
          "min" : 0,
          "max" : 0,
          "mean" : 0.000000,
          "stddev" : 0.000000,
          "N" : 0
        },
        "bw_min" : 0,
        "bw_max" : 0,
        "bw_agg" : 0.000000,
        "bw_mean" : 0.000000,
        "bw_dev" : 0.000000,
        "bw_samples" : 0,
        "iops_min" : 0,
        "iops_max" : 0,
        "iops_mean" : 0.000000,
        "iops_stddev" : 0.000000,
        "iops_samples" : 0
      },
      "sync" : {
        "total_ios" : 0,
        "lat_ns" : {
          "min" : 0,
          "max" : 0,
          "mean" : 0.000000,
          "stddev" : 0.000000,
          "N" : 0
        }
      },
      "job_runtime" : 30000,
      "usr_cpu" : 23.600000,
      "sys_cpu" : 41.083333,
      "ctx" : 330918,
      "majf" : 0,
      "minf" : 37,
      "iodepth_level" : {
        "1" : 0.000000,
        "2" : 0.000000,
        "4" : 0.000000,
        "8" : 0.000000,
        "16" : 0.000000,
        "32" : 0.000000,
        ">=64" : 100.000000
      },
      "iodepth_submit" : {
        "0" : 0.000000,
        "4" : 100.000000,
        "8" : 0.000000,
        "16" : 0.000000,
        "32" : 0.000000,
        "64" : 0.000000,
        ">=64" : 0.000000
      },
      "iodepth_complete" : {
        "0" : 0.000000,
        "4" : 99.999987,
        "8" : 0.000000,
        "16" : 0.000000,
        "32" : 0.000000,
        "64" : 0.000000,
        ">=64" : 0.100000
      },
      "latency_ns" : {
        "2" : 0.000000,
        "4" : 0.000000,
        "10" : 0.000000,
        "20" : 0.000000,
        "50" : 0.000000,
        "100" : 0.000000,
        "250" : 0.000000,
        "500" : 0.000000,
        "750" : 0.000000,
        "1000" : 0.000000
      },
      "latency_us" : {
        "2" : 0.000000,
        "4" : 0.000000,
        "10" : 0.000000,
        "20" : 0.000000,
        "50" : 0.000000,
        "100" : 0.010000,
        "250" : 0.010000,
        "500" : 0.010000,
        "750" : 50.419916,
        "1000" : 11.113405
      },
      "latency_ms" : {
        "2" : 34.621888,
        "4" : 3.593849,
        "10" : 0.245630,
        "20" : 0.000000,
        "50" : 0.000000,
        "100" : 0.000000,
        "250" : 0.000000,
        "500" : 0.000000,
        "750" : 0.000000,
        "1000" : 0.000000,
        "2000" : 0.000000,
        ">=2000" : 0.000000
      },
      "latency_depth" : 256,
      "latency_target" : 0,
      "latency_percentile" : 100.000000,
      "latency_window" : 0
    }
  ],
  "disk_util" : [
    {
      "name" : "nvme2n2",
      "read_ios" : 0,
      "write_ios" : 220569,
      "read_merges" : 0,
      "write_merges" : 9768577,
      "read_ticks" : 0,
      "write_ticks" : 92563,
      "in_queue" : 92563,
      "util" : 99.822832
    }
  ]
}
