{
  "fio version" : "fio-3.28-261-gc3773-dirty",
  "timestamp" : 1646351173,
  "timestamp_ms" : 1646351173059,
  "time" : "Fri Mar  4 00:46:13 2022",
  "jobs" : [
    {
      "jobname" : "nvme2n2_randread_4Ki_queue-depth-16",
      "groupid" : 0,
      "error" : 0,
      "eta" : 0,
      "elapsed" : 41,
      "job options" : {
        "name" : "nvme2n2_randread_4Ki_queue-depth-16",
        "filename" : "/dev/nvme2n2",
        "direct" : "1",
        "size" : "107374182400",
        "ioengine" : "libaio",
        "iodepth" : "16",
        "rw" : "randread",
        "bs" : "4Ki",
        "runtime" : "30s",
        "numa_cpu_nodes" : "1",
        "ramp_time" : "10s",
        "zonemode" : "zbd"
      },
      "read" : {
        "io_bytes" : 19447492608,
        "io_kbytes" : 18991692,
        "bw_bytes" : 648228145,
        "bw" : 633035,
        "iops" : 158258.324723,
        "runtime" : 30001,
        "total_ios" : 4747908,
        "short_ios" : 0,
        "drop_ios" : 0,
        "slat_ns" : {
          "min" : 1603,
          "max" : 36310,
          "mean" : 2433.763886,
          "stddev" : 806.865852,
          "N" : 4747908
        },
        "clat_ns" : {
          "min" : 23533,
          "max" : 1277166,
          "mean" : 97963.804747,
          "stddev" : 23277.708444,
          "N" : 4747923,
          "percentile" : {
            "1.000000" : 77312,
            "5.000000" : 79360,
            "10.000000" : 80384,
            "20.000000" : 82432,
            "30.000000" : 85504,
            "40.000000" : 88576,
            "50.000000" : 91648,
            "60.000000" : 93696,
            "70.000000" : 97792,
            "80.000000" : 103936,
            "90.000000" : 129536,
            "95.000000" : 148480,
            "99.000000" : 189440,
            "99.500000" : 207872,
            "99.900000" : 250880,
            "99.950000" : 268288,
            "99.990000" : 313344
          }
        },
        "lat_ns" : {
          "min" : 26706,
          "max" : 1279339,
          "mean" : 100498.506217,
          "stddev" : 23266.568162,
          "N" : 4747923
        },
        "bw_min" : 621931,
        "bw_max" : 635192,
        "bw_agg" : 100.000000,
        "bw_mean" : 633496.762712,
        "bw_dev" : 2425.314607,
        "bw_samples" : 59,
        "iops_min" : 155482,
        "iops_max" : 158798,
        "iops_mean" : 158374.084746,
        "iops_stddev" : 606.257123,
        "iops_samples" : 59
      },
      "write" : {
        "io_bytes" : 0,
        "io_kbytes" : 0,
        "bw_bytes" : 0,
        "bw" : 0,
        "iops" : 0.000000,
        "runtime" : 0,
        "total_ios" : 0,
        "short_ios" : 0,
        "drop_ios" : 0,
        "slat_ns" : {
          "min" : 0,
          "max" : 0,
          "mean" : 0.000000,
          "stddev" : 0.000000,
          "N" : 0
        },
        "clat_ns" : {
          "min" : 0,
          "max" : 0,
          "mean" : 0.000000,
          "stddev" : 0.000000,
          "N" : 0
        },
        "lat_ns" : {
          "min" : 0,
          "max" : 0,
          "mean" : 0.000000,
          "stddev" : 0.000000,
          "N" : 0
        },
        "bw_min" : 0,
        "bw_max" : 0,
        "bw_agg" : 0.000000,
        "bw_mean" : 0.000000,
        "bw_dev" : 0.000000,
        "bw_samples" : 0,
        "iops_min" : 0,
        "iops_max" : 0,
        "iops_mean" : 0.000000,
        "iops_stddev" : 0.000000,
        "iops_samples" : 0
      },
      "trim" : {
        "io_bytes" : 0,
        "io_kbytes" : 0,
        "bw_bytes" : 0,
        "bw" : 0,
        "iops" : 0.000000,
        "runtime" : 0,
        "total_ios" : 0,
        "short_ios" : 0,
        "drop_ios" : 0,
        "slat_ns" : {
          "min" : 0,
          "max" : 0,
          "mean" : 0.000000,
          "stddev" : 0.000000,
          "N" : 0
        },
        "clat_ns" : {
          "min" : 0,
          "max" : 0,
          "mean" : 0.000000,
          "stddev" : 0.000000,
          "N" : 0
        },
        "lat_ns" : {
          "min" : 0,
          "max" : 0,
          "mean" : 0.000000,
          "stddev" : 0.000000,
          "N" : 0
        },
        "bw_min" : 0,
        "bw_max" : 0,
        "bw_agg" : 0.000000,
        "bw_mean" : 0.000000,
        "bw_dev" : 0.000000,
        "bw_samples" : 0,
        "iops_min" : 0,
        "iops_max" : 0,
        "iops_mean" : 0.000000,
        "iops_stddev" : 0.000000,
        "iops_samples" : 0
      },
      "sync" : {
        "total_ios" : 0,
        "lat_ns" : {
          "min" : 0,
          "max" : 0,
          "mean" : 0.000000,
          "stddev" : 0.000000,
          "N" : 0
        }
      },
      "job_runtime" : 30000,
      "usr_cpu" : 21.870000,
      "sys_cpu" : 47.726667,
      "ctx" : 1471718,
      "majf" : 0,
      "minf" : 37,
      "iodepth_level" : {
        "1" : 0.000000,
        "2" : 0.000000,
        "4" : 0.000000,
        "8" : 0.000000,
        "16" : 100.000000,
        "32" : 0.000000,
        ">=64" : 0.000000
      },
      "iodepth_submit" : {
        "0" : 0.000000,
        "4" : 100.000000,
        "8" : 0.000000,
        "16" : 0.000000,
        "32" : 0.000000,
        "64" : 0.000000,
        ">=64" : 0.000000
      },
      "iodepth_complete" : {
        "0" : 0.000000,
        "4" : 99.999979,
        "8" : 0.000000,
        "16" : 0.100000,
        "32" : 0.000000,
        "64" : 0.000000,
        ">=64" : 0.000000
      },
      "latency_ns" : {
        "2" : 0.000000,
        "4" : 0.000000,
        "10" : 0.000000,
        "20" : 0.000000,
        "50" : 0.000000,
        "100" : 0.000000,
        "250" : 0.000000,
        "500" : 0.000000,
        "750" : 0.000000,
        "1000" : 0.000000
      },
      "latency_us" : {
        "2" : 0.000000,
        "4" : 0.000000,
        "10" : 0.000000,
        "20" : 0.000000,
        "50" : 0.010000,
        "100" : 75.267528,
        "250" : 24.626825,
        "500" : 0.101792,
        "750" : 0.000000,
        "1000" : 0.010000
      },
      "latency_ms" : {
        "2" : 0.010000,
        "4" : 0.000000,
        "10" : 0.000000,
        "20" : 0.000000,
        "50" : 0.000000,
        "100" : 0.000000,
        "250" : 0.000000,
        "500" : 0.000000,
        "750" : 0.000000,
        "1000" : 0.000000,
        "2000" : 0.000000,
        ">=2000" : 0.000000
      },
      "latency_depth" : 16,
      "latency_target" : 0,
      "latency_percentile" : 100.000000,
      "latency_window" : 0
    }
  ],
  "disk_util" : [
    {
      "name" : "nvme2n2",
      "read_ios" : 6295396,
      "write_ios" : 0,
      "read_merges" : 0,
      "write_merges" : 0,
      "read_ticks" : 593801,
      "write_ticks" : 0,
      "in_queue" : 593800,
      "util" : 99.851859
    }
  ]
}
