{
  "fio version" : "fio-3.28-261-gc3773-dirty",
  "timestamp" : 1646351513,
  "timestamp_ms" : 1646351513134,
  "time" : "Fri Mar  4 00:51:53 2022",
  "jobs" : [
    {
      "jobname" : "nvme2n2_overwrite-seq_4Ki_queue-depth-32",
      "groupid" : 0,
      "error" : 0,
      "eta" : 0,
      "elapsed" : 41,
      "job options" : {
        "name" : "nvme2n2_overwrite-seq_4Ki_queue-depth-32",
        "filename" : "/dev/nvme2n2",
        "direct" : "1",
        "size" : "107374182400",
        "ioengine" : "libaio",
        "iodepth" : "32",
        "rw" : "write",
        "bs" : "4Ki",
        "runtime" : "30s",
        "numa_cpu_nodes" : "1",
        "ramp_time" : "10s",
        "zonemode" : "zbd"
      },
      "read" : {
        "io_bytes" : 0,
        "io_kbytes" : 0,
        "bw_bytes" : 0,
        "bw" : 0,
        "iops" : 0.000000,
        "runtime" : 0,
        "total_ios" : 0,
        "short_ios" : 0,
        "drop_ios" : 0,
        "slat_ns" : {
          "min" : 0,
          "max" : 0,
          "mean" : 0.000000,
          "stddev" : 0.000000,
          "N" : 0
        },
        "clat_ns" : {
          "min" : 0,
          "max" : 0,
          "mean" : 0.000000,
          "stddev" : 0.000000,
          "N" : 0
        },
        "lat_ns" : {
          "min" : 0,
          "max" : 0,
          "mean" : 0.000000,
          "stddev" : 0.000000,
          "N" : 0
        },
        "bw_min" : 0,
        "bw_max" : 0,
        "bw_agg" : 0.000000,
        "bw_mean" : 0.000000,
        "bw_dev" : 0.000000,
        "bw_samples" : 0,
        "iops_min" : 0,
        "iops_max" : 0,
        "iops_mean" : 0.000000,
        "iops_stddev" : 0.000000,
        "iops_samples" : 0
      },
      "write" : {
        "io_bytes" : 27830341632,
        "io_kbytes" : 27178068,
        "bw_bytes" : 927647132,
        "bw" : 905905,
        "iops" : 226475.317489,
        "runtime" : 30001,
        "total_ios" : 6794486,
        "short_ios" : 0,
        "drop_ios" : 0,
        "slat_ns" : {
          "min" : 1107,
          "max" : 54452,
          "mean" : 1621.131567,
          "stddev" : 1218.234730,
          "N" : 6794486
        },
        "clat_ns" : {
          "min" : 58958,
          "max" : 11384899,
          "mean" : 137975.361037,
          "stddev" : 149290.945400,
          "N" : 6794517,
          "percentile" : {
            "1.000000" : 93696,
            "5.000000" : 99840,
            "10.000000" : 100864,
            "20.000000" : 101888,
            "30.000000" : 103936,
            "40.000000" : 104960,
            "50.000000" : 105984,
            "60.000000" : 108032,
            "70.000000" : 111104,
            "80.000000" : 118272,
            "90.000000" : 185344,
            "95.000000" : 272384,
            "99.000000" : 692224,
            "99.500000" : 872448,
            "99.900000" : 1810432,
            "99.950000" : 2211840,
            "99.990000" : 5406720
          }
        },
        "lat_ns" : {
          "min" : 62095,
          "max" : 11388103,
          "mean" : 139681.627255,
          "stddev" : 149345.000987,
          "N" : 6794517
        },
        "bw_min" : 729344,
        "bw_max" : 1073480,
        "bw_agg" : 100.000000,
        "bw_mean" : 906571.750000,
        "bw_dev" : 121491.785562,
        "bw_samples" : 60,
        "iops_min" : 182338,
        "iops_max" : 268370,
        "iops_mean" : 226642.883333,
        "iops_stddev" : 30373.057014,
        "iops_samples" : 60
      },
      "trim" : {
        "io_bytes" : 0,
        "io_kbytes" : 0,
        "bw_bytes" : 0,
        "bw" : 0,
        "iops" : 0.000000,
        "runtime" : 0,
        "total_ios" : 0,
        "short_ios" : 0,
        "drop_ios" : 0,
        "slat_ns" : {
          "min" : 0,
          "max" : 0,
          "mean" : 0.000000,
          "stddev" : 0.000000,
          "N" : 0
        },
        "clat_ns" : {
          "min" : 0,
          "max" : 0,
          "mean" : 0.000000,
          "stddev" : 0.000000,
          "N" : 0
        },
        "lat_ns" : {
          "min" : 0,
          "max" : 0,
          "mean" : 0.000000,
          "stddev" : 0.000000,
          "N" : 0
        },
        "bw_min" : 0,
        "bw_max" : 0,
        "bw_agg" : 0.000000,
        "bw_mean" : 0.000000,
        "bw_dev" : 0.000000,
        "bw_samples" : 0,
        "iops_min" : 0,
        "iops_max" : 0,
        "iops_mean" : 0.000000,
        "iops_stddev" : 0.000000,
        "iops_samples" : 0
      },
      "sync" : {
        "total_ios" : 0,
        "lat_ns" : {
          "min" : 0,
          "max" : 0,
          "mean" : 0.000000,
          "stddev" : 0.000000,
          "N" : 0
        }
      },
      "job_runtime" : 30000,
      "usr_cpu" : 19.673333,
      "sys_cpu" : 34.003333,
      "ctx" : 876192,
      "majf" : 0,
      "minf" : 37,
      "iodepth_level" : {
        "1" : 0.100000,
        "2" : 0.100000,
        "4" : 0.100000,
        "8" : 0.100000,
        "16" : 0.100000,
        "32" : 99.989050,
        ">=64" : 0.000000
      },
      "iodepth_submit" : {
        "0" : 0.000000,
        "4" : 100.000000,
        "8" : 0.000000,
        "16" : 0.000000,
        "32" : 0.000000,
        "64" : 0.000000,
        ">=64" : 0.000000
      },
      "iodepth_complete" : {
        "0" : 0.000000,
        "4" : 99.999985,
        "8" : 0.000000,
        "16" : 0.000000,
        "32" : 0.100000,
        "64" : 0.000000,
        ">=64" : 0.000000
      },
      "latency_ns" : {
        "2" : 0.000000,
        "4" : 0.000000,
        "10" : 0.000000,
        "20" : 0.000000,
        "50" : 0.000000,
        "100" : 0.000000,
        "250" : 0.000000,
        "500" : 0.000000,
        "750" : 0.000000,
        "1000" : 0.000000
      },
      "latency_us" : {
        "2" : 0.000000,
        "4" : 0.000000,
        "10" : 0.000000,
        "20" : 0.000000,
        "50" : 0.000000,
        "100" : 5.763821,
        "250" : 88.346683,
        "500" : 3.952043,
        "750" : 1.152538,
        "1000" : 0.399177
      },
      "latency_ms" : {
        "2" : 0.316183,
        "4" : 0.056825,
        "10" : 0.012245,
        "20" : 0.010000,
        "50" : 0.000000,
        "100" : 0.000000,
        "250" : 0.000000,
        "500" : 0.000000,
        "750" : 0.000000,
        "1000" : 0.000000,
        "2000" : 0.000000,
        ">=2000" : 0.000000
      },
      "latency_depth" : 32,
      "latency_target" : 0,
      "latency_percentile" : 100.000000,
      "latency_window" : 0
    }
  ],
  "disk_util" : [
    {
      "name" : "nvme2n2",
      "read_ios" : 0,
      "write_ios" : 582326,
      "read_merges" : 0,
      "write_merges" : 8477124,
      "read_ticks" : 0,
      "write_ticks" : 75219,
      "in_queue" : 75220,
      "util" : 99.830305
    }
  ]
}
