{
  "fio version" : "fio-3.28-261-gc3773-dirty",
  "timestamp" : 1646351294,
  "timestamp_ms" : 1646351294740,
  "time" : "Fri Mar  4 00:48:14 2022",
  "jobs" : [
    {
      "jobname" : "nvme2n2_randwrite_4Ki_queue-depth-32",
      "groupid" : 0,
      "error" : 0,
      "eta" : 0,
      "elapsed" : 41,
      "job options" : {
        "name" : "nvme2n2_randwrite_4Ki_queue-depth-32",
        "filename" : "/dev/nvme2n2",
        "direct" : "1",
        "size" : "107374182400",
        "ioengine" : "libaio",
        "iodepth" : "32",
        "rw" : "randwrite",
        "bs" : "4Ki",
        "runtime" : "30s",
        "numa_cpu_nodes" : "1",
        "ramp_time" : "10s",
        "zonemode" : "zbd",
        "max_open_zones" : "14"
      },
      "read" : {
        "io_bytes" : 0,
        "io_kbytes" : 0,
        "bw_bytes" : 0,
        "bw" : 0,
        "iops" : 0.000000,
        "runtime" : 0,
        "total_ios" : 0,
        "short_ios" : 0,
        "drop_ios" : 0,
        "slat_ns" : {
          "min" : 0,
          "max" : 0,
          "mean" : 0.000000,
          "stddev" : 0.000000,
          "N" : 0
        },
        "clat_ns" : {
          "min" : 0,
          "max" : 0,
          "mean" : 0.000000,
          "stddev" : 0.000000,
          "N" : 0
        },
        "lat_ns" : {
          "min" : 0,
          "max" : 0,
          "mean" : 0.000000,
          "stddev" : 0.000000,
          "N" : 0
        },
        "bw_min" : 0,
        "bw_max" : 0,
        "bw_agg" : 0.000000,
        "bw_mean" : 0.000000,
        "bw_dev" : 0.000000,
        "bw_samples" : 0,
        "iops_min" : 0,
        "iops_max" : 0,
        "iops_mean" : 0.000000,
        "iops_stddev" : 0.000000,
        "iops_samples" : 0
      },
      "write" : {
        "io_bytes" : 9499713536,
        "io_kbytes" : 9277064,
        "bw_bytes" : 316646562,
        "bw" : 309225,
        "iops" : 77305.256491,
        "runtime" : 30001,
        "total_ios" : 2319235,
        "short_ios" : 0,
        "drop_ios" : 0,
        "slat_ns" : {
          "min" : 1169,
          "max" : 115567,
          "mean" : 4446.686922,
          "stddev" : 2687.138569,
          "N" : 2319235
        },
        "clat_ns" : {
          "min" : 8053,
          "max" : 4550675,
          "mean" : 408419.851297,
          "stddev" : 298770.514223,
          "N" : 2319266,
          "percentile" : {
            "1.000000" : 31616,
            "5.000000" : 56064,
            "10.000000" : 96768,
            "20.000000" : 171008,
            "30.000000" : 230400,
            "40.000000" : 284672,
            "50.000000" : 342016,
            "60.000000" : 403456,
            "70.000000" : 485376,
            "80.000000" : 602112,
            "90.000000" : 806912,
            "95.000000" : 987136,
            "99.000000" : 1368064,
            "99.500000" : 1548288,
            "99.900000" : 2244608,
            "99.950000" : 2572288,
            "99.990000" : 3227648
          }
        },
        "lat_ns" : {
          "min" : 21733,
          "max" : 4555733,
          "mean" : 412991.616014,
          "stddev" : 298136.856318,
          "N" : 2319266
        },
        "bw_min" : 298432,
        "bw_max" : 315816,
        "bw_agg" : 100.000000,
        "bw_mean" : 309457.816667,
        "bw_dev" : 4504.318069,
        "bw_samples" : 60,
        "iops_min" : 74608,
        "iops_max" : 78954,
        "iops_mean" : 77364.383333,
        "iops_stddev" : 1126.116652,
        "iops_samples" : 60
      },
      "trim" : {
        "io_bytes" : 0,
        "io_kbytes" : 0,
        "bw_bytes" : 0,
        "bw" : 0,
        "iops" : 0.000000,
        "runtime" : 0,
        "total_ios" : 0,
        "short_ios" : 0,
        "drop_ios" : 0,
        "slat_ns" : {
          "min" : 0,
          "max" : 0,
          "mean" : 0.000000,
          "stddev" : 0.000000,
          "N" : 0
        },
        "clat_ns" : {
          "min" : 0,
          "max" : 0,
          "mean" : 0.000000,
          "stddev" : 0.000000,
          "N" : 0
        },
        "lat_ns" : {
          "min" : 0,
          "max" : 0,
          "mean" : 0.000000,
          "stddev" : 0.000000,
          "N" : 0
        },
        "bw_min" : 0,
        "bw_max" : 0,
        "bw_agg" : 0.000000,
        "bw_mean" : 0.000000,
        "bw_dev" : 0.000000,
        "bw_samples" : 0,
        "iops_min" : 0,
        "iops_max" : 0,
        "iops_mean" : 0.000000,
        "iops_stddev" : 0.000000,
        "iops_samples" : 0
      },
      "sync" : {
        "total_ios" : 0,
        "lat_ns" : {
          "min" : 0,
          "max" : 0,
          "mean" : 0.000000,
          "stddev" : 0.000000,
          "N" : 0
        }
      },
      "job_runtime" : 30000,
      "usr_cpu" : 9.980000,
      "sys_cpu" : 24.220000,
      "ctx" : 2499684,
      "majf" : 0,
      "minf" : 37,
      "iodepth_level" : {
        "1" : 0.100000,
        "2" : 0.100000,
        "4" : 0.100000,
        "8" : 0.100000,
        "16" : 0.100000,
        "32" : 99.998663,
        ">=64" : 0.000000
      },
      "iodepth_submit" : {
        "0" : 0.000000,
        "4" : 100.000000,
        "8" : 0.000000,
        "16" : 0.000000,
        "32" : 0.000000,
        "64" : 0.000000,
        ">=64" : 0.000000
      },
      "iodepth_complete" : {
        "0" : 0.000000,
        "4" : 99.999957,
        "8" : 0.000000,
        "16" : 0.000000,
        "32" : 0.100000,
        "64" : 0.000000,
        ">=64" : 0.000000
      },
      "latency_ns" : {
        "2" : 0.000000,
        "4" : 0.000000,
        "10" : 0.000000,
        "20" : 0.000000,
        "50" : 0.000000,
        "100" : 0.000000,
        "250" : 0.000000,
        "500" : 0.000000,
        "750" : 0.000000,
        "1000" : 0.000000
      },
      "latency_us" : {
        "2" : 0.000000,
        "4" : 0.000000,
        "10" : 0.010000,
        "20" : 0.020783,
        "50" : 4.081777,
        "100" : 6.229339,
        "250" : 23.163629,
        "500" : 38.005722,
        "750" : 16.262000,
        "1000" : 7.468885
      },
      "latency_ms" : {
        "2" : 4.610874,
        "4" : 0.156776,
        "10" : 0.010000,
        "20" : 0.000000,
        "50" : 0.000000,
        "100" : 0.000000,
        "250" : 0.000000,
        "500" : 0.000000,
        "750" : 0.000000,
        "1000" : 0.000000,
        "2000" : 0.000000,
        ">=2000" : 0.000000
      },
      "latency_depth" : 32,
      "latency_target" : 0,
      "latency_percentile" : 100.000000,
      "latency_window" : 0
    }
  ],
  "disk_util" : [
    {
      "name" : "nvme2n2",
      "read_ios" : 0,
      "write_ios" : 1922778,
      "read_merges" : 0,
      "write_merges" : 1166519,
      "read_ticks" : 0,
      "write_ticks" : 635049,
      "in_queue" : 635048,
      "util" : 99.822832
    }
  ]
}
