{
  "fio version" : "fio-3.28-261-gc3773-dirty",
  "timestamp" : 1646350915,
  "timestamp_ms" : 1646350915712,
  "time" : "Fri Mar  4 00:41:55 2022",
  "jobs" : [
    {
      "jobname" : "nvme2n2_overwrite-seq_4Ki_queue-depth-8",
      "groupid" : 0,
      "error" : 0,
      "eta" : 0,
      "elapsed" : 41,
      "job options" : {
        "name" : "nvme2n2_overwrite-seq_4Ki_queue-depth-8",
        "filename" : "/dev/nvme2n2",
        "direct" : "1",
        "size" : "107374182400",
        "ioengine" : "libaio",
        "iodepth" : "8",
        "rw" : "write",
        "bs" : "4Ki",
        "runtime" : "30s",
        "numa_cpu_nodes" : "1",
        "ramp_time" : "10s",
        "zonemode" : "zbd"
      },
      "read" : {
        "io_bytes" : 0,
        "io_kbytes" : 0,
        "bw_bytes" : 0,
        "bw" : 0,
        "iops" : 0.000000,
        "runtime" : 0,
        "total_ios" : 0,
        "short_ios" : 0,
        "drop_ios" : 0,
        "slat_ns" : {
          "min" : 0,
          "max" : 0,
          "mean" : 0.000000,
          "stddev" : 0.000000,
          "N" : 0
        },
        "clat_ns" : {
          "min" : 0,
          "max" : 0,
          "mean" : 0.000000,
          "stddev" : 0.000000,
          "N" : 0
        },
        "lat_ns" : {
          "min" : 0,
          "max" : 0,
          "mean" : 0.000000,
          "stddev" : 0.000000,
          "N" : 0
        },
        "bw_min" : 0,
        "bw_max" : 0,
        "bw_agg" : 0.000000,
        "bw_mean" : 0.000000,
        "bw_dev" : 0.000000,
        "bw_samples" : 0,
        "iops_min" : 0,
        "iops_max" : 0,
        "iops_mean" : 0.000000,
        "iops_stddev" : 0.000000,
        "iops_samples" : 0
      },
      "write" : {
        "io_bytes" : 14345920512,
        "io_kbytes" : 14009688,
        "bw_bytes" : 478181411,
        "bw" : 466974,
        "iops" : 116743.275224,
        "runtime" : 30001,
        "total_ios" : 3502415,
        "short_ios" : 0,
        "drop_ios" : 0,
        "slat_ns" : {
          "min" : 1153,
          "max" : 61908,
          "mean" : 2320.375149,
          "stddev" : 1495.775187,
          "N" : 3502415
        },
        "clat_ns" : {
          "min" : 25557,
          "max" : 12102673,
          "mean" : 65258.554680,
          "stddev" : 49321.995696,
          "N" : 3502422,
          "percentile" : {
            "1.000000" : 50944,
            "5.000000" : 54016,
            "10.000000" : 55040,
            "20.000000" : 58112,
            "30.000000" : 61696,
            "40.000000" : 63744,
            "50.000000" : 64768,
            "60.000000" : 66048,
            "70.000000" : 68096,
            "80.000000" : 70144,
            "90.000000" : 74240,
            "95.000000" : 77312,
            "99.000000" : 84480,
            "99.500000" : 86528,
            "99.900000" : 96768,
            "99.950000" : 113152,
            "99.990000" : 238592
          }
        },
        "lat_ns" : {
          "min" : 35659,
          "max" : 12104206,
          "mean" : 67668.519753,
          "stddev" : 49327.179878,
          "N" : 3502422
        },
        "bw_min" : 427374,
        "bw_max" : 557984,
        "bw_agg" : 100.000000,
        "bw_mean" : 467323.400000,
        "bw_dev" : 34821.441127,
        "bw_samples" : 60,
        "iops_min" : 106843,
        "iops_max" : 139496,
        "iops_mean" : 116830.833333,
        "iops_stddev" : 8705.265146,
        "iops_samples" : 60
      },
      "trim" : {
        "io_bytes" : 0,
        "io_kbytes" : 0,
        "bw_bytes" : 0,
        "bw" : 0,
        "iops" : 0.000000,
        "runtime" : 0,
        "total_ios" : 0,
        "short_ios" : 0,
        "drop_ios" : 0,
        "slat_ns" : {
          "min" : 0,
          "max" : 0,
          "mean" : 0.000000,
          "stddev" : 0.000000,
          "N" : 0
        },
        "clat_ns" : {
          "min" : 0,
          "max" : 0,
          "mean" : 0.000000,
          "stddev" : 0.000000,
          "N" : 0
        },
        "lat_ns" : {
          "min" : 0,
          "max" : 0,
          "mean" : 0.000000,
          "stddev" : 0.000000,
          "N" : 0
        },
        "bw_min" : 0,
        "bw_max" : 0,
        "bw_agg" : 0.000000,
        "bw_mean" : 0.000000,
        "bw_dev" : 0.000000,
        "bw_samples" : 0,
        "iops_min" : 0,
        "iops_max" : 0,
        "iops_mean" : 0.000000,
        "iops_stddev" : 0.000000,
        "iops_samples" : 0
      },
      "sync" : {
        "total_ios" : 0,
        "lat_ns" : {
          "min" : 0,
          "max" : 0,
          "mean" : 0.000000,
          "stddev" : 0.000000,
          "N" : 0
        }
      },
      "job_runtime" : 30000,
      "usr_cpu" : 13.766667,
      "sys_cpu" : 23.703333,
      "ctx" : 1753916,
      "majf" : 0,
      "minf" : 37,
      "iodepth_level" : {
        "1" : 0.100000,
        "2" : 0.100000,
        "4" : 0.100000,
        "8" : 99.997602,
        "16" : 0.000000,
        "32" : 0.000000,
        ">=64" : 0.000000
      },
      "iodepth_submit" : {
        "0" : 0.000000,
        "4" : 100.000000,
        "8" : 0.000000,
        "16" : 0.000000,
        "32" : 0.000000,
        "64" : 0.000000,
        ">=64" : 0.000000
      },
      "iodepth_complete" : {
        "0" : 0.000000,
        "4" : 99.999971,
        "8" : 0.100000,
        "16" : 0.000000,
        "32" : 0.000000,
        "64" : 0.000000,
        ">=64" : 0.000000
      },
      "latency_ns" : {
        "2" : 0.000000,
        "4" : 0.000000,
        "10" : 0.000000,
        "20" : 0.000000,
        "50" : 0.000000,
        "100" : 0.000000,
        "250" : 0.000000,
        "500" : 0.000000,
        "750" : 0.000000,
        "1000" : 0.000000
      },
      "latency_us" : {
        "2" : 0.000000,
        "4" : 0.000000,
        "10" : 0.000000,
        "20" : 0.000000,
        "50" : 0.258622,
        "100" : 99.661805,
        "250" : 0.069980,
        "500" : 0.010000,
        "750" : 0.010000,
        "1000" : 0.010000
      },
      "latency_ms" : {
        "2" : 0.010000,
        "4" : 0.000000,
        "10" : 0.010000,
        "20" : 0.010000,
        "50" : 0.000000,
        "100" : 0.000000,
        "250" : 0.000000,
        "500" : 0.000000,
        "750" : 0.000000,
        "1000" : 0.000000,
        "2000" : 0.000000,
        ">=2000" : 0.000000
      },
      "latency_depth" : 8,
      "latency_target" : 0,
      "latency_percentile" : 100.000000,
      "latency_window" : 0
    }
  ],
  "disk_util" : [
    {
      "name" : "nvme2n2",
      "read_ios" : 0,
      "write_ios" : 1162728,
      "read_merges" : 0,
      "write_merges" : 3483314,
      "read_ticks" : 0,
      "write_ticks" : 71684,
      "in_queue" : 71685,
      "util" : 99.830305
    }
  ]
}
