{
  "fio version" : "fio-3.28-261-gc3773-dirty",
  "timestamp" : 1646350102,
  "timestamp_ms" : 1646350102739,
  "time" : "Fri Mar  4 00:28:22 2022",
  "jobs" : [
    {
      "jobname" : "nvme2n2_randwrite_4Ki_queue-depth-2",
      "groupid" : 0,
      "error" : 0,
      "eta" : 0,
      "elapsed" : 41,
      "job options" : {
        "name" : "nvme2n2_randwrite_4Ki_queue-depth-2",
        "filename" : "/dev/nvme2n2",
        "direct" : "1",
        "size" : "107374182400",
        "ioengine" : "libaio",
        "iodepth" : "2",
        "rw" : "randwrite",
        "bs" : "4Ki",
        "runtime" : "30s",
        "numa_cpu_nodes" : "1",
        "ramp_time" : "10s",
        "zonemode" : "zbd",
        "max_open_zones" : "14"
      },
      "read" : {
        "io_bytes" : 0,
        "io_kbytes" : 0,
        "bw_bytes" : 0,
        "bw" : 0,
        "iops" : 0.000000,
        "runtime" : 0,
        "total_ios" : 0,
        "short_ios" : 0,
        "drop_ios" : 0,
        "slat_ns" : {
          "min" : 0,
          "max" : 0,
          "mean" : 0.000000,
          "stddev" : 0.000000,
          "N" : 0
        },
        "clat_ns" : {
          "min" : 0,
          "max" : 0,
          "mean" : 0.000000,
          "stddev" : 0.000000,
          "N" : 0
        },
        "lat_ns" : {
          "min" : 0,
          "max" : 0,
          "mean" : 0.000000,
          "stddev" : 0.000000,
          "N" : 0
        },
        "bw_min" : 0,
        "bw_max" : 0,
        "bw_agg" : 0.000000,
        "bw_mean" : 0.000000,
        "bw_dev" : 0.000000,
        "bw_samples" : 0,
        "iops_min" : 0,
        "iops_max" : 0,
        "iops_mean" : 0.000000,
        "iops_stddev" : 0.000000,
        "iops_samples" : 0
      },
      "write" : {
        "io_bytes" : 6522056704,
        "io_kbytes" : 6369196,
        "bw_bytes" : 217394643,
        "bw" : 212299,
        "iops" : 53074.830839,
        "runtime" : 30001,
        "total_ios" : 1592298,
        "short_ios" : 0,
        "drop_ios" : 0,
        "slat_ns" : {
          "min" : 2113,
          "max" : 51762,
          "mean" : 5415.372143,
          "stddev" : 892.321184,
          "N" : 1592298
        },
        "clat_ns" : {
          "min" : 6653,
          "max" : 7928916,
          "mean" : 31175.494948,
          "stddev" : 43274.655942,
          "N" : 1592299,
          "percentile" : {
            "1.000000" : 15552,
            "5.000000" : 18048,
            "10.000000" : 20608,
            "20.000000" : 23424,
            "30.000000" : 25472,
            "40.000000" : 27264,
            "50.000000" : 29568,
            "60.000000" : 31872,
            "70.000000" : 34048,
            "80.000000" : 37120,
            "90.000000" : 41216,
            "95.000000" : 45312,
            "99.000000" : 57088,
            "99.500000" : 65280,
            "99.900000" : 156672,
            "99.950000" : 346112,
            "99.990000" : 1286144
          }
        },
        "lat_ns" : {
          "min" : 17616,
          "max" : 7931675,
          "mean" : 36700.993948,
          "stddev" : 43254.808316,
          "N" : 1592299
        },
        "bw_min" : 198741,
        "bw_max" : 219176,
        "bw_agg" : 100.000000,
        "bw_mean" : 212359.305085,
        "bw_dev" : 4848.982425,
        "bw_samples" : 59,
        "iops_min" : 49685,
        "iops_max" : 54794,
        "iops_mean" : 53089.677966,
        "iops_stddev" : 1212.266991,
        "iops_samples" : 59
      },
      "trim" : {
        "io_bytes" : 0,
        "io_kbytes" : 0,
        "bw_bytes" : 0,
        "bw" : 0,
        "iops" : 0.000000,
        "runtime" : 0,
        "total_ios" : 0,
        "short_ios" : 0,
        "drop_ios" : 0,
        "slat_ns" : {
          "min" : 0,
          "max" : 0,
          "mean" : 0.000000,
          "stddev" : 0.000000,
          "N" : 0
        },
        "clat_ns" : {
          "min" : 0,
          "max" : 0,
          "mean" : 0.000000,
          "stddev" : 0.000000,
          "N" : 0
        },
        "lat_ns" : {
          "min" : 0,
          "max" : 0,
          "mean" : 0.000000,
          "stddev" : 0.000000,
          "N" : 0
        },
        "bw_min" : 0,
        "bw_max" : 0,
        "bw_agg" : 0.000000,
        "bw_mean" : 0.000000,
        "bw_dev" : 0.000000,
        "bw_samples" : 0,
        "iops_min" : 0,
        "iops_max" : 0,
        "iops_mean" : 0.000000,
        "iops_stddev" : 0.000000,
        "iops_samples" : 0
      },
      "sync" : {
        "total_ios" : 0,
        "lat_ns" : {
          "min" : 0,
          "max" : 0,
          "mean" : 0.000000,
          "stddev" : 0.000000,
          "N" : 0
        }
      },
      "job_runtime" : 30000,
      "usr_cpu" : 10.336667,
      "sys_cpu" : 24.486667,
      "ctx" : 2802435,
      "majf" : 0,
      "minf" : 37,
      "iodepth_level" : {
        "1" : 0.000000,
        "2" : 100.000000,
        "4" : 0.000000,
        "8" : 0.000000,
        "16" : 0.000000,
        "32" : 0.000000,
        ">=64" : 0.000000
      },
      "iodepth_submit" : {
        "0" : 0.000000,
        "4" : 100.000000,
        "8" : 0.000000,
        "16" : 0.000000,
        "32" : 0.000000,
        "64" : 0.000000,
        ">=64" : 0.000000
      },
      "iodepth_complete" : {
        "0" : 0.000000,
        "4" : 100.000000,
        "8" : 0.000000,
        "16" : 0.000000,
        "32" : 0.000000,
        "64" : 0.000000,
        ">=64" : 0.000000
      },
      "latency_ns" : {
        "2" : 0.000000,
        "4" : 0.000000,
        "10" : 0.000000,
        "20" : 0.000000,
        "50" : 0.000000,
        "100" : 0.000000,
        "250" : 0.000000,
        "500" : 0.000000,
        "750" : 0.000000,
        "1000" : 0.000000
      },
      "latency_us" : {
        "2" : 0.000000,
        "4" : 0.000000,
        "10" : 0.010000,
        "20" : 8.808025,
        "50" : 88.831236,
        "100" : 2.196511,
        "250" : 0.098725,
        "500" : 0.029454,
        "750" : 0.013565,
        "1000" : 0.010000
      },
      "latency_ms" : {
        "2" : 0.010000,
        "4" : 0.010000,
        "10" : 0.010000,
        "20" : 0.000000,
        "50" : 0.000000,
        "100" : 0.000000,
        "250" : 0.000000,
        "500" : 0.000000,
        "750" : 0.000000,
        "1000" : 0.000000,
        "2000" : 0.000000,
        ">=2000" : 0.000000
      },
      "latency_depth" : 2,
      "latency_target" : 0,
      "latency_percentile" : 100.000000,
      "latency_window" : 0
    }
  ],
  "disk_util" : [
    {
      "name" : "nvme2n2",
      "read_ios" : 0,
      "write_ios" : 2107948,
      "read_merges" : 0,
      "write_merges" : 36,
      "read_ticks" : 0,
      "write_ticks" : 67407,
      "in_queue" : 67407,
      "util" : 99.814192
    }
  ]
}
