{
  "fio version" : "fio-3.28-261-gc3773-dirty",
  "timestamp" : 1646350956,
  "timestamp_ms" : 1646350956108,
  "time" : "Fri Mar  4 00:42:36 2022",
  "jobs" : [
    {
      "jobname" : "nvme2n2_overwrite-rand_4Ki_queue-depth-8",
      "groupid" : 0,
      "error" : 0,
      "eta" : 0,
      "elapsed" : 41,
      "job options" : {
        "name" : "nvme2n2_overwrite-rand_4Ki_queue-depth-8",
        "filename" : "/dev/nvme2n2",
        "direct" : "1",
        "size" : "107374182400",
        "ioengine" : "libaio",
        "iodepth" : "8",
        "rw" : "randwrite",
        "bs" : "4Ki",
        "runtime" : "30s",
        "numa_cpu_nodes" : "1",
        "ramp_time" : "10s",
        "zonemode" : "zbd",
        "max_open_zones" : "14"
      },
      "read" : {
        "io_bytes" : 0,
        "io_kbytes" : 0,
        "bw_bytes" : 0,
        "bw" : 0,
        "iops" : 0.000000,
        "runtime" : 0,
        "total_ios" : 0,
        "short_ios" : 0,
        "drop_ios" : 0,
        "slat_ns" : {
          "min" : 0,
          "max" : 0,
          "mean" : 0.000000,
          "stddev" : 0.000000,
          "N" : 0
        },
        "clat_ns" : {
          "min" : 0,
          "max" : 0,
          "mean" : 0.000000,
          "stddev" : 0.000000,
          "N" : 0
        },
        "lat_ns" : {
          "min" : 0,
          "max" : 0,
          "mean" : 0.000000,
          "stddev" : 0.000000,
          "N" : 0
        },
        "bw_min" : 0,
        "bw_max" : 0,
        "bw_agg" : 0.000000,
        "bw_mean" : 0.000000,
        "bw_dev" : 0.000000,
        "bw_samples" : 0,
        "iops_min" : 0,
        "iops_max" : 0,
        "iops_mean" : 0.000000,
        "iops_stddev" : 0.000000,
        "iops_samples" : 0
      },
      "write" : {
        "io_bytes" : 6672494592,
        "io_kbytes" : 6516108,
        "bw_bytes" : 222409072,
        "bw" : 217196,
        "iops" : 54298.856705,
        "runtime" : 30001,
        "total_ios" : 1629020,
        "short_ios" : 0,
        "drop_ios" : 0,
        "slat_ns" : {
          "min" : 1272,
          "max" : 63292,
          "mean" : 5641.478494,
          "stddev" : 1927.415424,
          "N" : 1629020
        },
        "clat_ns" : {
          "min" : 5550,
          "max" : 3281606,
          "mean" : 140590.888355,
          "stddev" : 90908.191216,
          "N" : 1629027,
          "percentile" : {
            "1.000000" : 28288,
            "5.000000" : 38656,
            "10.000000" : 48384,
            "20.000000" : 67072,
            "30.000000" : 87552,
            "40.000000" : 107008,
            "50.000000" : 127488,
            "60.000000" : 148480,
            "70.000000" : 171008,
            "80.000000" : 199680,
            "90.000000" : 242688,
            "95.000000" : 284672,
            "99.000000" : 387072,
            "99.500000" : 460800,
            "99.900000" : 897024,
            "99.950000" : 1220608,
            "99.990000" : 2056192
          }
        },
        "lat_ns" : {
          "min" : 20072,
          "max" : 3287509,
          "mean" : 146355.000712,
          "stddev" : 90583.148255,
          "N" : 1629027
        },
        "bw_min" : 214656,
        "bw_max" : 219671,
        "bw_agg" : 100.000000,
        "bw_mean" : 217347.322034,
        "bw_dev" : 993.385529,
        "bw_samples" : 59,
        "iops_min" : 53664,
        "iops_max" : 54917,
        "iops_mean" : 54336.661017,
        "iops_stddev" : 248.348935,
        "iops_samples" : 59
      },
      "trim" : {
        "io_bytes" : 0,
        "io_kbytes" : 0,
        "bw_bytes" : 0,
        "bw" : 0,
        "iops" : 0.000000,
        "runtime" : 0,
        "total_ios" : 0,
        "short_ios" : 0,
        "drop_ios" : 0,
        "slat_ns" : {
          "min" : 0,
          "max" : 0,
          "mean" : 0.000000,
          "stddev" : 0.000000,
          "N" : 0
        },
        "clat_ns" : {
          "min" : 0,
          "max" : 0,
          "mean" : 0.000000,
          "stddev" : 0.000000,
          "N" : 0
        },
        "lat_ns" : {
          "min" : 0,
          "max" : 0,
          "mean" : 0.000000,
          "stddev" : 0.000000,
          "N" : 0
        },
        "bw_min" : 0,
        "bw_max" : 0,
        "bw_agg" : 0.000000,
        "bw_mean" : 0.000000,
        "bw_dev" : 0.000000,
        "bw_samples" : 0,
        "iops_min" : 0,
        "iops_max" : 0,
        "iops_mean" : 0.000000,
        "iops_stddev" : 0.000000,
        "iops_samples" : 0
      },
      "sync" : {
        "total_ios" : 0,
        "lat_ns" : {
          "min" : 0,
          "max" : 0,
          "mean" : 0.000000,
          "stddev" : 0.000000,
          "N" : 0
        }
      },
      "job_runtime" : 30000,
      "usr_cpu" : 8.586667,
      "sys_cpu" : 21.460000,
      "ctx" : 2604411,
      "majf" : 0,
      "minf" : 37,
      "iodepth_level" : {
        "1" : 0.000000,
        "2" : 0.000000,
        "4" : 0.000000,
        "8" : 100.000000,
        "16" : 0.000000,
        "32" : 0.000000,
        ">=64" : 0.000000
      },
      "iodepth_submit" : {
        "0" : 0.000000,
        "4" : 100.000000,
        "8" : 0.000000,
        "16" : 0.000000,
        "32" : 0.000000,
        "64" : 0.000000,
        ">=64" : 0.000000
      },
      "iodepth_complete" : {
        "0" : 0.000000,
        "4" : 99.999939,
        "8" : 0.100000,
        "16" : 0.000000,
        "32" : 0.000000,
        "64" : 0.000000,
        ">=64" : 0.000000
      },
      "latency_ns" : {
        "2" : 0.000000,
        "4" : 0.000000,
        "10" : 0.000000,
        "20" : 0.000000,
        "50" : 0.000000,
        "100" : 0.000000,
        "250" : 0.000000,
        "500" : 0.000000,
        "750" : 0.000000,
        "1000" : 0.000000
      },
      "latency_us" : {
        "2" : 0.000000,
        "4" : 0.000000,
        "10" : 0.010000,
        "20" : 0.055555,
        "50" : 10.742655,
        "100" : 25.656161,
        "250" : 54.599330,
        "500" : 8.552443,
        "750" : 0.247879,
        "1000" : 0.068446
      },
      "latency_ms" : {
        "2" : 0.066604,
        "4" : 0.011172,
        "10" : 0.000000,
        "20" : 0.000000,
        "50" : 0.000000,
        "100" : 0.000000,
        "250" : 0.000000,
        "500" : 0.000000,
        "750" : 0.000000,
        "1000" : 0.000000,
        "2000" : 0.000000,
        ">=2000" : 0.000000
      },
      "latency_depth" : 8,
      "latency_target" : 0,
      "latency_percentile" : 100.000000,
      "latency_window" : 0
    }
  ],
  "disk_util" : [
    {
      "name" : "nvme2n2",
      "read_ios" : 0,
      "write_ios" : 2012560,
      "read_merges" : 0,
      "write_merges" : 151421,
      "read_ticks" : 0,
      "write_ticks" : 271660,
      "in_queue" : 271659,
      "util" : 99.832813
    }
  ]
}
