{
  "fio version" : "fio-3.28-261-gc3773-dirty",
  "timestamp" : 1646351635,
  "timestamp_ms" : 1646351635082,
  "time" : "Fri Mar  4 00:53:55 2022",
  "jobs" : [
    {
      "jobname" : "nvme2n2_write_4Ki_queue-depth-64",
      "groupid" : 0,
      "error" : 0,
      "eta" : 0,
      "elapsed" : 41,
      "job options" : {
        "name" : "nvme2n2_write_4Ki_queue-depth-64",
        "filename" : "/dev/nvme2n2",
        "direct" : "1",
        "size" : "107374182400",
        "ioengine" : "libaio",
        "iodepth" : "64",
        "rw" : "write",
        "bs" : "4Ki",
        "runtime" : "30s",
        "numa_cpu_nodes" : "1",
        "ramp_time" : "10s",
        "zonemode" : "zbd"
      },
      "read" : {
        "io_bytes" : 0,
        "io_kbytes" : 0,
        "bw_bytes" : 0,
        "bw" : 0,
        "iops" : 0.000000,
        "runtime" : 0,
        "total_ios" : 0,
        "short_ios" : 0,
        "drop_ios" : 0,
        "slat_ns" : {
          "min" : 0,
          "max" : 0,
          "mean" : 0.000000,
          "stddev" : 0.000000,
          "N" : 0
        },
        "clat_ns" : {
          "min" : 0,
          "max" : 0,
          "mean" : 0.000000,
          "stddev" : 0.000000,
          "N" : 0
        },
        "lat_ns" : {
          "min" : 0,
          "max" : 0,
          "mean" : 0.000000,
          "stddev" : 0.000000,
          "N" : 0
        },
        "bw_min" : 0,
        "bw_max" : 0,
        "bw_agg" : 0.000000,
        "bw_mean" : 0.000000,
        "bw_dev" : 0.000000,
        "bw_samples" : 0,
        "iops_min" : 0,
        "iops_max" : 0,
        "iops_mean" : 0.000000,
        "iops_stddev" : 0.000000,
        "iops_samples" : 0
      },
      "write" : {
        "io_bytes" : 27210960896,
        "io_kbytes" : 26573204,
        "bw_bytes" : 907001796,
        "bw" : 885743,
        "iops" : 221433.885537,
        "runtime" : 30001,
        "total_ios" : 6643238,
        "short_ios" : 0,
        "drop_ios" : 0,
        "slat_ns" : {
          "min" : 1188,
          "max" : 68477,
          "mean" : 2047.071924,
          "stddev" : 2476.933932,
          "N" : 6643238
        },
        "clat_ns" : {
          "min" : 34075,
          "max" : 12622851,
          "mean" : 286334.610865,
          "stddev" : 400183.086373,
          "N" : 6643301,
          "percentile" : {
            "1.000000" : 166912,
            "5.000000" : 171008,
            "10.000000" : 177152,
            "20.000000" : 181248,
            "30.000000" : 181248,
            "40.000000" : 183296,
            "50.000000" : 189440,
            "60.000000" : 193536,
            "70.000000" : 203776,
            "80.000000" : 284672,
            "90.000000" : 481280,
            "95.000000" : 741376,
            "99.000000" : 1302528,
            "99.500000" : 2146304,
            "99.900000" : 7766016,
            "99.950000" : 8159232,
            "99.990000" : 9109504
          }
        },
        "lat_ns" : {
          "min" : 40077,
          "max" : 12624227,
          "mean" : 288500.815134,
          "stddev" : 400236.140006,
          "N" : 6643301
        },
        "bw_min" : 650800,
        "bw_max" : 1072753,
        "bw_agg" : 100.000000,
        "bw_mean" : 888149.474576,
        "bw_dev" : 120894.273571,
        "bw_samples" : 59,
        "iops_min" : 162700,
        "iops_max" : 268188,
        "iops_mean" : 222037.271186,
        "iops_stddev" : 30223.681338,
        "iops_samples" : 59
      },
      "trim" : {
        "io_bytes" : 0,
        "io_kbytes" : 0,
        "bw_bytes" : 0,
        "bw" : 0,
        "iops" : 0.000000,
        "runtime" : 0,
        "total_ios" : 0,
        "short_ios" : 0,
        "drop_ios" : 0,
        "slat_ns" : {
          "min" : 0,
          "max" : 0,
          "mean" : 0.000000,
          "stddev" : 0.000000,
          "N" : 0
        },
        "clat_ns" : {
          "min" : 0,
          "max" : 0,
          "mean" : 0.000000,
          "stddev" : 0.000000,
          "N" : 0
        },
        "lat_ns" : {
          "min" : 0,
          "max" : 0,
          "mean" : 0.000000,
          "stddev" : 0.000000,
          "N" : 0
        },
        "bw_min" : 0,
        "bw_max" : 0,
        "bw_agg" : 0.000000,
        "bw_mean" : 0.000000,
        "bw_dev" : 0.000000,
        "bw_samples" : 0,
        "iops_min" : 0,
        "iops_max" : 0,
        "iops_mean" : 0.000000,
        "iops_stddev" : 0.000000,
        "iops_samples" : 0
      },
      "sync" : {
        "total_ios" : 0,
        "lat_ns" : {
          "min" : 0,
          "max" : 0,
          "mean" : 0.000000,
          "stddev" : 0.000000,
          "N" : 0
        }
      },
      "job_runtime" : 30000,
      "usr_cpu" : 23.026667,
      "sys_cpu" : 41.156667,
      "ctx" : 754192,
      "majf" : 0,
      "minf" : 37,
      "iodepth_level" : {
        "1" : 0.000000,
        "2" : 0.000000,
        "4" : 0.000000,
        "8" : 0.000000,
        "16" : 0.000000,
        "32" : 0.000000,
        ">=64" : 100.000000
      },
      "iodepth_submit" : {
        "0" : 0.000000,
        "4" : 100.000000,
        "8" : 0.000000,
        "16" : 0.000000,
        "32" : 0.000000,
        "64" : 0.000000,
        ">=64" : 0.000000
      },
      "iodepth_complete" : {
        "0" : 0.000000,
        "4" : 99.999985,
        "8" : 0.000000,
        "16" : 0.000000,
        "32" : 0.000000,
        "64" : 0.100000,
        ">=64" : 0.000000
      },
      "latency_ns" : {
        "2" : 0.000000,
        "4" : 0.000000,
        "10" : 0.000000,
        "20" : 0.000000,
        "50" : 0.000000,
        "100" : 0.000000,
        "250" : 0.000000,
        "500" : 0.000000,
        "750" : 0.000000,
        "1000" : 0.000000
      },
      "latency_us" : {
        "2" : 0.000000,
        "4" : 0.000000,
        "10" : 0.000000,
        "20" : 0.000000,
        "50" : 0.010000,
        "100" : 0.010000,
        "250" : 76.810886,
        "500" : 13.694165,
        "750" : 4.603192,
        "1000" : 2.994338
      },
      "latency_ms" : {
        "2" : 1.308519,
        "4" : 0.381651,
        "10" : 0.201453,
        "20" : 0.010000,
        "50" : 0.000000,
        "100" : 0.000000,
        "250" : 0.000000,
        "500" : 0.000000,
        "750" : 0.000000,
        "1000" : 0.000000,
        "2000" : 0.000000,
        ">=2000" : 0.000000
      },
      "latency_depth" : 64,
      "latency_target" : 0,
      "latency_percentile" : 100.000000,
      "latency_window" : 0
    }
  ],
  "disk_util" : [
    {
      "name" : "nvme2n2",
      "read_ios" : 0,
      "write_ios" : 498033,
      "read_merges" : 0,
      "write_merges" : 8268175,
      "read_ticks" : 0,
      "write_ticks" : 74000,
      "in_queue" : 74001,
      "util" : 99.825323
    }
  ]
}
