{
  "fio version" : "fio-3.28-261-gc3773-dirty",
  "timestamp" : 1646351335,
  "timestamp_ms" : 1646351335301,
  "time" : "Fri Mar  4 00:48:55 2022",
  "jobs" : [
    {
      "jobname" : "nvme2n2_write_4Ki_queue-depth-32",
      "groupid" : 0,
      "error" : 0,
      "eta" : 0,
      "elapsed" : 41,
      "job options" : {
        "name" : "nvme2n2_write_4Ki_queue-depth-32",
        "filename" : "/dev/nvme2n2",
        "direct" : "1",
        "size" : "107374182400",
        "ioengine" : "libaio",
        "iodepth" : "32",
        "rw" : "write",
        "bs" : "4Ki",
        "runtime" : "30s",
        "numa_cpu_nodes" : "1",
        "ramp_time" : "10s",
        "zonemode" : "zbd"
      },
      "read" : {
        "io_bytes" : 0,
        "io_kbytes" : 0,
        "bw_bytes" : 0,
        "bw" : 0,
        "iops" : 0.000000,
        "runtime" : 0,
        "total_ios" : 0,
        "short_ios" : 0,
        "drop_ios" : 0,
        "slat_ns" : {
          "min" : 0,
          "max" : 0,
          "mean" : 0.000000,
          "stddev" : 0.000000,
          "N" : 0
        },
        "clat_ns" : {
          "min" : 0,
          "max" : 0,
          "mean" : 0.000000,
          "stddev" : 0.000000,
          "N" : 0
        },
        "lat_ns" : {
          "min" : 0,
          "max" : 0,
          "mean" : 0.000000,
          "stddev" : 0.000000,
          "N" : 0
        },
        "bw_min" : 0,
        "bw_max" : 0,
        "bw_agg" : 0.000000,
        "bw_mean" : 0.000000,
        "bw_dev" : 0.000000,
        "bw_samples" : 0,
        "iops_min" : 0,
        "iops_max" : 0,
        "iops_mean" : 0.000000,
        "iops_stddev" : 0.000000,
        "iops_samples" : 0
      },
      "write" : {
        "io_bytes" : 28188868608,
        "io_kbytes" : 27528192,
        "bw_bytes" : 939597633,
        "bw" : 917575,
        "iops" : 229392.920236,
        "runtime" : 30001,
        "total_ios" : 6882017,
        "short_ios" : 0,
        "drop_ios" : 0,
        "slat_ns" : {
          "min" : 1097,
          "max" : 63164,
          "mean" : 1599.604624,
          "stddev" : 1181.889576,
          "N" : 6882017
        },
        "clat_ns" : {
          "min" : 36887,
          "max" : 12238523,
          "mean" : 137449.106146,
          "stddev" : 139624.823131,
          "N" : 6882048,
          "percentile" : {
            "1.000000" : 93696,
            "5.000000" : 99840,
            "10.000000" : 100864,
            "20.000000" : 101888,
            "30.000000" : 103936,
            "40.000000" : 104960,
            "50.000000" : 105984,
            "60.000000" : 108032,
            "70.000000" : 111104,
            "80.000000" : 117248,
            "90.000000" : 187392,
            "95.000000" : 276480,
            "99.000000" : 675840,
            "99.500000" : 839680,
            "99.900000" : 1810432,
            "99.950000" : 2146304,
            "99.990000" : 2965504
          }
        },
        "lat_ns" : {
          "min" : 41905,
          "max" : 12240004,
          "mean" : 139133.956586,
          "stddev" : 139666.025928,
          "N" : 6882048
        },
        "bw_min" : 746912,
        "bw_max" : 1071496,
        "bw_agg" : 100.000000,
        "bw_mean" : 918258.983333,
        "bw_dev" : 121318.126609,
        "bw_samples" : 60,
        "iops_min" : 186728,
        "iops_max" : 267874,
        "iops_mean" : 229564.466667,
        "iops_stddev" : 30329.477478,
        "iops_samples" : 60
      },
      "trim" : {
        "io_bytes" : 0,
        "io_kbytes" : 0,
        "bw_bytes" : 0,
        "bw" : 0,
        "iops" : 0.000000,
        "runtime" : 0,
        "total_ios" : 0,
        "short_ios" : 0,
        "drop_ios" : 0,
        "slat_ns" : {
          "min" : 0,
          "max" : 0,
          "mean" : 0.000000,
          "stddev" : 0.000000,
          "N" : 0
        },
        "clat_ns" : {
          "min" : 0,
          "max" : 0,
          "mean" : 0.000000,
          "stddev" : 0.000000,
          "N" : 0
        },
        "lat_ns" : {
          "min" : 0,
          "max" : 0,
          "mean" : 0.000000,
          "stddev" : 0.000000,
          "N" : 0
        },
        "bw_min" : 0,
        "bw_max" : 0,
        "bw_agg" : 0.000000,
        "bw_mean" : 0.000000,
        "bw_dev" : 0.000000,
        "bw_samples" : 0,
        "iops_min" : 0,
        "iops_max" : 0,
        "iops_mean" : 0.000000,
        "iops_stddev" : 0.000000,
        "iops_samples" : 0
      },
      "sync" : {
        "total_ios" : 0,
        "lat_ns" : {
          "min" : 0,
          "max" : 0,
          "mean" : 0.000000,
          "stddev" : 0.000000,
          "N" : 0
        }
      },
      "job_runtime" : 30000,
      "usr_cpu" : 19.926667,
      "sys_cpu" : 33.846667,
      "ctx" : 882387,
      "majf" : 0,
      "minf" : 38,
      "iodepth_level" : {
        "1" : 0.000000,
        "2" : 0.000000,
        "4" : 0.000000,
        "8" : 0.000000,
        "16" : 0.000000,
        "32" : 100.000000,
        ">=64" : 0.000000
      },
      "iodepth_submit" : {
        "0" : 0.000000,
        "4" : 100.000000,
        "8" : 0.000000,
        "16" : 0.000000,
        "32" : 0.000000,
        "64" : 0.000000,
        ">=64" : 0.000000
      },
      "iodepth_complete" : {
        "0" : 0.000000,
        "4" : 99.999985,
        "8" : 0.000000,
        "16" : 0.000000,
        "32" : 0.100000,
        "64" : 0.000000,
        ">=64" : 0.000000
      },
      "latency_ns" : {
        "2" : 0.000000,
        "4" : 0.000000,
        "10" : 0.000000,
        "20" : 0.000000,
        "50" : 0.000000,
        "100" : 0.000000,
        "250" : 0.000000,
        "500" : 0.000000,
        "750" : 0.000000,
        "1000" : 0.000000
      },
      "latency_us" : {
        "2" : 0.000000,
        "4" : 0.000000,
        "10" : 0.000000,
        "20" : 0.000000,
        "50" : 0.010000,
        "100" : 6.023292,
        "250" : 87.913064,
        "500" : 4.194439,
        "750" : 1.144069,
        "1000" : 0.358340
      },
      "latency_ms" : {
        "2" : 0.300857,
        "4" : 0.059997,
        "10" : 0.010000,
        "20" : 0.010000,
        "50" : 0.000000,
        "100" : 0.000000,
        "250" : 0.000000,
        "500" : 0.000000,
        "750" : 0.000000,
        "1000" : 0.000000,
        "2000" : 0.000000,
        ">=2000" : 0.000000
      },
      "latency_depth" : 32,
      "latency_target" : 0,
      "latency_percentile" : 100.000000,
      "latency_window" : 0
    }
  ],
  "disk_util" : [
    {
      "name" : "nvme2n2",
      "read_ios" : 0,
      "write_ios" : 581053,
      "read_merges" : 0,
      "write_merges" : 8463879,
      "read_ticks" : 0,
      "write_ticks" : 75657,
      "in_queue" : 75657,
      "util" : 99.830305
    }
  ]
}
