{
  "fio version" : "fio-3.28-261-gc3773-dirty",
  "timestamp" : 1646350401,
  "timestamp_ms" : 1646350401325,
  "time" : "Fri Mar  4 00:33:21 2022",
  "jobs" : [
    {
      "jobname" : "nvme2n2_randwrite_4Ki_queue-depth-4",
      "groupid" : 0,
      "error" : 0,
      "eta" : 0,
      "elapsed" : 41,
      "job options" : {
        "name" : "nvme2n2_randwrite_4Ki_queue-depth-4",
        "filename" : "/dev/nvme2n2",
        "direct" : "1",
        "size" : "107374182400",
        "ioengine" : "libaio",
        "iodepth" : "4",
        "rw" : "randwrite",
        "bs" : "4Ki",
        "runtime" : "30s",
        "numa_cpu_nodes" : "1",
        "ramp_time" : "10s",
        "zonemode" : "zbd",
        "max_open_zones" : "14"
      },
      "read" : {
        "io_bytes" : 0,
        "io_kbytes" : 0,
        "bw_bytes" : 0,
        "bw" : 0,
        "iops" : 0.000000,
        "runtime" : 0,
        "total_ios" : 0,
        "short_ios" : 0,
        "drop_ios" : 0,
        "slat_ns" : {
          "min" : 0,
          "max" : 0,
          "mean" : 0.000000,
          "stddev" : 0.000000,
          "N" : 0
        },
        "clat_ns" : {
          "min" : 0,
          "max" : 0,
          "mean" : 0.000000,
          "stddev" : 0.000000,
          "N" : 0
        },
        "lat_ns" : {
          "min" : 0,
          "max" : 0,
          "mean" : 0.000000,
          "stddev" : 0.000000,
          "N" : 0
        },
        "bw_min" : 0,
        "bw_max" : 0,
        "bw_agg" : 0.000000,
        "bw_mean" : 0.000000,
        "bw_dev" : 0.000000,
        "bw_samples" : 0,
        "iops_min" : 0,
        "iops_max" : 0,
        "iops_mean" : 0.000000,
        "iops_stddev" : 0.000000,
        "iops_samples" : 0
      },
      "write" : {
        "io_bytes" : 6377463808,
        "io_kbytes" : 6227992,
        "bw_bytes" : 212575041,
        "bw" : 207592,
        "iops" : 51898.070064,
        "runtime" : 30001,
        "total_ios" : 1556994,
        "short_ios" : 0,
        "drop_ios" : 0,
        "slat_ns" : {
          "min" : 1320,
          "max" : 58585,
          "mean" : 5533.892926,
          "stddev" : 1328.445273,
          "N" : 1556995
        },
        "clat_ns" : {
          "min" : 7823,
          "max" : 5909087,
          "mean" : 70583.173003,
          "stddev" : 52817.931264,
          "N" : 1556997,
          "percentile" : {
            "1.000000" : 23424,
            "5.000000" : 29568,
            "10.000000" : 33536,
            "20.000000" : 39680,
            "30.000000" : 45312,
            "40.000000" : 51968,
            "50.000000" : 59648,
            "60.000000" : 69120,
            "70.000000" : 80384,
            "80.000000" : 95744,
            "90.000000" : 118272,
            "95.000000" : 138240,
            "99.000000" : 191488,
            "99.500000" : 232448,
            "99.900000" : 577536,
            "99.950000" : 954368,
            "99.990000" : 1777664
          }
        },
        "lat_ns" : {
          "min" : 18717,
          "max" : 5911041,
          "mean" : 76230.539158,
          "stddev" : 52706.925533,
          "N" : 1556997
        },
        "bw_min" : 202832,
        "bw_max" : 211511,
        "bw_agg" : 100.000000,
        "bw_mean" : 207749.933333,
        "bw_dev" : 2822.283220,
        "bw_samples" : 60,
        "iops_min" : 50708,
        "iops_max" : 52877,
        "iops_mean" : 51937.383333,
        "iops_stddev" : 705.497519,
        "iops_samples" : 60
      },
      "trim" : {
        "io_bytes" : 0,
        "io_kbytes" : 0,
        "bw_bytes" : 0,
        "bw" : 0,
        "iops" : 0.000000,
        "runtime" : 0,
        "total_ios" : 0,
        "short_ios" : 0,
        "drop_ios" : 0,
        "slat_ns" : {
          "min" : 0,
          "max" : 0,
          "mean" : 0.000000,
          "stddev" : 0.000000,
          "N" : 0
        },
        "clat_ns" : {
          "min" : 0,
          "max" : 0,
          "mean" : 0.000000,
          "stddev" : 0.000000,
          "N" : 0
        },
        "lat_ns" : {
          "min" : 0,
          "max" : 0,
          "mean" : 0.000000,
          "stddev" : 0.000000,
          "N" : 0
        },
        "bw_min" : 0,
        "bw_max" : 0,
        "bw_agg" : 0.000000,
        "bw_mean" : 0.000000,
        "bw_dev" : 0.000000,
        "bw_samples" : 0,
        "iops_min" : 0,
        "iops_max" : 0,
        "iops_mean" : 0.000000,
        "iops_stddev" : 0.000000,
        "iops_samples" : 0
      },
      "sync" : {
        "total_ios" : 0,
        "lat_ns" : {
          "min" : 0,
          "max" : 0,
          "mean" : 0.000000,
          "stddev" : 0.000000,
          "N" : 0
        }
      },
      "job_runtime" : 30000,
      "usr_cpu" : 7.876667,
      "sys_cpu" : 23.333333,
      "ctx" : 2591177,
      "majf" : 0,
      "minf" : 37,
      "iodepth_level" : {
        "1" : 0.000000,
        "2" : 0.000000,
        "4" : 100.000000,
        "8" : 0.000000,
        "16" : 0.000000,
        "32" : 0.000000,
        ">=64" : 0.000000
      },
      "iodepth_submit" : {
        "0" : 0.000000,
        "4" : 100.000000,
        "8" : 0.000000,
        "16" : 0.000000,
        "32" : 0.000000,
        "64" : 0.000000,
        ">=64" : 0.000000
      },
      "iodepth_complete" : {
        "0" : 0.000000,
        "4" : 100.000000,
        "8" : 0.000000,
        "16" : 0.000000,
        "32" : 0.000000,
        "64" : 0.000000,
        ">=64" : 0.000000
      },
      "latency_ns" : {
        "2" : 0.000000,
        "4" : 0.000000,
        "10" : 0.000000,
        "20" : 0.000000,
        "50" : 0.000000,
        "100" : 0.000000,
        "250" : 0.000000,
        "500" : 0.000000,
        "750" : 0.000000,
        "1000" : 0.000000
      },
      "latency_us" : {
        "2" : 0.000000,
        "4" : 0.000000,
        "10" : 0.010000,
        "20" : 0.212653,
        "50" : 37.128788,
        "100" : 45.213148,
        "250" : 17.025371,
        "500" : 0.295313,
        "750" : 0.054014,
        "1000" : 0.023378
      },
      "latency_ms" : {
        "2" : 0.040719,
        "4" : 0.010000,
        "10" : 0.010000,
        "20" : 0.000000,
        "50" : 0.000000,
        "100" : 0.000000,
        "250" : 0.000000,
        "500" : 0.000000,
        "750" : 0.000000,
        "1000" : 0.000000,
        "2000" : 0.000000,
        ">=2000" : 0.000000
      },
      "latency_depth" : 4,
      "latency_target" : 0,
      "latency_percentile" : 100.000000,
      "latency_window" : 0
    }
  ],
  "disk_util" : [
    {
      "name" : "nvme2n2",
      "read_ios" : 0,
      "write_ios" : 2047225,
      "read_merges" : 0,
      "write_merges" : 26461,
      "read_ticks" : 0,
      "write_ticks" : 143646,
      "in_queue" : 143647,
      "util" : 99.822832
    }
  ]
}
