{
  "fio version" : "fio-3.28-261-gc3773-dirty",
  "timestamp" : 1646352746,
  "timestamp_ms" : 1646352746483,
  "time" : "Fri Mar  4 01:12:26 2022",
  "jobs" : [
    {
      "jobname" : "nvme2n2_overwrite-rand_4Ki_queue-depth-512",
      "groupid" : 0,
      "error" : 0,
      "eta" : 0,
      "elapsed" : 41,
      "job options" : {
        "name" : "nvme2n2_overwrite-rand_4Ki_queue-depth-512",
        "filename" : "/dev/nvme2n2",
        "direct" : "1",
        "size" : "107374182400",
        "ioengine" : "libaio",
        "iodepth" : "512",
        "rw" : "randwrite",
        "bs" : "4Ki",
        "runtime" : "30s",
        "numa_cpu_nodes" : "1",
        "ramp_time" : "10s",
        "zonemode" : "zbd",
        "max_open_zones" : "14"
      },
      "read" : {
        "io_bytes" : 0,
        "io_kbytes" : 0,
        "bw_bytes" : 0,
        "bw" : 0,
        "iops" : 0.000000,
        "runtime" : 0,
        "total_ios" : 0,
        "short_ios" : 0,
        "drop_ios" : 0,
        "slat_ns" : {
          "min" : 0,
          "max" : 0,
          "mean" : 0.000000,
          "stddev" : 0.000000,
          "N" : 0
        },
        "clat_ns" : {
          "min" : 0,
          "max" : 0,
          "mean" : 0.000000,
          "stddev" : 0.000000,
          "N" : 0
        },
        "lat_ns" : {
          "min" : 0,
          "max" : 0,
          "mean" : 0.000000,
          "stddev" : 0.000000,
          "N" : 0
        },
        "bw_min" : 0,
        "bw_max" : 0,
        "bw_agg" : 0.000000,
        "bw_mean" : 0.000000,
        "bw_dev" : 0.000000,
        "bw_samples" : 0,
        "iops_min" : 0,
        "iops_max" : 0,
        "iops_mean" : 0.000000,
        "iops_stddev" : 0.000000,
        "iops_samples" : 0
      },
      "write" : {
        "io_bytes" : 30836506624,
        "io_kbytes" : 30113776,
        "bw_bytes" : 1027849292,
        "bw" : 1003759,
        "iops" : 250922.735909,
        "runtime" : 30001,
        "total_ios" : 7527933,
        "short_ios" : 0,
        "drop_ios" : 0,
        "slat_ns" : {
          "min" : 1153,
          "max" : 131367,
          "mean" : 2553.812670,
          "stddev" : 2822.785939,
          "N" : 7527933
        },
        "clat_ns" : {
          "min" : 20466,
          "max" : 11028070,
          "mean" : 2011603.351534,
          "stddev" : 524481.805567,
          "N" : 7528444,
          "percentile" : {
            "1.000000" : 880640,
            "5.000000" : 1236992,
            "10.000000" : 1400832,
            "20.000000" : 1597440,
            "30.000000" : 1761280,
            "40.000000" : 1892352,
            "50.000000" : 2007040,
            "60.000000" : 2113536,
            "70.000000" : 2244608,
            "80.000000" : 2375680,
            "90.000000" : 2572288,
            "95.000000" : 2801664,
            "99.000000" : 3555328,
            "99.500000" : 3981312,
            "99.900000" : 5013504,
            "99.950000" : 5668864,
            "99.990000" : 8585216
          }
        },
        "lat_ns" : {
          "min" : 26761,
          "max" : 11032863,
          "mean" : 2014264.637855,
          "stddev" : 524339.678774,
          "N" : 7528444
        },
        "bw_min" : 916136,
        "bw_max" : 1112905,
        "bw_agg" : 100.000000,
        "bw_mean" : 1004393.766667,
        "bw_dev" : 42280.146662,
        "bw_samples" : 60,
        "iops_min" : 229034,
        "iops_max" : 278228,
        "iops_mean" : 251098.450000,
        "iops_stddev" : 10570.023824,
        "iops_samples" : 60
      },
      "trim" : {
        "io_bytes" : 0,
        "io_kbytes" : 0,
        "bw_bytes" : 0,
        "bw" : 0,
        "iops" : 0.000000,
        "runtime" : 0,
        "total_ios" : 0,
        "short_ios" : 0,
        "drop_ios" : 0,
        "slat_ns" : {
          "min" : 0,
          "max" : 0,
          "mean" : 0.000000,
          "stddev" : 0.000000,
          "N" : 0
        },
        "clat_ns" : {
          "min" : 0,
          "max" : 0,
          "mean" : 0.000000,
          "stddev" : 0.000000,
          "N" : 0
        },
        "lat_ns" : {
          "min" : 0,
          "max" : 0,
          "mean" : 0.000000,
          "stddev" : 0.000000,
          "N" : 0
        },
        "bw_min" : 0,
        "bw_max" : 0,
        "bw_agg" : 0.000000,
        "bw_mean" : 0.000000,
        "bw_dev" : 0.000000,
        "bw_samples" : 0,
        "iops_min" : 0,
        "iops_max" : 0,
        "iops_mean" : 0.000000,
        "iops_stddev" : 0.000000,
        "iops_samples" : 0
      },
      "sync" : {
        "total_ios" : 0,
        "lat_ns" : {
          "min" : 0,
          "max" : 0,
          "mean" : 0.000000,
          "stddev" : 0.000000,
          "N" : 0
        }
      },
      "job_runtime" : 30000,
      "usr_cpu" : 25.673333,
      "sys_cpu" : 49.800000,
      "ctx" : 1788277,
      "majf" : 0,
      "minf" : 37,
      "iodepth_level" : {
        "1" : 0.100000,
        "2" : 0.100000,
        "4" : 0.100000,
        "8" : 0.100000,
        "16" : 0.100000,
        "32" : 0.100000,
        ">=64" : 99.975730
      },
      "iodepth_submit" : {
        "0" : 0.000000,
        "4" : 100.000000,
        "8" : 0.000000,
        "16" : 0.000000,
        "32" : 0.000000,
        "64" : 0.000000,
        ">=64" : 0.000000
      },
      "iodepth_complete" : {
        "0" : 0.000000,
        "4" : 99.999987,
        "8" : 0.000000,
        "16" : 0.000000,
        "32" : 0.000000,
        "64" : 0.000000,
        ">=64" : 0.100000
      },
      "latency_ns" : {
        "2" : 0.000000,
        "4" : 0.000000,
        "10" : 0.000000,
        "20" : 0.000000,
        "50" : 0.000000,
        "100" : 0.000000,
        "250" : 0.000000,
        "500" : 0.000000,
        "750" : 0.000000,
        "1000" : 0.000000
      },
      "latency_us" : {
        "2" : 0.000000,
        "4" : 0.000000,
        "10" : 0.000000,
        "20" : 0.000000,
        "50" : 0.010000,
        "100" : 0.010000,
        "250" : 0.032452,
        "500" : 0.123752,
        "750" : 0.369065,
        "1000" : 1.191708
      },
      "latency_ms" : {
        "2" : 47.818053,
        "4" : 49.987905,
        "10" : 0.479361,
        "20" : 0.010000,
        "50" : 0.000000,
        "100" : 0.000000,
        "250" : 0.000000,
        "500" : 0.000000,
        "750" : 0.000000,
        "1000" : 0.000000,
        "2000" : 0.000000,
        ">=2000" : 0.000000
      },
      "latency_depth" : 512,
      "latency_target" : 0,
      "latency_percentile" : 100.000000,
      "latency_window" : 0
    }
  ],
  "disk_util" : [
    {
      "name" : "nvme2n2",
      "read_ios" : 0,
      "write_ios" : 1335405,
      "read_merges" : 0,
      "write_merges" : 8819022,
      "read_ticks" : 0,
      "write_ticks" : 1005495,
      "in_queue" : 1005495,
      "util" : 99.807889
    }
  ]
}
