{
  "fio version" : "fio-3.28-261-gc3773-dirty",
  "timestamp" : 1646352107,
  "timestamp_ms" : 1646352107672,
  "time" : "Fri Mar  4 01:01:47 2022",
  "jobs" : [
    {
      "jobname" : "nvme2n2_overwrite-seq_4Ki_queue-depth-128",
      "groupid" : 0,
      "error" : 0,
      "eta" : 0,
      "elapsed" : 41,
      "job options" : {
        "name" : "nvme2n2_overwrite-seq_4Ki_queue-depth-128",
        "filename" : "/dev/nvme2n2",
        "direct" : "1",
        "size" : "107374182400",
        "ioengine" : "libaio",
        "iodepth" : "128",
        "rw" : "write",
        "bs" : "4Ki",
        "runtime" : "30s",
        "numa_cpu_nodes" : "1",
        "ramp_time" : "10s",
        "zonemode" : "zbd"
      },
      "read" : {
        "io_bytes" : 0,
        "io_kbytes" : 0,
        "bw_bytes" : 0,
        "bw" : 0,
        "iops" : 0.000000,
        "runtime" : 0,
        "total_ios" : 0,
        "short_ios" : 0,
        "drop_ios" : 0,
        "slat_ns" : {
          "min" : 0,
          "max" : 0,
          "mean" : 0.000000,
          "stddev" : 0.000000,
          "N" : 0
        },
        "clat_ns" : {
          "min" : 0,
          "max" : 0,
          "mean" : 0.000000,
          "stddev" : 0.000000,
          "N" : 0
        },
        "lat_ns" : {
          "min" : 0,
          "max" : 0,
          "mean" : 0.000000,
          "stddev" : 0.000000,
          "N" : 0
        },
        "bw_min" : 0,
        "bw_max" : 0,
        "bw_agg" : 0.000000,
        "bw_mean" : 0.000000,
        "bw_dev" : 0.000000,
        "bw_samples" : 0,
        "iops_min" : 0,
        "iops_max" : 0,
        "iops_mean" : 0.000000,
        "iops_stddev" : 0.000000,
        "iops_samples" : 0
      },
      "write" : {
        "io_bytes" : 29077409792,
        "io_kbytes" : 28395908,
        "bw_bytes" : 969214685,
        "bw" : 946498,
        "iops" : 236620.445985,
        "runtime" : 30001,
        "total_ios" : 7098850,
        "short_ios" : 0,
        "drop_ios" : 0,
        "slat_ns" : {
          "min" : 1109,
          "max" : 89365,
          "mean" : 1862.006540,
          "stddev" : 2395.697446,
          "N" : 7098850
        },
        "clat_ns" : {
          "min" : 61584,
          "max" : 6148593,
          "mean" : 533217.661768,
          "stddev" : 388926.466784,
          "N" : 7098977,
          "percentile" : {
            "1.000000" : 292864,
            "5.000000" : 305152,
            "10.000000" : 317440,
            "20.000000" : 329728,
            "30.000000" : 333824,
            "40.000000" : 337920,
            "50.000000" : 350208,
            "60.000000" : 378880,
            "70.000000" : 481280,
            "80.000000" : 724992,
            "90.000000" : 1044480,
            "95.000000" : 1236992,
            "99.000000" : 2277376,
            "99.500000" : 2736128,
            "99.900000" : 3325952,
            "99.950000" : 3653632,
            "99.990000" : 4751360
          }
        },
        "lat_ns" : {
          "min" : 69104,
          "max" : 6151563,
          "mean" : 535180.763842,
          "stddev" : 388930.134075,
          "N" : 7098977
        },
        "bw_min" : 839030,
        "bw_max" : 1064040,
        "bw_agg" : 100.000000,
        "bw_mean" : 948737.440678,
        "bw_dev" : 79516.221317,
        "bw_samples" : 59,
        "iops_min" : 209757,
        "iops_max" : 266010,
        "iops_mean" : 237184.203390,
        "iops_stddev" : 19878.925649,
        "iops_samples" : 59
      },
      "trim" : {
        "io_bytes" : 0,
        "io_kbytes" : 0,
        "bw_bytes" : 0,
        "bw" : 0,
        "iops" : 0.000000,
        "runtime" : 0,
        "total_ios" : 0,
        "short_ios" : 0,
        "drop_ios" : 0,
        "slat_ns" : {
          "min" : 0,
          "max" : 0,
          "mean" : 0.000000,
          "stddev" : 0.000000,
          "N" : 0
        },
        "clat_ns" : {
          "min" : 0,
          "max" : 0,
          "mean" : 0.000000,
          "stddev" : 0.000000,
          "N" : 0
        },
        "lat_ns" : {
          "min" : 0,
          "max" : 0,
          "mean" : 0.000000,
          "stddev" : 0.000000,
          "N" : 0
        },
        "bw_min" : 0,
        "bw_max" : 0,
        "bw_agg" : 0.000000,
        "bw_mean" : 0.000000,
        "bw_dev" : 0.000000,
        "bw_samples" : 0,
        "iops_min" : 0,
        "iops_max" : 0,
        "iops_mean" : 0.000000,
        "iops_stddev" : 0.000000,
        "iops_samples" : 0
      },
      "sync" : {
        "total_ios" : 0,
        "lat_ns" : {
          "min" : 0,
          "max" : 0,
          "mean" : 0.000000,
          "stddev" : 0.000000,
          "N" : 0
        }
      },
      "job_runtime" : 30000,
      "usr_cpu" : 21.400000,
      "sys_cpu" : 41.193333,
      "ctx" : 546838,
      "majf" : 0,
      "minf" : 37,
      "iodepth_level" : {
        "1" : 0.100000,
        "2" : 0.100000,
        "4" : 0.100000,
        "8" : 0.100000,
        "16" : 0.100000,
        "32" : 0.100000,
        ">=64" : 99.976926
      },
      "iodepth_submit" : {
        "0" : 0.000000,
        "4" : 100.000000,
        "8" : 0.000000,
        "16" : 0.000000,
        "32" : 0.000000,
        "64" : 0.000000,
        ">=64" : 0.000000
      },
      "iodepth_complete" : {
        "0" : 0.000000,
        "4" : 99.999986,
        "8" : 0.000000,
        "16" : 0.000000,
        "32" : 0.000000,
        "64" : 0.000000,
        ">=64" : 0.100000
      },
      "latency_ns" : {
        "2" : 0.000000,
        "4" : 0.000000,
        "10" : 0.000000,
        "20" : 0.000000,
        "50" : 0.000000,
        "100" : 0.000000,
        "250" : 0.000000,
        "500" : 0.000000,
        "750" : 0.000000,
        "1000" : 0.000000
      },
      "latency_us" : {
        "2" : 0.000000,
        "4" : 0.000000,
        "10" : 0.000000,
        "20" : 0.000000,
        "50" : 0.000000,
        "100" : 0.010000,
        "250" : 0.019750,
        "500" : 71.221029,
        "750" : 9.531290,
        "1000" : 7.700275
      },
      "latency_ms" : {
        "2" : 10.265902,
        "4" : 1.241765,
        "10" : 0.019369,
        "20" : 0.000000,
        "50" : 0.000000,
        "100" : 0.000000,
        "250" : 0.000000,
        "500" : 0.000000,
        "750" : 0.000000,
        "1000" : 0.000000,
        "2000" : 0.000000,
        ">=2000" : 0.000000
      },
      "latency_depth" : 128,
      "latency_target" : 0,
      "latency_percentile" : 100.000000,
      "latency_window" : 0
    }
  ],
  "disk_util" : [
    {
      "name" : "nvme2n2",
      "read_ios" : 5,
      "write_ios" : 355502,
      "read_merges" : 0,
      "write_merges" : 9086149,
      "read_ticks" : 0,
      "write_ticks" : 76032,
      "in_queue" : 76033,
      "util" : 99.821711
    }
  ]
}
