{
  "fio version" : "fio-3.28-261-gc3773-dirty",
  "timestamp" : 1646042414,
  "timestamp_ms" : 1646042414037,
  "time" : "Mon Feb 28 11:00:14 2022",
  "jobs" : [
    {
      "jobname" : "nvme2n2_randread_4K_active-zones-13",
      "groupid" : 0,
      "error" : 0,
      "eta" : 0,
      "elapsed" : 6,
      "job options" : {
        "name" : "nvme2n2_randread_4K_active-zones-13",
        "filename" : "/dev/nvme2n2",
        "direct" : "1",
        "size" : "107374182400",
        "ioengine" : "libaio",
        "zonemode" : "zbd",
        "iodepth" : "32",
        "rw" : "randread",
        "bs" : "4K",
        "max_open_zones" : "13",
        "runtime" : "5s"
      },
      "read" : {
        "io_bytes" : 5414326272,
        "io_kbytes" : 5287428,
        "bw_bytes" : 1082648724,
        "bw" : 1057274,
        "iops" : 264318.536293,
        "runtime" : 5001,
        "total_ios" : 1321857,
        "short_ios" : 0,
        "drop_ios" : 0,
        "slat_ns" : {
          "min" : 1225,
          "max" : 248018,
          "mean" : 2349.849021,
          "stddev" : 1245.214329,
          "N" : 1321857
        },
        "clat_ns" : {
          "min" : 23552,
          "max" : 1531275,
          "mean" : 118006.678325,
          "stddev" : 34712.476446,
          "N" : 1321857,
          "percentile" : {
            "1.000000" : 81408,
            "5.000000" : 86528,
            "10.000000" : 89600,
            "20.000000" : 94720,
            "30.000000" : 99840,
            "40.000000" : 103936,
            "50.000000" : 109056,
            "60.000000" : 114176,
            "70.000000" : 121344,
            "80.000000" : 134144,
            "90.000000" : 158720,
            "95.000000" : 181248,
            "99.000000" : 240640,
            "99.500000" : 272384,
            "99.900000" : 342016,
            "99.950000" : 391168,
            "99.990000" : 929792
          }
        },
        "lat_ns" : {
          "min" : 25224,
          "max" : 1533013,
          "mean" : 120456.571523,
          "stddev" : 34814.990775,
          "N" : 1321857
        },
        "bw_min" : 994792,
        "bw_max" : 1110264,
        "bw_agg" : 99.573607,
        "bw_mean" : 1052766.222222,
        "bw_dev" : 54135.987702,
        "bw_samples" : 9,
        "iops_min" : 248698,
        "iops_max" : 277566,
        "iops_mean" : 263191.777778,
        "iops_stddev" : 13533.798153,
        "iops_samples" : 9
      },
      "write" : {
        "io_bytes" : 0,
        "io_kbytes" : 0,
        "bw_bytes" : 0,
        "bw" : 0,
        "iops" : 0.000000,
        "runtime" : 0,
        "total_ios" : 0,
        "short_ios" : 0,
        "drop_ios" : 0,
        "slat_ns" : {
          "min" : 0,
          "max" : 0,
          "mean" : 0.000000,
          "stddev" : 0.000000,
          "N" : 0
        },
        "clat_ns" : {
          "min" : 0,
          "max" : 0,
          "mean" : 0.000000,
          "stddev" : 0.000000,
          "N" : 0
        },
        "lat_ns" : {
          "min" : 0,
          "max" : 0,
          "mean" : 0.000000,
          "stddev" : 0.000000,
          "N" : 0
        },
        "bw_min" : 0,
        "bw_max" : 0,
        "bw_agg" : 0.000000,
        "bw_mean" : 0.000000,
        "bw_dev" : 0.000000,
        "bw_samples" : 0,
        "iops_min" : 0,
        "iops_max" : 0,
        "iops_mean" : 0.000000,
        "iops_stddev" : 0.000000,
        "iops_samples" : 0
      },
      "trim" : {
        "io_bytes" : 0,
        "io_kbytes" : 0,
        "bw_bytes" : 0,
        "bw" : 0,
        "iops" : 0.000000,
        "runtime" : 0,
        "total_ios" : 0,
        "short_ios" : 0,
        "drop_ios" : 0,
        "slat_ns" : {
          "min" : 0,
          "max" : 0,
          "mean" : 0.000000,
          "stddev" : 0.000000,
          "N" : 0
        },
        "clat_ns" : {
          "min" : 0,
          "max" : 0,
          "mean" : 0.000000,
          "stddev" : 0.000000,
          "N" : 0
        },
        "lat_ns" : {
          "min" : 0,
          "max" : 0,
          "mean" : 0.000000,
          "stddev" : 0.000000,
          "N" : 0
        },
        "bw_min" : 0,
        "bw_max" : 0,
        "bw_agg" : 0.000000,
        "bw_mean" : 0.000000,
        "bw_dev" : 0.000000,
        "bw_samples" : 0,
        "iops_min" : 0,
        "iops_max" : 0,
        "iops_mean" : 0.000000,
        "iops_stddev" : 0.000000,
        "iops_samples" : 0
      },
      "sync" : {
        "total_ios" : 0,
        "lat_ns" : {
          "min" : 0,
          "max" : 0,
          "mean" : 0.000000,
          "stddev" : 0.000000,
          "N" : 0
        }
      },
      "job_runtime" : 5000,
      "usr_cpu" : 31.840000,
      "sys_cpu" : 63.120000,
      "ctx" : 71606,
      "majf" : 0,
      "minf" : 914,
      "iodepth_level" : {
        "1" : 0.100000,
        "2" : 0.100000,
        "4" : 0.100000,
        "8" : 0.100000,
        "16" : 0.100000,
        "32" : 99.997655,
        ">=64" : 0.000000
      },
      "iodepth_submit" : {
        "0" : 0.000000,
        "4" : 100.000000,
        "8" : 0.000000,
        "16" : 0.000000,
        "32" : 0.000000,
        "64" : 0.000000,
        ">=64" : 0.000000
      },
      "iodepth_complete" : {
        "0" : 0.000000,
        "4" : 99.999924,
        "8" : 0.000000,
        "16" : 0.000000,
        "32" : 0.100000,
        "64" : 0.000000,
        ">=64" : 0.000000
      },
      "latency_ns" : {
        "2" : 0.000000,
        "4" : 0.000000,
        "10" : 0.000000,
        "20" : 0.000000,
        "50" : 0.000000,
        "100" : 0.000000,
        "250" : 0.000000,
        "500" : 0.000000,
        "750" : 0.000000,
        "1000" : 0.000000
      },
      "latency_us" : {
        "2" : 0.000000,
        "4" : 0.000000,
        "10" : 0.000000,
        "20" : 0.000000,
        "50" : 0.010000,
        "100" : 31.277286,
        "250" : 67.906589,
        "500" : 0.785259,
        "750" : 0.010440,
        "1000" : 0.011650
      },
      "latency_ms" : {
        "2" : 0.010000,
        "4" : 0.000000,
        "10" : 0.000000,
        "20" : 0.000000,
        "50" : 0.000000,
        "100" : 0.000000,
        "250" : 0.000000,
        "500" : 0.000000,
        "750" : 0.000000,
        "1000" : 0.000000,
        "2000" : 0.000000,
        ">=2000" : 0.000000
      },
      "latency_depth" : 32,
      "latency_target" : 0,
      "latency_percentile" : 100.000000,
      "latency_window" : 0
    }
  ],
  "disk_util" : [
    {
      "name" : "nvme2n2",
      "read_ios" : 1289452,
      "write_ios" : 0,
      "read_merges" : 0,
      "write_merges" : 0,
      "read_ticks" : 133998,
      "write_ticks" : 0,
      "in_queue" : 133998,
      "util" : 98.113208
    }
  ]
}
