{
  "fio version" : "fio-3.28-261-gc3773-dirty",
  "timestamp" : 1646041693,
  "timestamp_ms" : 1646041693595,
  "time" : "Mon Feb 28 10:48:13 2022",
  "jobs" : [
    {
      "jobname" : "nvme2n2_randread_4K_active-zones-4",
      "groupid" : 0,
      "error" : 0,
      "eta" : 0,
      "elapsed" : 6,
      "job options" : {
        "name" : "nvme2n2_randread_4K_active-zones-4",
        "filename" : "/dev/nvme2n2",
        "direct" : "1",
        "size" : "107374182400",
        "ioengine" : "libaio",
        "zonemode" : "zbd",
        "iodepth" : "32",
        "rw" : "randread",
        "bs" : "4K",
        "max_open_zones" : "4",
        "runtime" : "5s"
      },
      "read" : {
        "io_bytes" : 5036654592,
        "io_kbytes" : 4918608,
        "bw_bytes" : 1007129492,
        "bw" : 983524,
        "iops" : 245881.223755,
        "runtime" : 5001,
        "total_ios" : 1229652,
        "short_ios" : 0,
        "drop_ios" : 0,
        "slat_ns" : {
          "min" : 1580,
          "max" : 165465,
          "mean" : 2753.825872,
          "stddev" : 1246.059124,
          "N" : 1229652
        },
        "clat_ns" : {
          "min" : 36256,
          "max" : 1367356,
          "mean" : 126572.634436,
          "stddev" : 32006.255071,
          "N" : 1229652,
          "percentile" : {
            "1.000000" : 91648,
            "5.000000" : 98816,
            "10.000000" : 102912,
            "20.000000" : 108032,
            "30.000000" : 111104,
            "40.000000" : 115200,
            "50.000000" : 118272,
            "60.000000" : 122368,
            "70.000000" : 127488,
            "80.000000" : 138240,
            "90.000000" : 162816,
            "95.000000" : 183296,
            "99.000000" : 234496,
            "99.500000" : 254976,
            "99.900000" : 325632,
            "99.950000" : 452608,
            "99.990000" : 1003520
          }
        },
        "lat_ns" : {
          "min" : 38179,
          "max" : 1369190,
          "mean" : 129448.555717,
          "stddev" : 32011.252648,
          "N" : 1229652
        },
        "bw_min" : 950088,
        "bw_max" : 991640,
        "bw_agg" : 100.000000,
        "bw_mean" : 984340.444444,
        "bw_dev" : 13571.895733,
        "bw_samples" : 9,
        "iops_min" : 237522,
        "iops_max" : 247910,
        "iops_mean" : 246084.888889,
        "iops_stddev" : 3392.850735,
        "iops_samples" : 9
      },
      "write" : {
        "io_bytes" : 0,
        "io_kbytes" : 0,
        "bw_bytes" : 0,
        "bw" : 0,
        "iops" : 0.000000,
        "runtime" : 0,
        "total_ios" : 0,
        "short_ios" : 0,
        "drop_ios" : 0,
        "slat_ns" : {
          "min" : 0,
          "max" : 0,
          "mean" : 0.000000,
          "stddev" : 0.000000,
          "N" : 0
        },
        "clat_ns" : {
          "min" : 0,
          "max" : 0,
          "mean" : 0.000000,
          "stddev" : 0.000000,
          "N" : 0
        },
        "lat_ns" : {
          "min" : 0,
          "max" : 0,
          "mean" : 0.000000,
          "stddev" : 0.000000,
          "N" : 0
        },
        "bw_min" : 0,
        "bw_max" : 0,
        "bw_agg" : 0.000000,
        "bw_mean" : 0.000000,
        "bw_dev" : 0.000000,
        "bw_samples" : 0,
        "iops_min" : 0,
        "iops_max" : 0,
        "iops_mean" : 0.000000,
        "iops_stddev" : 0.000000,
        "iops_samples" : 0
      },
      "trim" : {
        "io_bytes" : 0,
        "io_kbytes" : 0,
        "bw_bytes" : 0,
        "bw" : 0,
        "iops" : 0.000000,
        "runtime" : 0,
        "total_ios" : 0,
        "short_ios" : 0,
        "drop_ios" : 0,
        "slat_ns" : {
          "min" : 0,
          "max" : 0,
          "mean" : 0.000000,
          "stddev" : 0.000000,
          "N" : 0
        },
        "clat_ns" : {
          "min" : 0,
          "max" : 0,
          "mean" : 0.000000,
          "stddev" : 0.000000,
          "N" : 0
        },
        "lat_ns" : {
          "min" : 0,
          "max" : 0,
          "mean" : 0.000000,
          "stddev" : 0.000000,
          "N" : 0
        },
        "bw_min" : 0,
        "bw_max" : 0,
        "bw_agg" : 0.000000,
        "bw_mean" : 0.000000,
        "bw_dev" : 0.000000,
        "bw_samples" : 0,
        "iops_min" : 0,
        "iops_max" : 0,
        "iops_mean" : 0.000000,
        "iops_stddev" : 0.000000,
        "iops_samples" : 0
      },
      "sync" : {
        "total_ios" : 0,
        "lat_ns" : {
          "min" : 0,
          "max" : 0,
          "mean" : 0.000000,
          "stddev" : 0.000000,
          "N" : 0
        }
      },
      "job_runtime" : 5000,
      "usr_cpu" : 32.280000,
      "sys_cpu" : 67.220000,
      "ctx" : 4313,
      "majf" : 0,
      "minf" : 45,
      "iodepth_level" : {
        "1" : 0.100000,
        "2" : 0.100000,
        "4" : 0.100000,
        "8" : 0.100000,
        "16" : 0.100000,
        "32" : 99.997479,
        ">=64" : 0.000000
      },
      "iodepth_submit" : {
        "0" : 0.000000,
        "4" : 100.000000,
        "8" : 0.000000,
        "16" : 0.000000,
        "32" : 0.000000,
        "64" : 0.000000,
        ">=64" : 0.000000
      },
      "iodepth_complete" : {
        "0" : 0.000000,
        "4" : 99.999919,
        "8" : 0.000000,
        "16" : 0.000000,
        "32" : 0.100000,
        "64" : 0.000000,
        ">=64" : 0.000000
      },
      "latency_ns" : {
        "2" : 0.000000,
        "4" : 0.000000,
        "10" : 0.000000,
        "20" : 0.000000,
        "50" : 0.000000,
        "100" : 0.000000,
        "250" : 0.000000,
        "500" : 0.000000,
        "750" : 0.000000,
        "1000" : 0.000000
      },
      "latency_us" : {
        "2" : 0.000000,
        "4" : 0.000000,
        "10" : 0.000000,
        "20" : 0.000000,
        "50" : 0.010000,
        "100" : 6.388149,
        "250" : 93.016235,
        "500" : 0.549993,
        "750" : 0.016753,
        "1000" : 0.017729
      },
      "latency_ms" : {
        "2" : 0.010735,
        "4" : 0.000000,
        "10" : 0.000000,
        "20" : 0.000000,
        "50" : 0.000000,
        "100" : 0.000000,
        "250" : 0.000000,
        "500" : 0.000000,
        "750" : 0.000000,
        "1000" : 0.000000,
        "2000" : 0.000000,
        ">=2000" : 0.000000
      },
      "latency_depth" : 32,
      "latency_target" : 0,
      "latency_percentile" : 100.000000,
      "latency_window" : 0
    }
  ],
  "disk_util" : [
    {
      "name" : "nvme2n2",
      "read_ios" : 1200740,
      "write_ios" : 0,
      "read_merges" : 0,
      "write_merges" : 0,
      "read_ticks" : 121772,
      "write_ticks" : 0,
      "in_queue" : 121773,
      "util" : 98.032919
    }
  ]
}
