{
  "fio version" : "fio-3.28-261-gc3773-dirty",
  "timestamp" : 1646042162,
  "timestamp_ms" : 1646042162872,
  "time" : "Mon Feb 28 10:56:02 2022",
  "jobs" : [
    {
      "jobname" : "nvme2n2_randread_4K_active-zones-10",
      "groupid" : 0,
      "error" : 0,
      "eta" : 0,
      "elapsed" : 6,
      "job options" : {
        "name" : "nvme2n2_randread_4K_active-zones-10",
        "filename" : "/dev/nvme2n2",
        "direct" : "1",
        "size" : "107374182400",
        "ioengine" : "libaio",
        "zonemode" : "zbd",
        "iodepth" : "32",
        "rw" : "randread",
        "bs" : "4K",
        "max_open_zones" : "10",
        "runtime" : "5s"
      },
      "read" : {
        "io_bytes" : 4987371520,
        "io_kbytes" : 4870480,
        "bw_bytes" : 997274849,
        "bw" : 973901,
        "iops" : 243475.304939,
        "runtime" : 5001,
        "total_ios" : 1217620,
        "short_ios" : 0,
        "drop_ios" : 0,
        "slat_ns" : {
          "min" : 1589,
          "max" : 44860,
          "mean" : 2760.253208,
          "stddev" : 1238.422913,
          "N" : 1217620
        },
        "clat_ns" : {
          "min" : 26917,
          "max" : 1107581,
          "mean" : 127837.163482,
          "stddev" : 37787.589936,
          "N" : 1217620,
          "percentile" : {
            "1.000000" : 86528,
            "5.000000" : 93696,
            "10.000000" : 97792,
            "20.000000" : 103936,
            "30.000000" : 108032,
            "40.000000" : 112128,
            "50.000000" : 116224,
            "60.000000" : 121344,
            "70.000000" : 129536,
            "80.000000" : 146432,
            "90.000000" : 173056,
            "95.000000" : 199680,
            "99.000000" : 268288,
            "99.500000" : 296960,
            "99.900000" : 370688,
            "99.950000" : 415744,
            "99.990000" : 856064
          }
        },
        "lat_ns" : {
          "min" : 31301,
          "max" : 1109662,
          "mean" : 130718.608201,
          "stddev" : 37799.566387,
          "N" : 1217620
        },
        "bw_min" : 946904,
        "bw_max" : 978928,
        "bw_agg" : 100.000000,
        "bw_mean" : 974217.777778,
        "bw_dev" : 10267.414691,
        "bw_samples" : 9,
        "iops_min" : 236726,
        "iops_max" : 244732,
        "iops_mean" : 243554.666667,
        "iops_stddev" : 2566.943708,
        "iops_samples" : 9
      },
      "write" : {
        "io_bytes" : 0,
        "io_kbytes" : 0,
        "bw_bytes" : 0,
        "bw" : 0,
        "iops" : 0.000000,
        "runtime" : 0,
        "total_ios" : 0,
        "short_ios" : 0,
        "drop_ios" : 0,
        "slat_ns" : {
          "min" : 0,
          "max" : 0,
          "mean" : 0.000000,
          "stddev" : 0.000000,
          "N" : 0
        },
        "clat_ns" : {
          "min" : 0,
          "max" : 0,
          "mean" : 0.000000,
          "stddev" : 0.000000,
          "N" : 0
        },
        "lat_ns" : {
          "min" : 0,
          "max" : 0,
          "mean" : 0.000000,
          "stddev" : 0.000000,
          "N" : 0
        },
        "bw_min" : 0,
        "bw_max" : 0,
        "bw_agg" : 0.000000,
        "bw_mean" : 0.000000,
        "bw_dev" : 0.000000,
        "bw_samples" : 0,
        "iops_min" : 0,
        "iops_max" : 0,
        "iops_mean" : 0.000000,
        "iops_stddev" : 0.000000,
        "iops_samples" : 0
      },
      "trim" : {
        "io_bytes" : 0,
        "io_kbytes" : 0,
        "bw_bytes" : 0,
        "bw" : 0,
        "iops" : 0.000000,
        "runtime" : 0,
        "total_ios" : 0,
        "short_ios" : 0,
        "drop_ios" : 0,
        "slat_ns" : {
          "min" : 0,
          "max" : 0,
          "mean" : 0.000000,
          "stddev" : 0.000000,
          "N" : 0
        },
        "clat_ns" : {
          "min" : 0,
          "max" : 0,
          "mean" : 0.000000,
          "stddev" : 0.000000,
          "N" : 0
        },
        "lat_ns" : {
          "min" : 0,
          "max" : 0,
          "mean" : 0.000000,
          "stddev" : 0.000000,
          "N" : 0
        },
        "bw_min" : 0,
        "bw_max" : 0,
        "bw_agg" : 0.000000,
        "bw_mean" : 0.000000,
        "bw_dev" : 0.000000,
        "bw_samples" : 0,
        "iops_min" : 0,
        "iops_max" : 0,
        "iops_mean" : 0.000000,
        "iops_stddev" : 0.000000,
        "iops_samples" : 0
      },
      "sync" : {
        "total_ios" : 0,
        "lat_ns" : {
          "min" : 0,
          "max" : 0,
          "mean" : 0.000000,
          "stddev" : 0.000000,
          "N" : 0
        }
      },
      "job_runtime" : 5000,
      "usr_cpu" : 30.740000,
      "sys_cpu" : 68.640000,
      "ctx" : 8781,
      "majf" : 0,
      "minf" : 47,
      "iodepth_level" : {
        "1" : 0.100000,
        "2" : 0.100000,
        "4" : 0.100000,
        "8" : 0.100000,
        "16" : 0.100000,
        "32" : 99.997454,
        ">=64" : 0.000000
      },
      "iodepth_submit" : {
        "0" : 0.000000,
        "4" : 100.000000,
        "8" : 0.000000,
        "16" : 0.000000,
        "32" : 0.000000,
        "64" : 0.000000,
        ">=64" : 0.000000
      },
      "iodepth_complete" : {
        "0" : 0.000000,
        "4" : 99.999918,
        "8" : 0.000000,
        "16" : 0.000000,
        "32" : 0.100000,
        "64" : 0.000000,
        ">=64" : 0.000000
      },
      "latency_ns" : {
        "2" : 0.000000,
        "4" : 0.000000,
        "10" : 0.000000,
        "20" : 0.000000,
        "50" : 0.000000,
        "100" : 0.000000,
        "250" : 0.000000,
        "500" : 0.000000,
        "750" : 0.000000,
        "1000" : 0.000000
      },
      "latency_us" : {
        "2" : 0.000000,
        "4" : 0.000000,
        "10" : 0.000000,
        "20" : 0.000000,
        "50" : 0.010000,
        "100" : 12.780013,
        "250" : 85.712538,
        "500" : 1.478129,
        "750" : 0.012812,
        "1000" : 0.011005
      },
      "latency_ms" : {
        "2" : 0.010000,
        "4" : 0.000000,
        "10" : 0.000000,
        "20" : 0.000000,
        "50" : 0.000000,
        "100" : 0.000000,
        "250" : 0.000000,
        "500" : 0.000000,
        "750" : 0.000000,
        "1000" : 0.000000,
        "2000" : 0.000000,
        ">=2000" : 0.000000
      },
      "latency_depth" : 32,
      "latency_target" : 0,
      "latency_percentile" : 100.000000,
      "latency_window" : 0
    }
  ],
  "disk_util" : [
    {
      "name" : "nvme2n2",
      "read_ios" : 1188480,
      "write_ios" : 0,
      "read_merges" : 0,
      "write_merges" : 0,
      "read_ticks" : 126832,
      "write_ticks" : 0,
      "in_queue" : 126832,
      "util" : 98.013245
    }
  ]
}
