{
  "fio version" : "fio-3.28-261-gc3773-dirty",
  "timestamp" : 1646042257,
  "timestamp_ms" : 1646042257495,
  "time" : "Mon Feb 28 10:57:37 2022",
  "jobs" : [
    {
      "jobname" : "nvme2n2_randwrite_4K_active-zones-12",
      "groupid" : 0,
      "error" : 0,
      "eta" : 0,
      "elapsed" : 6,
      "job options" : {
        "name" : "nvme2n2_randwrite_4K_active-zones-12",
        "filename" : "/dev/nvme2n2",
        "direct" : "1",
        "size" : "107374182400",
        "ioengine" : "libaio",
        "zonemode" : "zbd",
        "iodepth" : "32",
        "rw" : "randwrite",
        "bs" : "4K",
        "max_open_zones" : "12",
        "runtime" : "5s"
      },
      "read" : {
        "io_bytes" : 0,
        "io_kbytes" : 0,
        "bw_bytes" : 0,
        "bw" : 0,
        "iops" : 0.000000,
        "runtime" : 0,
        "total_ios" : 0,
        "short_ios" : 0,
        "drop_ios" : 0,
        "slat_ns" : {
          "min" : 0,
          "max" : 0,
          "mean" : 0.000000,
          "stddev" : 0.000000,
          "N" : 0
        },
        "clat_ns" : {
          "min" : 0,
          "max" : 0,
          "mean" : 0.000000,
          "stddev" : 0.000000,
          "N" : 0
        },
        "lat_ns" : {
          "min" : 0,
          "max" : 0,
          "mean" : 0.000000,
          "stddev" : 0.000000,
          "N" : 0
        },
        "bw_min" : 0,
        "bw_max" : 0,
        "bw_agg" : 0.000000,
        "bw_mean" : 0.000000,
        "bw_dev" : 0.000000,
        "bw_samples" : 0,
        "iops_min" : 0,
        "iops_max" : 0,
        "iops_mean" : 0.000000,
        "iops_stddev" : 0.000000,
        "iops_samples" : 0
      },
      "write" : {
        "io_bytes" : 1654050816,
        "io_kbytes" : 1615284,
        "bw_bytes" : 330744014,
        "bw" : 322992,
        "iops" : 80748.050390,
        "runtime" : 5001,
        "total_ios" : 403821,
        "short_ios" : 0,
        "drop_ios" : 0,
        "slat_ns" : {
          "min" : 1241,
          "max" : 198023,
          "mean" : 4542.431543,
          "stddev" : 3206.128217,
          "N" : 403821
        },
        "clat_ns" : {
          "min" : 15796,
          "max" : 17738653,
          "mean" : 390610.853690,
          "stddev" : 317676.987667,
          "N" : 403821,
          "percentile" : {
            "1.000000" : 33024,
            "5.000000" : 59136,
            "10.000000" : 96768,
            "20.000000" : 164864,
            "30.000000" : 220160,
            "40.000000" : 272384,
            "50.000000" : 325632,
            "60.000000" : 391168,
            "70.000000" : 477184,
            "80.000000" : 577536,
            "90.000000" : 749568,
            "95.000000" : 913408,
            "99.000000" : 1253376,
            "99.500000" : 1449984,
            "99.900000" : 2244608,
            "99.950000" : 2670592,
            "99.990000" : 5472256
          }
        },
        "lat_ns" : {
          "min" : 21963,
          "max" : 17751059,
          "mean" : 395278.252201,
          "stddev" : 317241.464328,
          "N" : 403821
        },
        "bw_min" : 304544,
        "bw_max" : 335256,
        "bw_agg" : 99.905199,
        "bw_mean" : 322686.222222,
        "bw_dev" : 9779.312678,
        "bw_samples" : 9,
        "iops_min" : 76138,
        "iops_max" : 83814,
        "iops_mean" : 80671.777778,
        "iops_stddev" : 2444.327810,
        "iops_samples" : 9
      },
      "trim" : {
        "io_bytes" : 0,
        "io_kbytes" : 0,
        "bw_bytes" : 0,
        "bw" : 0,
        "iops" : 0.000000,
        "runtime" : 0,
        "total_ios" : 0,
        "short_ios" : 0,
        "drop_ios" : 0,
        "slat_ns" : {
          "min" : 0,
          "max" : 0,
          "mean" : 0.000000,
          "stddev" : 0.000000,
          "N" : 0
        },
        "clat_ns" : {
          "min" : 0,
          "max" : 0,
          "mean" : 0.000000,
          "stddev" : 0.000000,
          "N" : 0
        },
        "lat_ns" : {
          "min" : 0,
          "max" : 0,
          "mean" : 0.000000,
          "stddev" : 0.000000,
          "N" : 0
        },
        "bw_min" : 0,
        "bw_max" : 0,
        "bw_agg" : 0.000000,
        "bw_mean" : 0.000000,
        "bw_dev" : 0.000000,
        "bw_samples" : 0,
        "iops_min" : 0,
        "iops_max" : 0,
        "iops_mean" : 0.000000,
        "iops_stddev" : 0.000000,
        "iops_samples" : 0
      },
      "sync" : {
        "total_ios" : 0,
        "lat_ns" : {
          "min" : 0,
          "max" : 0,
          "mean" : 0.000000,
          "stddev" : 0.000000,
          "N" : 0
        }
      },
      "job_runtime" : 5000,
      "usr_cpu" : 10.300000,
      "sys_cpu" : 25.720000,
      "ctx" : 408107,
      "majf" : 0,
      "minf" : 12,
      "iodepth_level" : {
        "1" : 0.100000,
        "2" : 0.100000,
        "4" : 0.100000,
        "8" : 0.100000,
        "16" : 0.100000,
        "32" : 99.992323,
        ">=64" : 0.000000
      },
      "iodepth_submit" : {
        "0" : 0.000000,
        "4" : 100.000000,
        "8" : 0.000000,
        "16" : 0.000000,
        "32" : 0.000000,
        "64" : 0.000000,
        ">=64" : 0.000000
      },
      "iodepth_complete" : {
        "0" : 0.000000,
        "4" : 99.999752,
        "8" : 0.000000,
        "16" : 0.000000,
        "32" : 0.100000,
        "64" : 0.000000,
        ">=64" : 0.000000
      },
      "latency_ns" : {
        "2" : 0.000000,
        "4" : 0.000000,
        "10" : 0.000000,
        "20" : 0.000000,
        "50" : 0.000000,
        "100" : 0.000000,
        "250" : 0.000000,
        "500" : 0.000000,
        "750" : 0.000000,
        "1000" : 0.000000
      },
      "latency_us" : {
        "2" : 0.000000,
        "4" : 0.000000,
        "10" : 0.000000,
        "20" : 0.013868,
        "50" : 3.701888,
        "100" : 6.690093,
        "250" : 25.279270,
        "500" : 36.759356,
        "750" : 17.429752,
        "1000" : 6.856008
      },
      "latency_ms" : {
        "2" : 3.130100,
        "4" : 0.125055,
        "10" : 0.010000,
        "20" : 0.010000,
        "50" : 0.000000,
        "100" : 0.000000,
        "250" : 0.000000,
        "500" : 0.000000,
        "750" : 0.000000,
        "1000" : 0.000000,
        "2000" : 0.000000,
        ">=2000" : 0.000000
      },
      "latency_depth" : 32,
      "latency_target" : 0,
      "latency_percentile" : 100.000000,
      "latency_window" : 0
    }
  ],
  "disk_util" : [
    {
      "name" : "nvme2n2",
      "read_ios" : 20,
      "write_ios" : 231824,
      "read_merges" : 0,
      "write_merges" : 161991,
      "read_ticks" : 2,
      "write_ticks" : 69440,
      "in_queue" : 69441,
      "util" : 98.032919
    }
  ]
}
