{
  "fio version" : "fio-3.28-261-gc3773-dirty",
  "timestamp" : 1646041621,
  "timestamp_ms" : 1646041621547,
  "time" : "Mon Feb 28 10:47:01 2022",
  "jobs" : [
    {
      "jobname" : "nvme2n2_randread_4K_active-zones-3",
      "groupid" : 0,
      "error" : 0,
      "eta" : 0,
      "elapsed" : 6,
      "job options" : {
        "name" : "nvme2n2_randread_4K_active-zones-3",
        "filename" : "/dev/nvme2n2",
        "direct" : "1",
        "size" : "107374182400",
        "ioengine" : "libaio",
        "zonemode" : "zbd",
        "iodepth" : "32",
        "rw" : "randread",
        "bs" : "4K",
        "max_open_zones" : "3",
        "runtime" : "5s"
      },
      "read" : {
        "io_bytes" : 5013598208,
        "io_kbytes" : 4896092,
        "bw_bytes" : 1002519137,
        "bw" : 979022,
        "iops" : 244755.648870,
        "runtime" : 5001,
        "total_ios" : 1224023,
        "short_ios" : 0,
        "drop_ios" : 0,
        "slat_ns" : {
          "min" : 1579,
          "max" : 185252,
          "mean" : 2762.817374,
          "stddev" : 1254.755695,
          "N" : 1224023
        },
        "clat_ns" : {
          "min" : 40064,
          "max" : 1133143,
          "mean" : 127144.345958,
          "stddev" : 30994.685928,
          "N" : 1224023,
          "percentile" : {
            "1.000000" : 91648,
            "5.000000" : 99840,
            "10.000000" : 103936,
            "20.000000" : 109056,
            "30.000000" : 112128,
            "40.000000" : 116224,
            "50.000000" : 119296,
            "60.000000" : 123392,
            "70.000000" : 128512,
            "80.000000" : 138240,
            "90.000000" : 162816,
            "95.000000" : 183296,
            "99.000000" : 234496,
            "99.500000" : 259072,
            "99.900000" : 317440,
            "99.950000" : 370688,
            "99.990000" : 978944
          }
        },
        "lat_ns" : {
          "min" : 43478,
          "max" : 1135619,
          "mean" : 130029.153484,
          "stddev" : 31017.714891,
          "N" : 1224023
        },
        "bw_min" : 945568,
        "bw_max" : 986832,
        "bw_agg" : 100.000000,
        "bw_mean" : 979537.777778,
        "bw_dev" : 13060.147489,
        "bw_samples" : 9,
        "iops_min" : 236392,
        "iops_max" : 246708,
        "iops_mean" : 244884.666667,
        "iops_stddev" : 3265.165386,
        "iops_samples" : 9
      },
      "write" : {
        "io_bytes" : 0,
        "io_kbytes" : 0,
        "bw_bytes" : 0,
        "bw" : 0,
        "iops" : 0.000000,
        "runtime" : 0,
        "total_ios" : 0,
        "short_ios" : 0,
        "drop_ios" : 0,
        "slat_ns" : {
          "min" : 0,
          "max" : 0,
          "mean" : 0.000000,
          "stddev" : 0.000000,
          "N" : 0
        },
        "clat_ns" : {
          "min" : 0,
          "max" : 0,
          "mean" : 0.000000,
          "stddev" : 0.000000,
          "N" : 0
        },
        "lat_ns" : {
          "min" : 0,
          "max" : 0,
          "mean" : 0.000000,
          "stddev" : 0.000000,
          "N" : 0
        },
        "bw_min" : 0,
        "bw_max" : 0,
        "bw_agg" : 0.000000,
        "bw_mean" : 0.000000,
        "bw_dev" : 0.000000,
        "bw_samples" : 0,
        "iops_min" : 0,
        "iops_max" : 0,
        "iops_mean" : 0.000000,
        "iops_stddev" : 0.000000,
        "iops_samples" : 0
      },
      "trim" : {
        "io_bytes" : 0,
        "io_kbytes" : 0,
        "bw_bytes" : 0,
        "bw" : 0,
        "iops" : 0.000000,
        "runtime" : 0,
        "total_ios" : 0,
        "short_ios" : 0,
        "drop_ios" : 0,
        "slat_ns" : {
          "min" : 0,
          "max" : 0,
          "mean" : 0.000000,
          "stddev" : 0.000000,
          "N" : 0
        },
        "clat_ns" : {
          "min" : 0,
          "max" : 0,
          "mean" : 0.000000,
          "stddev" : 0.000000,
          "N" : 0
        },
        "lat_ns" : {
          "min" : 0,
          "max" : 0,
          "mean" : 0.000000,
          "stddev" : 0.000000,
          "N" : 0
        },
        "bw_min" : 0,
        "bw_max" : 0,
        "bw_agg" : 0.000000,
        "bw_mean" : 0.000000,
        "bw_dev" : 0.000000,
        "bw_samples" : 0,
        "iops_min" : 0,
        "iops_max" : 0,
        "iops_mean" : 0.000000,
        "iops_stddev" : 0.000000,
        "iops_samples" : 0
      },
      "sync" : {
        "total_ios" : 0,
        "lat_ns" : {
          "min" : 0,
          "max" : 0,
          "mean" : 0.000000,
          "stddev" : 0.000000,
          "N" : 0
        }
      },
      "job_runtime" : 5000,
      "usr_cpu" : 30.480000,
      "sys_cpu" : 69.200000,
      "ctx" : 2550,
      "majf" : 0,
      "minf" : 45,
      "iodepth_level" : {
        "1" : 0.100000,
        "2" : 0.100000,
        "4" : 0.100000,
        "8" : 0.100000,
        "16" : 0.100000,
        "32" : 99.997467,
        ">=64" : 0.000000
      },
      "iodepth_submit" : {
        "0" : 0.000000,
        "4" : 100.000000,
        "8" : 0.000000,
        "16" : 0.000000,
        "32" : 0.000000,
        "64" : 0.000000,
        ">=64" : 0.000000
      },
      "iodepth_complete" : {
        "0" : 0.000000,
        "4" : 99.999918,
        "8" : 0.000000,
        "16" : 0.000000,
        "32" : 0.100000,
        "64" : 0.000000,
        ">=64" : 0.000000
      },
      "latency_ns" : {
        "2" : 0.000000,
        "4" : 0.000000,
        "10" : 0.000000,
        "20" : 0.000000,
        "50" : 0.000000,
        "100" : 0.000000,
        "250" : 0.000000,
        "500" : 0.000000,
        "750" : 0.000000,
        "1000" : 0.000000
      },
      "latency_us" : {
        "2" : 0.000000,
        "4" : 0.000000,
        "10" : 0.000000,
        "20" : 0.000000,
        "50" : 0.010000,
        "100" : 5.462152,
        "250" : 93.903301,
        "500" : 0.599008,
        "750" : 0.013235,
        "1000" : 0.013235
      },
      "latency_ms" : {
        "2" : 0.010000,
        "4" : 0.000000,
        "10" : 0.000000,
        "20" : 0.000000,
        "50" : 0.000000,
        "100" : 0.000000,
        "250" : 0.000000,
        "500" : 0.000000,
        "750" : 0.000000,
        "1000" : 0.000000,
        "2000" : 0.000000,
        ">=2000" : 0.000000
      },
      "latency_depth" : 32,
      "latency_target" : 0,
      "latency_percentile" : 100.000000,
      "latency_window" : 0
    }
  ],
  "disk_util" : [
    {
      "name" : "nvme2n2",
      "read_ios" : 1194647,
      "write_ios" : 0,
      "read_merges" : 0,
      "write_merges" : 0,
      "read_ticks" : 120365,
      "write_ticks" : 0,
      "in_queue" : 120365,
      "util" : 98.052600
    }
  ]
}
