{
  "fio version" : "fio-3.28-261-gc3773-dirty",
  "timestamp" : 1646042335,
  "timestamp_ms" : 1646042335879,
  "time" : "Mon Feb 28 10:58:55 2022",
  "jobs" : [
    {
      "jobname" : "nvme2n2_randoverwrite_4K_active-zones-12",
      "groupid" : 0,
      "error" : 0,
      "eta" : 0,
      "elapsed" : 6,
      "job options" : {
        "name" : "nvme2n2_randoverwrite_4K_active-zones-12",
        "filename" : "/dev/nvme2n2",
        "direct" : "1",
        "size" : "107374182400",
        "ioengine" : "libaio",
        "zonemode" : "zbd",
        "iodepth" : "32",
        "rw" : "randwrite",
        "bs" : "4K",
        "max_open_zones" : "12",
        "runtime" : "5s"
      },
      "read" : {
        "io_bytes" : 0,
        "io_kbytes" : 0,
        "bw_bytes" : 0,
        "bw" : 0,
        "iops" : 0.000000,
        "runtime" : 0,
        "total_ios" : 0,
        "short_ios" : 0,
        "drop_ios" : 0,
        "slat_ns" : {
          "min" : 0,
          "max" : 0,
          "mean" : 0.000000,
          "stddev" : 0.000000,
          "N" : 0
        },
        "clat_ns" : {
          "min" : 0,
          "max" : 0,
          "mean" : 0.000000,
          "stddev" : 0.000000,
          "N" : 0
        },
        "lat_ns" : {
          "min" : 0,
          "max" : 0,
          "mean" : 0.000000,
          "stddev" : 0.000000,
          "N" : 0
        },
        "bw_min" : 0,
        "bw_max" : 0,
        "bw_agg" : 0.000000,
        "bw_mean" : 0.000000,
        "bw_dev" : 0.000000,
        "bw_samples" : 0,
        "iops_min" : 0,
        "iops_max" : 0,
        "iops_mean" : 0.000000,
        "iops_stddev" : 0.000000,
        "iops_samples" : 0
      },
      "write" : {
        "io_bytes" : 1634000896,
        "io_kbytes" : 1595704,
        "bw_bytes" : 326734832,
        "bw" : 319076,
        "iops" : 79769.246151,
        "runtime" : 5001,
        "total_ios" : 398926,
        "short_ios" : 0,
        "drop_ios" : 0,
        "slat_ns" : {
          "min" : 1174,
          "max" : 65750,
          "mean" : 4438.790761,
          "stddev" : 3099.230741,
          "N" : 398926
        },
        "clat_ns" : {
          "min" : 14462,
          "max" : 3912920,
          "mean" : 386152.252736,
          "stddev" : 272711.936540,
          "N" : 398926,
          "percentile" : {
            "1.000000" : 32384,
            "5.000000" : 58112,
            "10.000000" : 95744,
            "20.000000" : 162816,
            "30.000000" : 218112,
            "40.000000" : 272384,
            "50.000000" : 325632,
            "60.000000" : 391168,
            "70.000000" : 473088,
            "80.000000" : 577536,
            "90.000000" : 749568,
            "95.000000" : 897024,
            "99.000000" : 1220608,
            "99.500000" : 1384448,
            "99.900000" : 2088960,
            "99.950000" : 2473984,
            "99.990000" : 3096576
          }
        },
        "lat_ns" : {
          "min" : 22186,
          "max" : 3917361,
          "mean" : 390708.814354,
          "stddev" : 272185.315379,
          "N" : 398926
        },
        "bw_min" : 251832,
        "bw_max" : 333128,
        "bw_agg" : 100.000000,
        "bw_mean" : 319310.222222,
        "bw_dev" : 25733.762345,
        "bw_samples" : 9,
        "iops_min" : 62958,
        "iops_max" : 83282,
        "iops_mean" : 79827.555556,
        "iops_stddev" : 6433.440586,
        "iops_samples" : 9
      },
      "trim" : {
        "io_bytes" : 0,
        "io_kbytes" : 0,
        "bw_bytes" : 0,
        "bw" : 0,
        "iops" : 0.000000,
        "runtime" : 0,
        "total_ios" : 0,
        "short_ios" : 0,
        "drop_ios" : 0,
        "slat_ns" : {
          "min" : 0,
          "max" : 0,
          "mean" : 0.000000,
          "stddev" : 0.000000,
          "N" : 0
        },
        "clat_ns" : {
          "min" : 0,
          "max" : 0,
          "mean" : 0.000000,
          "stddev" : 0.000000,
          "N" : 0
        },
        "lat_ns" : {
          "min" : 0,
          "max" : 0,
          "mean" : 0.000000,
          "stddev" : 0.000000,
          "N" : 0
        },
        "bw_min" : 0,
        "bw_max" : 0,
        "bw_agg" : 0.000000,
        "bw_mean" : 0.000000,
        "bw_dev" : 0.000000,
        "bw_samples" : 0,
        "iops_min" : 0,
        "iops_max" : 0,
        "iops_mean" : 0.000000,
        "iops_stddev" : 0.000000,
        "iops_samples" : 0
      },
      "sync" : {
        "total_ios" : 0,
        "lat_ns" : {
          "min" : 0,
          "max" : 0,
          "mean" : 0.000000,
          "stddev" : 0.000000,
          "N" : 0
        }
      },
      "job_runtime" : 5000,
      "usr_cpu" : 10.080000,
      "sys_cpu" : 24.640000,
      "ctx" : 402503,
      "majf" : 0,
      "minf" : 13,
      "iodepth_level" : {
        "1" : 0.100000,
        "2" : 0.100000,
        "4" : 0.100000,
        "8" : 0.100000,
        "16" : 0.100000,
        "32" : 99.988469,
        ">=64" : 0.000000
      },
      "iodepth_submit" : {
        "0" : 0.000000,
        "4" : 100.000000,
        "8" : 0.000000,
        "16" : 0.000000,
        "32" : 0.000000,
        "64" : 0.000000,
        ">=64" : 0.000000
      },
      "iodepth_complete" : {
        "0" : 0.000000,
        "4" : 99.999749,
        "8" : 0.000000,
        "16" : 0.000000,
        "32" : 0.100000,
        "64" : 0.000000,
        ">=64" : 0.000000
      },
      "latency_ns" : {
        "2" : 0.000000,
        "4" : 0.000000,
        "10" : 0.000000,
        "20" : 0.000000,
        "50" : 0.000000,
        "100" : 0.000000,
        "250" : 0.000000,
        "500" : 0.000000,
        "750" : 0.000000,
        "1000" : 0.000000
      },
      "latency_us" : {
        "2" : 0.000000,
        "4" : 0.000000,
        "10" : 0.000000,
        "20" : 0.014288,
        "50" : 3.837303,
        "100" : 6.763410,
        "250" : 25.245033,
        "500" : 37.019397,
        "750" : 17.161328,
        "1000" : 6.924091
      },
      "latency_ms" : {
        "2" : 2.916080,
        "4" : 0.119070,
        "10" : 0.000000,
        "20" : 0.000000,
        "50" : 0.000000,
        "100" : 0.000000,
        "250" : 0.000000,
        "500" : 0.000000,
        "750" : 0.000000,
        "1000" : 0.000000,
        "2000" : 0.000000,
        ">=2000" : 0.000000
      },
      "latency_depth" : 32,
      "latency_target" : 0,
      "latency_percentile" : 100.000000,
      "latency_window" : 0
    }
  ],
  "disk_util" : [
    {
      "name" : "nvme2n2",
      "read_ios" : 13,
      "write_ios" : 227668,
      "read_merges" : 0,
      "write_merges" : 162435,
      "read_ticks" : 0,
      "write_ticks" : 68668,
      "in_queue" : 68669,
      "util" : 98.113208
    }
  ]
}
