{
  "fio version" : "fio-3.28-261-gc3773-dirty",
  "timestamp" : 1646041626,
  "timestamp_ms" : 1646041626911,
  "time" : "Mon Feb 28 10:47:06 2022",
  "jobs" : [
    {
      "jobname" : "nvme2n2_randoverwrite_4K_active-zones-3",
      "groupid" : 0,
      "error" : 0,
      "eta" : 0,
      "elapsed" : 6,
      "job options" : {
        "name" : "nvme2n2_randoverwrite_4K_active-zones-3",
        "filename" : "/dev/nvme2n2",
        "direct" : "1",
        "size" : "107374182400",
        "ioengine" : "libaio",
        "zonemode" : "zbd",
        "iodepth" : "32",
        "rw" : "randwrite",
        "bs" : "4K",
        "max_open_zones" : "3",
        "runtime" : "5s"
      },
      "read" : {
        "io_bytes" : 0,
        "io_kbytes" : 0,
        "bw_bytes" : 0,
        "bw" : 0,
        "iops" : 0.000000,
        "runtime" : 0,
        "total_ios" : 0,
        "short_ios" : 0,
        "drop_ios" : 0,
        "slat_ns" : {
          "min" : 0,
          "max" : 0,
          "mean" : 0.000000,
          "stddev" : 0.000000,
          "N" : 0
        },
        "clat_ns" : {
          "min" : 0,
          "max" : 0,
          "mean" : 0.000000,
          "stddev" : 0.000000,
          "N" : 0
        },
        "lat_ns" : {
          "min" : 0,
          "max" : 0,
          "mean" : 0.000000,
          "stddev" : 0.000000,
          "N" : 0
        },
        "bw_min" : 0,
        "bw_max" : 0,
        "bw_agg" : 0.000000,
        "bw_mean" : 0.000000,
        "bw_dev" : 0.000000,
        "bw_samples" : 0,
        "iops_min" : 0,
        "iops_max" : 0,
        "iops_mean" : 0.000000,
        "iops_stddev" : 0.000000,
        "iops_samples" : 0
      },
      "write" : {
        "io_bytes" : 4218990592,
        "io_kbytes" : 4120108,
        "bw_bytes" : 843629392,
        "bw" : 823856,
        "iops" : 205964.207159,
        "runtime" : 5001,
        "total_ios" : 1030027,
        "short_ios" : 0,
        "drop_ios" : 0,
        "slat_ns" : {
          "min" : 910,
          "max" : 288638,
          "mean" : 2497.036416,
          "stddev" : 2537.498219,
          "N" : 1030027
        },
        "clat_ns" : {
          "min" : 18578,
          "max" : 2065858,
          "mean" : 150125.040865,
          "stddev" : 64965.579569,
          "N" : 1030027,
          "percentile" : {
            "1.000000" : 75264,
            "5.000000" : 93696,
            "10.000000" : 102912,
            "20.000000" : 115200,
            "30.000000" : 124416,
            "40.000000" : 132096,
            "50.000000" : 140288,
            "60.000000" : 150528,
            "70.000000" : 158720,
            "80.000000" : 171008,
            "90.000000" : 191488,
            "95.000000" : 216064,
            "99.000000" : 436224,
            "99.500000" : 569344,
            "99.900000" : 815104,
            "99.950000" : 1044480,
            "99.990000" : 1581056
          }
        },
        "lat_ns" : {
          "min" : 23199,
          "max" : 2070198,
          "mean" : 152726.720807,
          "stddev" : 65523.252183,
          "N" : 1030027
        },
        "bw_min" : 767792,
        "bw_max" : 899792,
        "bw_agg" : 100.000000,
        "bw_mean" : 825555.555556,
        "bw_dev" : 38270.478881,
        "bw_samples" : 9,
        "iops_min" : 191948,
        "iops_max" : 224948,
        "iops_mean" : 206388.888889,
        "iops_stddev" : 9567.619720,
        "iops_samples" : 9
      },
      "trim" : {
        "io_bytes" : 0,
        "io_kbytes" : 0,
        "bw_bytes" : 0,
        "bw" : 0,
        "iops" : 0.000000,
        "runtime" : 0,
        "total_ios" : 0,
        "short_ios" : 0,
        "drop_ios" : 0,
        "slat_ns" : {
          "min" : 0,
          "max" : 0,
          "mean" : 0.000000,
          "stddev" : 0.000000,
          "N" : 0
        },
        "clat_ns" : {
          "min" : 0,
          "max" : 0,
          "mean" : 0.000000,
          "stddev" : 0.000000,
          "N" : 0
        },
        "lat_ns" : {
          "min" : 0,
          "max" : 0,
          "mean" : 0.000000,
          "stddev" : 0.000000,
          "N" : 0
        },
        "bw_min" : 0,
        "bw_max" : 0,
        "bw_agg" : 0.000000,
        "bw_mean" : 0.000000,
        "bw_dev" : 0.000000,
        "bw_samples" : 0,
        "iops_min" : 0,
        "iops_max" : 0,
        "iops_mean" : 0.000000,
        "iops_stddev" : 0.000000,
        "iops_samples" : 0
      },
      "sync" : {
        "total_ios" : 0,
        "lat_ns" : {
          "min" : 0,
          "max" : 0,
          "mean" : 0.000000,
          "stddev" : 0.000000,
          "N" : 0
        }
      },
      "job_runtime" : 5000,
      "usr_cpu" : 21.440000,
      "sys_cpu" : 40.700000,
      "ctx" : 377316,
      "majf" : 0,
      "minf" : 12,
      "iodepth_level" : {
        "1" : 0.100000,
        "2" : 0.100000,
        "4" : 0.100000,
        "8" : 0.100000,
        "16" : 0.100000,
        "32" : 99.987767,
        ">=64" : 0.000000
      },
      "iodepth_submit" : {
        "0" : 0.000000,
        "4" : 100.000000,
        "8" : 0.000000,
        "16" : 0.000000,
        "32" : 0.000000,
        "64" : 0.000000,
        ">=64" : 0.000000
      },
      "iodepth_complete" : {
        "0" : 0.000000,
        "4" : 99.999903,
        "8" : 0.000000,
        "16" : 0.000000,
        "32" : 0.100000,
        "64" : 0.000000,
        ">=64" : 0.000000
      },
      "latency_ns" : {
        "2" : 0.000000,
        "4" : 0.000000,
        "10" : 0.000000,
        "20" : 0.000000,
        "50" : 0.000000,
        "100" : 0.000000,
        "250" : 0.000000,
        "500" : 0.000000,
        "750" : 0.000000,
        "1000" : 0.000000
      },
      "latency_us" : {
        "2" : 0.000000,
        "4" : 0.000000,
        "10" : 0.000000,
        "20" : 0.010000,
        "50" : 0.075629,
        "100" : 7.922802,
        "250" : 89.186594,
        "500" : 1.934512,
        "750" : 0.764931,
        "1000" : 0.057863
      },
      "latency_ms" : {
        "2" : 0.057280,
        "4" : 0.010000,
        "10" : 0.000000,
        "20" : 0.000000,
        "50" : 0.000000,
        "100" : 0.000000,
        "250" : 0.000000,
        "500" : 0.000000,
        "750" : 0.000000,
        "1000" : 0.000000,
        "2000" : 0.000000,
        ">=2000" : 0.000000
      },
      "latency_depth" : 32,
      "latency_target" : 0,
      "latency_percentile" : 100.000000,
      "latency_window" : 0
    }
  ],
  "disk_util" : [
    {
      "name" : "nvme2n2",
      "read_ios" : 13,
      "write_ios" : 205627,
      "read_merges" : 0,
      "write_merges" : 798899,
      "read_ticks" : 1,
      "write_ticks" : 25432,
      "in_queue" : 25432,
      "util" : 98.032919
    }
  ]
}
