{
  "fio version" : "fio-3.28-261-gc3773-dirty",
  "timestamp" : 1646041779,
  "timestamp_ms" : 1646041779443,
  "time" : "Mon Feb 28 10:49:39 2022",
  "jobs" : [
    {
      "jobname" : "nvme2n2_randwrite_4K_active-zones-6",
      "groupid" : 0,
      "error" : 0,
      "eta" : 0,
      "elapsed" : 6,
      "job options" : {
        "name" : "nvme2n2_randwrite_4K_active-zones-6",
        "filename" : "/dev/nvme2n2",
        "direct" : "1",
        "size" : "107374182400",
        "ioengine" : "libaio",
        "zonemode" : "zbd",
        "iodepth" : "32",
        "rw" : "randwrite",
        "bs" : "4K",
        "max_open_zones" : "6",
        "runtime" : "5s"
      },
      "read" : {
        "io_bytes" : 0,
        "io_kbytes" : 0,
        "bw_bytes" : 0,
        "bw" : 0,
        "iops" : 0.000000,
        "runtime" : 0,
        "total_ios" : 0,
        "short_ios" : 0,
        "drop_ios" : 0,
        "slat_ns" : {
          "min" : 0,
          "max" : 0,
          "mean" : 0.000000,
          "stddev" : 0.000000,
          "N" : 0
        },
        "clat_ns" : {
          "min" : 0,
          "max" : 0,
          "mean" : 0.000000,
          "stddev" : 0.000000,
          "N" : 0
        },
        "lat_ns" : {
          "min" : 0,
          "max" : 0,
          "mean" : 0.000000,
          "stddev" : 0.000000,
          "N" : 0
        },
        "bw_min" : 0,
        "bw_max" : 0,
        "bw_agg" : 0.000000,
        "bw_mean" : 0.000000,
        "bw_dev" : 0.000000,
        "bw_samples" : 0,
        "iops_min" : 0,
        "iops_max" : 0,
        "iops_mean" : 0.000000,
        "iops_stddev" : 0.000000,
        "iops_samples" : 0
      },
      "write" : {
        "io_bytes" : 2433675264,
        "io_kbytes" : 2376636,
        "bw_bytes" : 486637725,
        "bw" : 475232,
        "iops" : 118808.038392,
        "runtime" : 5001,
        "total_ios" : 594159,
        "short_ios" : 0,
        "drop_ios" : 0,
        "slat_ns" : {
          "min" : 917,
          "max" : 277120,
          "mean" : 3441.729241,
          "stddev" : 2874.102957,
          "N" : 594159
        },
        "clat_ns" : {
          "min" : 16580,
          "max" : 5496903,
          "mean" : 264882.998189,
          "stddev" : 151142.912524,
          "N" : 594159,
          "percentile" : {
            "1.000000" : 41216,
            "5.000000" : 73216,
            "10.000000" : 98816,
            "20.000000" : 138240,
            "30.000000" : 173056,
            "40.000000" : 205824,
            "50.000000" : 242688,
            "60.000000" : 280576,
            "70.000000" : 325632,
            "80.000000" : 378880,
            "90.000000" : 456704,
            "95.000000" : 528384,
            "99.000000" : 659456,
            "99.500000" : 724992,
            "99.900000" : 1089536,
            "99.950000" : 1384448,
            "99.990000" : 2801664
          }
        },
        "lat_ns" : {
          "min" : 21748,
          "max" : 5504849,
          "mean" : 268450.475942,
          "stddev" : 150972.540560,
          "N" : 594159
        },
        "bw_min" : 453888,
        "bw_max" : 486656,
        "bw_agg" : 100.000000,
        "bw_mean" : 475925.888889,
        "bw_dev" : 10495.011392,
        "bw_samples" : 9,
        "iops_min" : 113470,
        "iops_max" : 121664,
        "iops_mean" : 118981.222222,
        "iops_stddev" : 2624.285606,
        "iops_samples" : 9
      },
      "trim" : {
        "io_bytes" : 0,
        "io_kbytes" : 0,
        "bw_bytes" : 0,
        "bw" : 0,
        "iops" : 0.000000,
        "runtime" : 0,
        "total_ios" : 0,
        "short_ios" : 0,
        "drop_ios" : 0,
        "slat_ns" : {
          "min" : 0,
          "max" : 0,
          "mean" : 0.000000,
          "stddev" : 0.000000,
          "N" : 0
        },
        "clat_ns" : {
          "min" : 0,
          "max" : 0,
          "mean" : 0.000000,
          "stddev" : 0.000000,
          "N" : 0
        },
        "lat_ns" : {
          "min" : 0,
          "max" : 0,
          "mean" : 0.000000,
          "stddev" : 0.000000,
          "N" : 0
        },
        "bw_min" : 0,
        "bw_max" : 0,
        "bw_agg" : 0.000000,
        "bw_mean" : 0.000000,
        "bw_dev" : 0.000000,
        "bw_samples" : 0,
        "iops_min" : 0,
        "iops_max" : 0,
        "iops_mean" : 0.000000,
        "iops_stddev" : 0.000000,
        "iops_samples" : 0
      },
      "sync" : {
        "total_ios" : 0,
        "lat_ns" : {
          "min" : 0,
          "max" : 0,
          "mean" : 0.000000,
          "stddev" : 0.000000,
          "N" : 0
        }
      },
      "job_runtime" : 5000,
      "usr_cpu" : 14.420000,
      "sys_cpu" : 29.880000,
      "ctx" : 396897,
      "majf" : 0,
      "minf" : 877,
      "iodepth_level" : {
        "1" : 0.100000,
        "2" : 0.100000,
        "4" : 0.100000,
        "8" : 0.100000,
        "16" : 0.100000,
        "32" : 99.994783,
        ">=64" : 0.000000
      },
      "iodepth_submit" : {
        "0" : 0.000000,
        "4" : 100.000000,
        "8" : 0.000000,
        "16" : 0.000000,
        "32" : 0.000000,
        "64" : 0.000000,
        ">=64" : 0.000000
      },
      "iodepth_complete" : {
        "0" : 0.000000,
        "4" : 99.999832,
        "8" : 0.000000,
        "16" : 0.000000,
        "32" : 0.100000,
        "64" : 0.000000,
        ">=64" : 0.000000
      },
      "latency_ns" : {
        "2" : 0.000000,
        "4" : 0.000000,
        "10" : 0.000000,
        "20" : 0.000000,
        "50" : 0.000000,
        "100" : 0.000000,
        "250" : 0.000000,
        "500" : 0.000000,
        "750" : 0.000000,
        "1000" : 0.000000
      },
      "latency_us" : {
        "2" : 0.000000,
        "4" : 0.000000,
        "10" : 0.000000,
        "20" : 0.010000,
        "50" : 1.808102,
        "100" : 8.478202,
        "250" : 41.806823,
        "500" : 41.128553,
        "750" : 6.376071,
        "1000" : 0.273832
      },
      "latency_ms" : {
        "2" : 0.097112,
        "4" : 0.015316,
        "10" : 0.010000,
        "20" : 0.000000,
        "50" : 0.000000,
        "100" : 0.000000,
        "250" : 0.000000,
        "500" : 0.000000,
        "750" : 0.000000,
        "1000" : 0.000000,
        "2000" : 0.000000,
        ">=2000" : 0.000000
      },
      "latency_depth" : 32,
      "latency_target" : 0,
      "latency_percentile" : 100.000000,
      "latency_window" : 0
    }
  ],
  "disk_util" : [
    {
      "name" : "nvme2n2",
      "read_ios" : 41,
      "write_ios" : 224973,
      "read_merges" : 0,
      "write_merges" : 354803,
      "read_ticks" : 1,
      "write_ticks" : 45020,
      "in_queue" : 45021,
      "util" : 98.013245
    }
  ]
}
