{
  "fio version" : "fio-3.28-261-gc3773-dirty",
  "timestamp" : 1646042492,
  "timestamp_ms" : 1646042492558,
  "time" : "Mon Feb 28 11:01:32 2022",
  "jobs" : [
    {
      "jobname" : "nvme2n2_randoverwrite_4K_active-zones-14",
      "groupid" : 0,
      "error" : 0,
      "eta" : 0,
      "elapsed" : 6,
      "job options" : {
        "name" : "nvme2n2_randoverwrite_4K_active-zones-14",
        "filename" : "/dev/nvme2n2",
        "direct" : "1",
        "size" : "107374182400",
        "ioengine" : "libaio",
        "zonemode" : "zbd",
        "iodepth" : "32",
        "rw" : "randwrite",
        "bs" : "4K",
        "max_open_zones" : "14",
        "runtime" : "5s"
      },
      "read" : {
        "io_bytes" : 0,
        "io_kbytes" : 0,
        "bw_bytes" : 0,
        "bw" : 0,
        "iops" : 0.000000,
        "runtime" : 0,
        "total_ios" : 0,
        "short_ios" : 0,
        "drop_ios" : 0,
        "slat_ns" : {
          "min" : 0,
          "max" : 0,
          "mean" : 0.000000,
          "stddev" : 0.000000,
          "N" : 0
        },
        "clat_ns" : {
          "min" : 0,
          "max" : 0,
          "mean" : 0.000000,
          "stddev" : 0.000000,
          "N" : 0
        },
        "lat_ns" : {
          "min" : 0,
          "max" : 0,
          "mean" : 0.000000,
          "stddev" : 0.000000,
          "N" : 0
        },
        "bw_min" : 0,
        "bw_max" : 0,
        "bw_agg" : 0.000000,
        "bw_mean" : 0.000000,
        "bw_dev" : 0.000000,
        "bw_samples" : 0,
        "iops_min" : 0,
        "iops_max" : 0,
        "iops_mean" : 0.000000,
        "iops_stddev" : 0.000000,
        "iops_samples" : 0
      },
      "write" : {
        "io_bytes" : 1518366720,
        "io_kbytes" : 1482780,
        "bw_bytes" : 303612621,
        "bw" : 296496,
        "iops" : 74124.175165,
        "runtime" : 5001,
        "total_ios" : 370695,
        "short_ios" : 0,
        "drop_ios" : 0,
        "slat_ns" : {
          "min" : 1184,
          "max" : 214731,
          "mean" : 4950.848031,
          "stddev" : 3580.945216,
          "N" : 370695
        },
        "clat_ns" : {
          "min" : 15158,
          "max" : 3745093,
          "mean" : 413425.922335,
          "stddev" : 290915.070522,
          "N" : 370695,
          "percentile" : {
            "1.000000" : 32384,
            "5.000000" : 59136,
            "10.000000" : 102912,
            "20.000000" : 179200,
            "30.000000" : 238592,
            "40.000000" : 292864,
            "50.000000" : 354304,
            "60.000000" : 419840,
            "70.000000" : 501760,
            "80.000000" : 602112,
            "90.000000" : 798720,
            "95.000000" : 978944,
            "99.000000" : 1351680,
            "99.500000" : 1515520,
            "99.900000" : 2146304,
            "99.950000" : 2473984,
            "99.990000" : 2998272
          }
        },
        "lat_ns" : {
          "min" : 23016,
          "max" : 3755503,
          "mean" : 418509.768295,
          "stddev" : 290420.617291,
          "N" : 370695
        },
        "bw_min" : 219600,
        "bw_max" : 313872,
        "bw_agg" : 100.000000,
        "bw_mean" : 297428.444444,
        "bw_dev" : 29938.661590,
        "bw_samples" : 9,
        "iops_min" : 54900,
        "iops_max" : 78468,
        "iops_mean" : 74357.333333,
        "iops_stddev" : 7484.780157,
        "iops_samples" : 9
      },
      "trim" : {
        "io_bytes" : 0,
        "io_kbytes" : 0,
        "bw_bytes" : 0,
        "bw" : 0,
        "iops" : 0.000000,
        "runtime" : 0,
        "total_ios" : 0,
        "short_ios" : 0,
        "drop_ios" : 0,
        "slat_ns" : {
          "min" : 0,
          "max" : 0,
          "mean" : 0.000000,
          "stddev" : 0.000000,
          "N" : 0
        },
        "clat_ns" : {
          "min" : 0,
          "max" : 0,
          "mean" : 0.000000,
          "stddev" : 0.000000,
          "N" : 0
        },
        "lat_ns" : {
          "min" : 0,
          "max" : 0,
          "mean" : 0.000000,
          "stddev" : 0.000000,
          "N" : 0
        },
        "bw_min" : 0,
        "bw_max" : 0,
        "bw_agg" : 0.000000,
        "bw_mean" : 0.000000,
        "bw_dev" : 0.000000,
        "bw_samples" : 0,
        "iops_min" : 0,
        "iops_max" : 0,
        "iops_mean" : 0.000000,
        "iops_stddev" : 0.000000,
        "iops_samples" : 0
      },
      "sync" : {
        "total_ios" : 0,
        "lat_ns" : {
          "min" : 0,
          "max" : 0,
          "mean" : 0.000000,
          "stddev" : 0.000000,
          "N" : 0
        }
      },
      "job_runtime" : 5000,
      "usr_cpu" : 9.820000,
      "sys_cpu" : 24.680000,
      "ctx" : 399391,
      "majf" : 0,
      "minf" : 12,
      "iodepth_level" : {
        "1" : 0.100000,
        "2" : 0.100000,
        "4" : 0.100000,
        "8" : 0.100000,
        "16" : 0.100000,
        "32" : 99.987051,
        ">=64" : 0.000000
      },
      "iodepth_submit" : {
        "0" : 0.000000,
        "4" : 100.000000,
        "8" : 0.000000,
        "16" : 0.000000,
        "32" : 0.000000,
        "64" : 0.000000,
        ">=64" : 0.000000
      },
      "iodepth_complete" : {
        "0" : 0.000000,
        "4" : 99.999730,
        "8" : 0.000000,
        "16" : 0.000000,
        "32" : 0.100000,
        "64" : 0.000000,
        ">=64" : 0.000000
      },
      "latency_ns" : {
        "2" : 0.000000,
        "4" : 0.000000,
        "10" : 0.000000,
        "20" : 0.000000,
        "50" : 0.000000,
        "100" : 0.000000,
        "250" : 0.000000,
        "500" : 0.000000,
        "750" : 0.000000,
        "1000" : 0.000000
      },
      "latency_us" : {
        "2" : 0.000000,
        "4" : 0.000000,
        "10" : 0.000000,
        "20" : 0.014297,
        "50" : 3.775880,
        "100" : 5.880306,
        "250" : 22.327790,
        "500" : 37.840813,
        "750" : 18.324768,
        "1000" : 7.323001
      },
      "latency_ms" : {
        "2" : 4.383658,
        "4" : 0.129487,
        "10" : 0.000000,
        "20" : 0.000000,
        "50" : 0.000000,
        "100" : 0.000000,
        "250" : 0.000000,
        "500" : 0.000000,
        "750" : 0.000000,
        "1000" : 0.000000,
        "2000" : 0.000000,
        ">=2000" : 0.000000
      },
      "latency_depth" : 32,
      "latency_target" : 0,
      "latency_percentile" : 100.000000,
      "latency_window" : 0
    }
  ],
  "disk_util" : [
    {
      "name" : "nvme2n2",
      "read_ios" : 0,
      "write_ios" : 229352,
      "read_merges" : 0,
      "write_merges" : 132695,
      "read_ticks" : 0,
      "write_ticks" : 72949,
      "in_queue" : 72950,
      "util" : 98.052600
    }
  ]
}
