{
  "fio version" : "fio-3.28-261-gc3773-dirty",
  "timestamp" : 1646421212,
  "timestamp_ms" : 1646421212423,
  "time" : "Fri Mar  4 20:13:32 2022",
  "jobs" : [
    {
      "jobname" : "nvme0n1p1_randwrite_4Ki_queue-depth-8",
      "groupid" : 0,
      "error" : 0,
      "eta" : 0,
      "elapsed" : 41,
      "job options" : {
        "name" : "nvme0n1p1_randwrite_4Ki_queue-depth-8",
        "filename" : "/dev/nvme0n1p1",
        "direct" : "1",
        "size" : "107373134336",
        "ioengine" : "libaio",
        "iodepth" : "8",
        "rw" : "randwrite",
        "bs" : "4Ki",
        "runtime" : "30s",
        "numa_cpu_nodes" : "0",
        "ramp_time" : "10s",
        "percentile_list" : "50:95"
      },
      "read" : {
        "io_bytes" : 0,
        "io_kbytes" : 0,
        "bw_bytes" : 0,
        "bw" : 0,
        "iops" : 0.000000,
        "runtime" : 0,
        "total_ios" : 0,
        "short_ios" : 0,
        "drop_ios" : 0,
        "slat_ns" : {
          "min" : 0,
          "max" : 0,
          "mean" : 0.000000,
          "stddev" : 0.000000,
          "N" : 0
        },
        "clat_ns" : {
          "min" : 0,
          "max" : 0,
          "mean" : 0.000000,
          "stddev" : 0.000000,
          "N" : 0
        },
        "lat_ns" : {
          "min" : 0,
          "max" : 0,
          "mean" : 0.000000,
          "stddev" : 0.000000,
          "N" : 0
        },
        "bw_min" : 0,
        "bw_max" : 0,
        "bw_agg" : 0.000000,
        "bw_mean" : 0.000000,
        "bw_dev" : 0.000000,
        "bw_samples" : 0,
        "iops_min" : 0,
        "iops_max" : 0,
        "iops_mean" : 0.000000,
        "iops_stddev" : 0.000000,
        "iops_samples" : 0
      },
      "write" : {
        "io_bytes" : 34157121536,
        "io_kbytes" : 33356564,
        "bw_bytes" : 1138532766,
        "bw" : 1111848,
        "iops" : 277961.834606,
        "runtime" : 30001,
        "total_ios" : 8339133,
        "short_ios" : 0,
        "drop_ios" : 0,
        "slat_ns" : {
          "min" : 1317,
          "max" : 32390,
          "mean" : 2179.639962,
          "stddev" : 625.685983,
          "N" : 8339134
        },
        "clat_ns" : {
          "min" : 9608,
          "max" : 19162532,
          "mean" : 25640.010214,
          "stddev" : 59087.118532,
          "N" : 8339140,
          "percentile" : {
            "50.000000" : 25472,
            "95.000000" : 26752
          }
        },
        "lat_ns" : {
          "min" : 12399,
          "max" : 19164171,
          "mean" : 27904.304050,
          "stddev" : 59088.305111,
          "N" : 8339140
        },
        "bw_min" : 1066829,
        "bw_max" : 1136120,
        "bw_agg" : 100.000000,
        "bw_mean" : 1112645.533333,
        "bw_dev" : 17240.218283,
        "bw_samples" : 60,
        "iops_min" : 266707,
        "iops_max" : 284030,
        "iops_mean" : 278161.316667,
        "iops_stddev" : 4310.032032,
        "iops_samples" : 60
      },
      "trim" : {
        "io_bytes" : 0,
        "io_kbytes" : 0,
        "bw_bytes" : 0,
        "bw" : 0,
        "iops" : 0.000000,
        "runtime" : 0,
        "total_ios" : 0,
        "short_ios" : 0,
        "drop_ios" : 0,
        "slat_ns" : {
          "min" : 0,
          "max" : 0,
          "mean" : 0.000000,
          "stddev" : 0.000000,
          "N" : 0
        },
        "clat_ns" : {
          "min" : 0,
          "max" : 0,
          "mean" : 0.000000,
          "stddev" : 0.000000,
          "N" : 0
        },
        "lat_ns" : {
          "min" : 0,
          "max" : 0,
          "mean" : 0.000000,
          "stddev" : 0.000000,
          "N" : 0
        },
        "bw_min" : 0,
        "bw_max" : 0,
        "bw_agg" : 0.000000,
        "bw_mean" : 0.000000,
        "bw_dev" : 0.000000,
        "bw_samples" : 0,
        "iops_min" : 0,
        "iops_max" : 0,
        "iops_mean" : 0.000000,
        "iops_stddev" : 0.000000,
        "iops_samples" : 0
      },
      "sync" : {
        "total_ios" : 0,
        "lat_ns" : {
          "min" : 0,
          "max" : 0,
          "mean" : 0.000000,
          "stddev" : 0.000000,
          "N" : 0
        }
      },
      "job_runtime" : 30000,
      "usr_cpu" : 40.583333,
      "sys_cpu" : 58.730000,
      "ctx" : 3294,
      "majf" : 0,
      "minf" : 37,
      "iodepth_level" : {
        "1" : 0.000000,
        "2" : 0.000000,
        "4" : 0.000000,
        "8" : 100.000000,
        "16" : 0.000000,
        "32" : 0.000000,
        ">=64" : 0.000000
      },
      "iodepth_submit" : {
        "0" : 0.000000,
        "4" : 100.000000,
        "8" : 0.000000,
        "16" : 0.000000,
        "32" : 0.000000,
        "64" : 0.000000,
        ">=64" : 0.000000
      },
      "iodepth_complete" : {
        "0" : 0.000000,
        "4" : 99.999988,
        "8" : 0.100000,
        "16" : 0.000000,
        "32" : 0.000000,
        "64" : 0.000000,
        ">=64" : 0.000000
      },
      "latency_ns" : {
        "2" : 0.000000,
        "4" : 0.000000,
        "10" : 0.000000,
        "20" : 0.000000,
        "50" : 0.000000,
        "100" : 0.000000,
        "250" : 0.000000,
        "500" : 0.000000,
        "750" : 0.000000,
        "1000" : 0.000000
      },
      "latency_us" : {
        "2" : 0.000000,
        "4" : 0.000000,
        "10" : 0.010000,
        "20" : 0.010000,
        "50" : 99.994616,
        "100" : 0.010000,
        "250" : 0.010000,
        "500" : 0.000000,
        "750" : 0.000000,
        "1000" : 0.000000
      },
      "latency_ms" : {
        "2" : 0.010000,
        "4" : 0.000000,
        "10" : 0.000000,
        "20" : 0.010000,
        "50" : 0.000000,
        "100" : 0.000000,
        "250" : 0.000000,
        "500" : 0.000000,
        "750" : 0.000000,
        "1000" : 0.000000,
        "2000" : 0.000000,
        ">=2000" : 0.000000
      },
      "latency_depth" : 8,
      "latency_target" : 0,
      "latency_percentile" : 100.000000,
      "latency_window" : 0
    }
  ],
  "disk_util" : [
    {
      "name" : "nvme0n1",
      "read_ios" : 59,
      "write_ios" : 11258796,
      "read_merges" : 0,
      "write_merges" : 0,
      "read_ticks" : 11,
      "write_ticks" : 106108,
      "in_queue" : 106119,
      "util" : 100.000000
    }
  ]
}
