{
  "fio version" : "fio-3.28-261-gc3773-dirty",
  "timestamp" : 1646422264,
  "timestamp_ms" : 1646422264767,
  "time" : "Fri Mar  4 20:31:04 2022",
  "jobs" : [
    {
      "jobname" : "nvme0n1p1_randread_4Ki_queue-depth-64",
      "groupid" : 0,
      "error" : 0,
      "eta" : 0,
      "elapsed" : 41,
      "job options" : {
        "name" : "nvme0n1p1_randread_4Ki_queue-depth-64",
        "filename" : "/dev/nvme0n1p1",
        "direct" : "1",
        "size" : "107373134336",
        "ioengine" : "libaio",
        "iodepth" : "64",
        "rw" : "randread",
        "bs" : "4Ki",
        "runtime" : "30s",
        "numa_cpu_nodes" : "0",
        "ramp_time" : "10s",
        "percentile_list" : "50:95"
      },
      "read" : {
        "io_bytes" : 35897200640,
        "io_kbytes" : 35055860,
        "bw_bytes" : 1196533470,
        "bw" : 1168489,
        "iops" : 292120.329322,
        "runtime" : 30001,
        "total_ios" : 8763902,
        "short_ios" : 0,
        "drop_ios" : 0,
        "slat_ns" : {
          "min" : 1264,
          "max" : 44771,
          "mean" : 2183.956470,
          "stddev" : 1046.679848,
          "N" : 8763902
        },
        "clat_ns" : {
          "min" : 126427,
          "max" : 762978,
          "mean" : 216196.095199,
          "stddev" : 27298.594112,
          "N" : 8763965,
          "percentile" : {
            "50.000000" : 209920,
            "95.000000" : 272384
          }
        },
        "lat_ns" : {
          "min" : 127988,
          "max" : 764625,
          "mean" : 218499.621312,
          "stddev" : 27305.403661,
          "N" : 8763965
        },
        "bw_min" : 1162744,
        "bw_max" : 1173370,
        "bw_agg" : 100.000000,
        "bw_mean" : 1169353.516667,
        "bw_dev" : 2452.905227,
        "bw_samples" : 60,
        "iops_min" : 290686,
        "iops_max" : 293342,
        "iops_mean" : 292338.216667,
        "iops_stddev" : 613.252487,
        "iops_samples" : 60
      },
      "write" : {
        "io_bytes" : 0,
        "io_kbytes" : 0,
        "bw_bytes" : 0,
        "bw" : 0,
        "iops" : 0.000000,
        "runtime" : 0,
        "total_ios" : 0,
        "short_ios" : 0,
        "drop_ios" : 0,
        "slat_ns" : {
          "min" : 0,
          "max" : 0,
          "mean" : 0.000000,
          "stddev" : 0.000000,
          "N" : 0
        },
        "clat_ns" : {
          "min" : 0,
          "max" : 0,
          "mean" : 0.000000,
          "stddev" : 0.000000,
          "N" : 0
        },
        "lat_ns" : {
          "min" : 0,
          "max" : 0,
          "mean" : 0.000000,
          "stddev" : 0.000000,
          "N" : 0
        },
        "bw_min" : 0,
        "bw_max" : 0,
        "bw_agg" : 0.000000,
        "bw_mean" : 0.000000,
        "bw_dev" : 0.000000,
        "bw_samples" : 0,
        "iops_min" : 0,
        "iops_max" : 0,
        "iops_mean" : 0.000000,
        "iops_stddev" : 0.000000,
        "iops_samples" : 0
      },
      "trim" : {
        "io_bytes" : 0,
        "io_kbytes" : 0,
        "bw_bytes" : 0,
        "bw" : 0,
        "iops" : 0.000000,
        "runtime" : 0,
        "total_ios" : 0,
        "short_ios" : 0,
        "drop_ios" : 0,
        "slat_ns" : {
          "min" : 0,
          "max" : 0,
          "mean" : 0.000000,
          "stddev" : 0.000000,
          "N" : 0
        },
        "clat_ns" : {
          "min" : 0,
          "max" : 0,
          "mean" : 0.000000,
          "stddev" : 0.000000,
          "N" : 0
        },
        "lat_ns" : {
          "min" : 0,
          "max" : 0,
          "mean" : 0.000000,
          "stddev" : 0.000000,
          "N" : 0
        },
        "bw_min" : 0,
        "bw_max" : 0,
        "bw_agg" : 0.000000,
        "bw_mean" : 0.000000,
        "bw_dev" : 0.000000,
        "bw_samples" : 0,
        "iops_min" : 0,
        "iops_max" : 0,
        "iops_mean" : 0.000000,
        "iops_stddev" : 0.000000,
        "iops_samples" : 0
      },
      "sync" : {
        "total_ios" : 0,
        "lat_ns" : {
          "min" : 0,
          "max" : 0,
          "mean" : 0.000000,
          "stddev" : 0.000000,
          "N" : 0
        }
      },
      "job_runtime" : 30000,
      "usr_cpu" : 35.006667,
      "sys_cpu" : 64.940000,
      "ctx" : 3368,
      "majf" : 0,
      "minf" : 37,
      "iodepth_level" : {
        "1" : 0.000000,
        "2" : 0.000000,
        "4" : 0.000000,
        "8" : 0.000000,
        "16" : 0.000000,
        "32" : 0.000000,
        ">=64" : 100.000000
      },
      "iodepth_submit" : {
        "0" : 0.000000,
        "4" : 100.000000,
        "8" : 0.000000,
        "16" : 0.000000,
        "32" : 0.000000,
        "64" : 0.000000,
        ">=64" : 0.000000
      },
      "iodepth_complete" : {
        "0" : 0.000000,
        "4" : 99.999989,
        "8" : 0.000000,
        "16" : 0.000000,
        "32" : 0.000000,
        "64" : 0.100000,
        ">=64" : 0.000000
      },
      "latency_ns" : {
        "2" : 0.000000,
        "4" : 0.000000,
        "10" : 0.000000,
        "20" : 0.000000,
        "50" : 0.000000,
        "100" : 0.000000,
        "250" : 0.000000,
        "500" : 0.000000,
        "750" : 0.000000,
        "1000" : 0.000000
      },
      "latency_us" : {
        "2" : 0.000000,
        "4" : 0.000000,
        "10" : 0.000000,
        "20" : 0.000000,
        "50" : 0.000000,
        "100" : 0.000000,
        "250" : 89.268821,
        "500" : 10.728292,
        "750" : 0.010000,
        "1000" : 0.010000
      },
      "latency_ms" : {
        "2" : 0.000000,
        "4" : 0.000000,
        "10" : 0.000000,
        "20" : 0.000000,
        "50" : 0.000000,
        "100" : 0.000000,
        "250" : 0.000000,
        "500" : 0.000000,
        "750" : 0.000000,
        "1000" : 0.000000,
        "2000" : 0.000000,
        ">=2000" : 0.000000
      },
      "latency_depth" : 64,
      "latency_target" : 0,
      "latency_percentile" : 100.000000,
      "latency_window" : 0
    }
  ],
  "disk_util" : [
    {
      "name" : "nvme0n1",
      "read_ios" : 11770456,
      "write_ios" : 0,
      "read_merges" : 0,
      "write_merges" : 0,
      "read_ticks" : 993728,
      "write_ticks" : 0,
      "in_queue" : 993727,
      "util" : 100.000000
    }
  ]
}
