{
  "fio version" : "fio-3.28-261-gc3773-dirty",
  "timestamp" : 1646352325,
  "timestamp_ms" : 1646352325705,
  "time" : "Fri Mar  4 01:05:25 2022",
  "jobs" : [
    {
      "jobname" : "nvme2n2_read_4Ki_queue-depth-256",
      "groupid" : 0,
      "error" : 0,
      "eta" : 0,
      "elapsed" : 41,
      "job options" : {
        "name" : "nvme2n2_read_4Ki_queue-depth-256",
        "filename" : "/dev/nvme2n2",
        "direct" : "1",
        "size" : "107374182400",
        "ioengine" : "libaio",
        "iodepth" : "256",
        "rw" : "read",
        "bs" : "4Ki",
        "runtime" : "30s",
        "numa_cpu_nodes" : "1",
        "ramp_time" : "10s",
        "zonemode" : "zbd"
      },
      "read" : {
        "io_bytes" : 24635437056,
        "io_kbytes" : 24058044,
        "bw_bytes" : 821126493,
        "bw" : 801881,
        "iops" : 200461.835878,
        "runtime" : 30002,
        "total_ios" : 6014256,
        "short_ios" : 0,
        "drop_ios" : 0,
        "slat_ns" : {
          "min" : 1586,
          "max" : 40744,
          "mean" : 2670.991551,
          "stddev" : 1033.391919,
          "N" : 6014256
        },
        "clat_ns" : {
          "min" : 499233,
          "max" : 3566532,
          "mean" : 1273740.906667,
          "stddev" : 397889.843641,
          "N" : 6014511,
          "percentile" : {
            "1.000000" : 675840,
            "5.000000" : 749568,
            "10.000000" : 798720,
            "20.000000" : 880640,
            "30.000000" : 970752,
            "40.000000" : 1073152,
            "50.000000" : 1220608,
            "60.000000" : 1368064,
            "70.000000" : 1499136,
            "80.000000" : 1662976,
            "90.000000" : 1859584,
            "95.000000" : 1974272,
            "99.000000" : 2146304,
            "99.500000" : 2179072,
            "99.900000" : 2310144,
            "99.950000" : 2342912,
            "99.990000" : 2441216
          }
        },
        "lat_ns" : {
          "min" : 504213,
          "max" : 3568439,
          "mean" : 1276519.314463,
          "stddev" : 397894.046736,
          "N" : 6014511
        },
        "bw_min" : 770368,
        "bw_max" : 824424,
        "bw_agg" : 100.000000,
        "bw_mean" : 802448.200000,
        "bw_dev" : 11781.600033,
        "bw_samples" : 60,
        "iops_min" : 192592,
        "iops_max" : 206106,
        "iops_mean" : 200611.900000,
        "iops_stddev" : 2945.293348,
        "iops_samples" : 60
      },
      "write" : {
        "io_bytes" : 0,
        "io_kbytes" : 0,
        "bw_bytes" : 0,
        "bw" : 0,
        "iops" : 0.000000,
        "runtime" : 0,
        "total_ios" : 0,
        "short_ios" : 0,
        "drop_ios" : 0,
        "slat_ns" : {
          "min" : 0,
          "max" : 0,
          "mean" : 0.000000,
          "stddev" : 0.000000,
          "N" : 0
        },
        "clat_ns" : {
          "min" : 0,
          "max" : 0,
          "mean" : 0.000000,
          "stddev" : 0.000000,
          "N" : 0
        },
        "lat_ns" : {
          "min" : 0,
          "max" : 0,
          "mean" : 0.000000,
          "stddev" : 0.000000,
          "N" : 0
        },
        "bw_min" : 0,
        "bw_max" : 0,
        "bw_agg" : 0.000000,
        "bw_mean" : 0.000000,
        "bw_dev" : 0.000000,
        "bw_samples" : 0,
        "iops_min" : 0,
        "iops_max" : 0,
        "iops_mean" : 0.000000,
        "iops_stddev" : 0.000000,
        "iops_samples" : 0
      },
      "trim" : {
        "io_bytes" : 0,
        "io_kbytes" : 0,
        "bw_bytes" : 0,
        "bw" : 0,
        "iops" : 0.000000,
        "runtime" : 0,
        "total_ios" : 0,
        "short_ios" : 0,
        "drop_ios" : 0,
        "slat_ns" : {
          "min" : 0,
          "max" : 0,
          "mean" : 0.000000,
          "stddev" : 0.000000,
          "N" : 0
        },
        "clat_ns" : {
          "min" : 0,
          "max" : 0,
          "mean" : 0.000000,
          "stddev" : 0.000000,
          "N" : 0
        },
        "lat_ns" : {
          "min" : 0,
          "max" : 0,
          "mean" : 0.000000,
          "stddev" : 0.000000,
          "N" : 0
        },
        "bw_min" : 0,
        "bw_max" : 0,
        "bw_agg" : 0.000000,
        "bw_mean" : 0.000000,
        "bw_dev" : 0.000000,
        "bw_samples" : 0,
        "iops_min" : 0,
        "iops_max" : 0,
        "iops_mean" : 0.000000,
        "iops_stddev" : 0.000000,
        "iops_samples" : 0
      },
      "sync" : {
        "total_ios" : 0,
        "lat_ns" : {
          "min" : 0,
          "max" : 0,
          "mean" : 0.000000,
          "stddev" : 0.000000,
          "N" : 0
        }
      },
      "job_runtime" : 30001,
      "usr_cpu" : 23.479217,
      "sys_cpu" : 60.154662,
      "ctx" : 885281,
      "majf" : 0,
      "minf" : 37,
      "iodepth_level" : {
        "1" : 0.000000,
        "2" : 0.000000,
        "4" : 0.000000,
        "8" : 0.000000,
        "16" : 0.000000,
        "32" : 0.000000,
        ">=64" : 100.000000
      },
      "iodepth_submit" : {
        "0" : 0.000000,
        "4" : 100.000000,
        "8" : 0.000000,
        "16" : 0.000000,
        "32" : 0.000000,
        "64" : 0.000000,
        ">=64" : 0.000000
      },
      "iodepth_complete" : {
        "0" : 0.000000,
        "4" : 99.999983,
        "8" : 0.000000,
        "16" : 0.000000,
        "32" : 0.000000,
        "64" : 0.000000,
        ">=64" : 0.100000
      },
      "latency_ns" : {
        "2" : 0.000000,
        "4" : 0.000000,
        "10" : 0.000000,
        "20" : 0.000000,
        "50" : 0.000000,
        "100" : 0.000000,
        "250" : 0.000000,
        "500" : 0.000000,
        "750" : 0.000000,
        "1000" : 0.000000
      },
      "latency_us" : {
        "2" : 0.000000,
        "4" : 0.000000,
        "10" : 0.000000,
        "20" : 0.000000,
        "50" : 0.000000,
        "100" : 0.000000,
        "250" : 0.000000,
        "500" : 0.010000,
        "750" : 5.189071,
        "1000" : 27.642272
      },
      "latency_ms" : {
        "2" : 62.958477,
        "4" : 4.214403,
        "10" : 0.000000,
        "20" : 0.000000,
        "50" : 0.000000,
        "100" : 0.000000,
        "250" : 0.000000,
        "500" : 0.000000,
        "750" : 0.000000,
        "1000" : 0.000000,
        "2000" : 0.000000,
        ">=2000" : 0.000000
      },
      "latency_depth" : 256,
      "latency_target" : 0,
      "latency_percentile" : 100.000000,
      "latency_window" : 0
    }
  ],
  "disk_util" : [
    {
      "name" : "nvme2n2",
      "read_ios" : 8083432,
      "write_ios" : 0,
      "read_merges" : 0,
      "write_merges" : 0,
      "read_ticks" : 9859180,
      "write_ticks" : 0,
      "in_queue" : 9859180,
      "util" : 99.872726
    }
  ]
}
