{
  "fio version" : "fio-3.28-261-gc3773-dirty",
  "timestamp" : 1646351891,
  "timestamp_ms" : 1646351891583,
  "time" : "Fri Mar  4 00:58:11 2022",
  "jobs" : [
    {
      "jobname" : "nvme2n2_randwrite_4Ki_queue-depth-128",
      "groupid" : 0,
      "error" : 0,
      "eta" : 0,
      "elapsed" : 41,
      "job options" : {
        "name" : "nvme2n2_randwrite_4Ki_queue-depth-128",
        "filename" : "/dev/nvme2n2",
        "direct" : "1",
        "size" : "107374182400",
        "ioengine" : "libaio",
        "iodepth" : "128",
        "rw" : "randwrite",
        "bs" : "4Ki",
        "runtime" : "30s",
        "numa_cpu_nodes" : "1",
        "ramp_time" : "10s",
        "zonemode" : "zbd",
        "max_open_zones" : "14"
      },
      "read" : {
        "io_bytes" : 0,
        "io_kbytes" : 0,
        "bw_bytes" : 0,
        "bw" : 0,
        "iops" : 0.000000,
        "runtime" : 0,
        "total_ios" : 0,
        "short_ios" : 0,
        "drop_ios" : 0,
        "slat_ns" : {
          "min" : 0,
          "max" : 0,
          "mean" : 0.000000,
          "stddev" : 0.000000,
          "N" : 0
        },
        "clat_ns" : {
          "min" : 0,
          "max" : 0,
          "mean" : 0.000000,
          "stddev" : 0.000000,
          "N" : 0
        },
        "lat_ns" : {
          "min" : 0,
          "max" : 0,
          "mean" : 0.000000,
          "stddev" : 0.000000,
          "N" : 0
        },
        "bw_min" : 0,
        "bw_max" : 0,
        "bw_agg" : 0.000000,
        "bw_mean" : 0.000000,
        "bw_dev" : 0.000000,
        "bw_samples" : 0,
        "iops_min" : 0,
        "iops_max" : 0,
        "iops_mean" : 0.000000,
        "iops_stddev" : 0.000000,
        "iops_samples" : 0
      },
      "write" : {
        "io_bytes" : 18829762560,
        "io_kbytes" : 18388440,
        "bw_bytes" : 627637830,
        "bw" : 612927,
        "iops" : 153227.659078,
        "runtime" : 30001,
        "total_ios" : 4596983,
        "short_ios" : 0,
        "drop_ios" : 0,
        "slat_ns" : {
          "min" : 1162,
          "max" : 82552,
          "mean" : 3192.269531,
          "stddev" : 2838.816367,
          "N" : 4596983
        },
        "clat_ns" : {
          "min" : 14859,
          "max" : 8540899,
          "mean" : 829931.114619,
          "stddev" : 558768.703074,
          "N" : 4597110,
          "percentile" : {
            "1.000000" : 57088,
            "5.000000" : 124416,
            "10.000000" : 181248,
            "20.000000" : 292864,
            "30.000000" : 452608,
            "40.000000" : 626688,
            "50.000000" : 774144,
            "60.000000" : 921600,
            "70.000000" : 1073152,
            "80.000000" : 1253376,
            "90.000000" : 1531904,
            "95.000000" : 1810432,
            "99.000000" : 2539520,
            "99.500000" : 2899968,
            "99.900000" : 3719168,
            "99.950000" : 4079616,
            "99.990000" : 4882432
          }
        },
        "lat_ns" : {
          "min" : 21754,
          "max" : 8544861,
          "mean" : 833241.391761,
          "stddev" : 558144.510156,
          "N" : 4597110
        },
        "bw_min" : 590840,
        "bw_max" : 637490,
        "bw_agg" : 100.000000,
        "bw_mean" : 613366.783333,
        "bw_dev" : 9706.011286,
        "bw_samples" : 60,
        "iops_min" : 147710,
        "iops_max" : 159372,
        "iops_mean" : 153341.766667,
        "iops_stddev" : 2426.499825,
        "iops_samples" : 60
      },
      "trim" : {
        "io_bytes" : 0,
        "io_kbytes" : 0,
        "bw_bytes" : 0,
        "bw" : 0,
        "iops" : 0.000000,
        "runtime" : 0,
        "total_ios" : 0,
        "short_ios" : 0,
        "drop_ios" : 0,
        "slat_ns" : {
          "min" : 0,
          "max" : 0,
          "mean" : 0.000000,
          "stddev" : 0.000000,
          "N" : 0
        },
        "clat_ns" : {
          "min" : 0,
          "max" : 0,
          "mean" : 0.000000,
          "stddev" : 0.000000,
          "N" : 0
        },
        "lat_ns" : {
          "min" : 0,
          "max" : 0,
          "mean" : 0.000000,
          "stddev" : 0.000000,
          "N" : 0
        },
        "bw_min" : 0,
        "bw_max" : 0,
        "bw_agg" : 0.000000,
        "bw_mean" : 0.000000,
        "bw_dev" : 0.000000,
        "bw_samples" : 0,
        "iops_min" : 0,
        "iops_max" : 0,
        "iops_mean" : 0.000000,
        "iops_stddev" : 0.000000,
        "iops_samples" : 0
      },
      "sync" : {
        "total_ios" : 0,
        "lat_ns" : {
          "min" : 0,
          "max" : 0,
          "mean" : 0.000000,
          "stddev" : 0.000000,
          "N" : 0
        }
      },
      "job_runtime" : 30000,
      "usr_cpu" : 16.560000,
      "sys_cpu" : 36.633333,
      "ctx" : 2200505,
      "majf" : 0,
      "minf" : 37,
      "iodepth_level" : {
        "1" : 0.100000,
        "2" : 0.100000,
        "4" : 0.100000,
        "8" : 0.100000,
        "16" : 0.100000,
        "32" : 0.100000,
        ">=64" : 99.980814
      },
      "iodepth_submit" : {
        "0" : 0.000000,
        "4" : 100.000000,
        "8" : 0.000000,
        "16" : 0.000000,
        "32" : 0.000000,
        "64" : 0.000000,
        ">=64" : 0.000000
      },
      "iodepth_complete" : {
        "0" : 0.000000,
        "4" : 99.999978,
        "8" : 0.000000,
        "16" : 0.000000,
        "32" : 0.000000,
        "64" : 0.000000,
        ">=64" : 0.100000
      },
      "latency_ns" : {
        "2" : 0.000000,
        "4" : 0.000000,
        "10" : 0.000000,
        "20" : 0.000000,
        "50" : 0.000000,
        "100" : 0.000000,
        "250" : 0.000000,
        "500" : 0.000000,
        "750" : 0.000000,
        "1000" : 0.000000
      },
      "latency_us" : {
        "2" : 0.000000,
        "4" : 0.000000,
        "10" : 0.000000,
        "20" : 0.010000,
        "50" : 0.720777,
        "100" : 2.532966,
        "250" : 13.066091,
        "500" : 16.218964,
        "750" : 15.610586,
        "1000" : 17.496171
      },
      "latency_ms" : {
        "2" : 31.123282,
        "4" : 3.170906,
        "10" : 0.060083,
        "20" : 0.000000,
        "50" : 0.000000,
        "100" : 0.000000,
        "250" : 0.000000,
        "500" : 0.000000,
        "750" : 0.000000,
        "1000" : 0.000000,
        "2000" : 0.000000,
        ">=2000" : 0.000000
      },
      "latency_depth" : 128,
      "latency_target" : 0,
      "latency_percentile" : 100.000000,
      "latency_window" : 0
    }
  ],
  "disk_util" : [
    {
      "name" : "nvme2n2",
      "read_ios" : 0,
      "write_ios" : 1767160,
      "read_merges" : 0,
      "write_merges" : 4358790,
      "read_ticks" : 0,
      "write_ticks" : 891996,
      "in_queue" : 891996,
      "util" : 99.810360
    }
  ]
}
