{
  "fio version" : "fio-3.28-261-gc3773-dirty",
  "timestamp" : 1646351253,
  "timestamp_ms" : 1646351253815,
  "time" : "Fri Mar  4 00:47:33 2022",
  "jobs" : [
    {
      "jobname" : "nvme2n2_overwrite-rand_4Ki_queue-depth-16",
      "groupid" : 0,
      "error" : 0,
      "eta" : 0,
      "elapsed" : 41,
      "job options" : {
        "name" : "nvme2n2_overwrite-rand_4Ki_queue-depth-16",
        "filename" : "/dev/nvme2n2",
        "direct" : "1",
        "size" : "107374182400",
        "ioengine" : "libaio",
        "iodepth" : "16",
        "rw" : "randwrite",
        "bs" : "4Ki",
        "runtime" : "30s",
        "numa_cpu_nodes" : "1",
        "ramp_time" : "10s",
        "zonemode" : "zbd",
        "max_open_zones" : "14"
      },
      "read" : {
        "io_bytes" : 0,
        "io_kbytes" : 0,
        "bw_bytes" : 0,
        "bw" : 0,
        "iops" : 0.000000,
        "runtime" : 0,
        "total_ios" : 0,
        "short_ios" : 0,
        "drop_ios" : 0,
        "slat_ns" : {
          "min" : 0,
          "max" : 0,
          "mean" : 0.000000,
          "stddev" : 0.000000,
          "N" : 0
        },
        "clat_ns" : {
          "min" : 0,
          "max" : 0,
          "mean" : 0.000000,
          "stddev" : 0.000000,
          "N" : 0
        },
        "lat_ns" : {
          "min" : 0,
          "max" : 0,
          "mean" : 0.000000,
          "stddev" : 0.000000,
          "N" : 0
        },
        "bw_min" : 0,
        "bw_max" : 0,
        "bw_agg" : 0.000000,
        "bw_mean" : 0.000000,
        "bw_dev" : 0.000000,
        "bw_samples" : 0,
        "iops_min" : 0,
        "iops_max" : 0,
        "iops_mean" : 0.000000,
        "iops_stddev" : 0.000000,
        "iops_samples" : 0
      },
      "write" : {
        "io_bytes" : 7612534784,
        "io_kbytes" : 7434116,
        "bw_bytes" : 253742701,
        "bw" : 247795,
        "iops" : 61948.401720,
        "runtime" : 30001,
        "total_ios" : 1858514,
        "short_ios" : 0,
        "drop_ios" : 0,
        "slat_ns" : {
          "min" : 1197,
          "max" : 68278,
          "mean" : 5254.086413,
          "stddev" : 2394.462681,
          "N" : 1858514
        },
        "clat_ns" : {
          "min" : 10908,
          "max" : 3751670,
          "mean" : 251953.884922,
          "stddev" : 163890.707691,
          "N" : 1858529,
          "percentile" : {
            "1.000000" : 29824,
            "5.000000" : 45824,
            "10.000000" : 68096,
            "20.000000" : 114176,
            "30.000000" : 154624,
            "40.000000" : 193536,
            "50.000000" : 232448,
            "60.000000" : 272384,
            "70.000000" : 313344,
            "80.000000" : 366592,
            "90.000000" : 448512,
            "95.000000" : 528384,
            "99.000000" : 716800,
            "99.500000" : 839680,
            "99.900000" : 1499136,
            "99.950000" : 1957888,
            "99.990000" : 2605056
          }
        },
        "lat_ns" : {
          "min" : 20875,
          "max" : 3763041,
          "mean" : 257335.027219,
          "stddev" : 163389.287506,
          "N" : 1858529
        },
        "bw_min" : 244112,
        "bw_max" : 251432,
        "bw_agg" : 100.000000,
        "bw_mean" : 247988.966667,
        "bw_dev" : 1539.083570,
        "bw_samples" : 60,
        "iops_min" : 61028,
        "iops_max" : 62858,
        "iops_mean" : 61997.150000,
        "iops_stddev" : 384.801196,
        "iops_samples" : 60
      },
      "trim" : {
        "io_bytes" : 0,
        "io_kbytes" : 0,
        "bw_bytes" : 0,
        "bw" : 0,
        "iops" : 0.000000,
        "runtime" : 0,
        "total_ios" : 0,
        "short_ios" : 0,
        "drop_ios" : 0,
        "slat_ns" : {
          "min" : 0,
          "max" : 0,
          "mean" : 0.000000,
          "stddev" : 0.000000,
          "N" : 0
        },
        "clat_ns" : {
          "min" : 0,
          "max" : 0,
          "mean" : 0.000000,
          "stddev" : 0.000000,
          "N" : 0
        },
        "lat_ns" : {
          "min" : 0,
          "max" : 0,
          "mean" : 0.000000,
          "stddev" : 0.000000,
          "N" : 0
        },
        "bw_min" : 0,
        "bw_max" : 0,
        "bw_agg" : 0.000000,
        "bw_mean" : 0.000000,
        "bw_dev" : 0.000000,
        "bw_samples" : 0,
        "iops_min" : 0,
        "iops_max" : 0,
        "iops_mean" : 0.000000,
        "iops_stddev" : 0.000000,
        "iops_samples" : 0
      },
      "sync" : {
        "total_ios" : 0,
        "lat_ns" : {
          "min" : 0,
          "max" : 0,
          "mean" : 0.000000,
          "stddev" : 0.000000,
          "N" : 0
        }
      },
      "job_runtime" : 30000,
      "usr_cpu" : 8.213333,
      "sys_cpu" : 22.510000,
      "ctx" : 2591688,
      "majf" : 0,
      "minf" : 37,
      "iodepth_level" : {
        "1" : 0.000000,
        "2" : 0.000000,
        "4" : 0.000000,
        "8" : 0.000000,
        "16" : 100.000000,
        "32" : 0.000000,
        ">=64" : 0.000000
      },
      "iodepth_submit" : {
        "0" : 0.000000,
        "4" : 100.000000,
        "8" : 0.000000,
        "16" : 0.000000,
        "32" : 0.000000,
        "64" : 0.000000,
        ">=64" : 0.000000
      },
      "iodepth_complete" : {
        "0" : 0.000000,
        "4" : 99.999946,
        "8" : 0.000000,
        "16" : 0.100000,
        "32" : 0.000000,
        "64" : 0.000000,
        ">=64" : 0.000000
      },
      "latency_ns" : {
        "2" : 0.000000,
        "4" : 0.000000,
        "10" : 0.000000,
        "20" : 0.000000,
        "50" : 0.000000,
        "100" : 0.000000,
        "250" : 0.000000,
        "500" : 0.000000,
        "750" : 0.000000,
        "1000" : 0.000000
      },
      "latency_us" : {
        "2" : 0.000000,
        "4" : 0.000000,
        "10" : 0.000000,
        "20" : 0.035351,
        "50" : 5.977356,
        "100" : 10.709631,
        "250" : 37.959520,
        "500" : 39.060669,
        "750" : 5.441283,
        "1000" : 0.543068
      },
      "latency_ms" : {
        "2" : 0.227386,
        "4" : 0.046543,
        "10" : 0.000000,
        "20" : 0.000000,
        "50" : 0.000000,
        "100" : 0.000000,
        "250" : 0.000000,
        "500" : 0.000000,
        "750" : 0.000000,
        "1000" : 0.000000,
        "2000" : 0.000000,
        ">=2000" : 0.000000
      },
      "latency_depth" : 16,
      "latency_target" : 0,
      "latency_percentile" : 100.000000,
      "latency_window" : 0
    }
  ],
  "disk_util" : [
    {
      "name" : "nvme2n2",
      "read_ios" : 5,
      "write_ios" : 1980246,
      "read_merges" : 0,
      "write_merges" : 490403,
      "read_ticks" : 1,
      "write_ticks" : 454763,
      "in_queue" : 454763,
      "util" : 99.825323
    }
  ]
}
