{
  "fio version" : "fio-3.28-261-gc3773-dirty",
  "timestamp" : 1646352706,
  "timestamp_ms" : 1646352706104,
  "time" : "Fri Mar  4 01:11:46 2022",
  "jobs" : [
    {
      "jobname" : "nvme2n2_overwrite-seq_4Ki_queue-depth-512",
      "groupid" : 0,
      "error" : 0,
      "eta" : 0,
      "elapsed" : 41,
      "job options" : {
        "name" : "nvme2n2_overwrite-seq_4Ki_queue-depth-512",
        "filename" : "/dev/nvme2n2",
        "direct" : "1",
        "size" : "107374182400",
        "ioengine" : "libaio",
        "iodepth" : "512",
        "rw" : "write",
        "bs" : "4Ki",
        "runtime" : "30s",
        "numa_cpu_nodes" : "1",
        "ramp_time" : "10s",
        "zonemode" : "zbd"
      },
      "read" : {
        "io_bytes" : 0,
        "io_kbytes" : 0,
        "bw_bytes" : 0,
        "bw" : 0,
        "iops" : 0.000000,
        "runtime" : 0,
        "total_ios" : 0,
        "short_ios" : 0,
        "drop_ios" : 0,
        "slat_ns" : {
          "min" : 0,
          "max" : 0,
          "mean" : 0.000000,
          "stddev" : 0.000000,
          "N" : 0
        },
        "clat_ns" : {
          "min" : 0,
          "max" : 0,
          "mean" : 0.000000,
          "stddev" : 0.000000,
          "N" : 0
        },
        "lat_ns" : {
          "min" : 0,
          "max" : 0,
          "mean" : 0.000000,
          "stddev" : 0.000000,
          "N" : 0
        },
        "bw_min" : 0,
        "bw_max" : 0,
        "bw_agg" : 0.000000,
        "bw_mean" : 0.000000,
        "bw_dev" : 0.000000,
        "bw_samples" : 0,
        "iops_min" : 0,
        "iops_max" : 0,
        "iops_mean" : 0.000000,
        "iops_stddev" : 0.000000,
        "iops_samples" : 0
      },
      "write" : {
        "io_bytes" : 30511230976,
        "io_kbytes" : 29796124,
        "bw_bytes" : 1016973234,
        "bw" : 993137,
        "iops" : 248267.415506,
        "runtime" : 30002,
        "total_ios" : 7448519,
        "short_ios" : 0,
        "drop_ios" : 0,
        "slat_ns" : {
          "min" : 1109,
          "max" : 132279,
          "mean" : 1740.945071,
          "stddev" : 2877.771230,
          "N" : 7448520
        },
        "clat_ns" : {
          "min" : 215435,
          "max" : 7450653,
          "mean" : 2036917.181971,
          "stddev" : 639892.958741,
          "N" : 7449030,
          "percentile" : {
            "1.000000" : 1187840,
            "5.000000" : 1220608,
            "10.000000" : 1269760,
            "20.000000" : 1384448,
            "30.000000" : 1712128,
            "40.000000" : 1925120,
            "50.000000" : 2056192,
            "60.000000" : 2146304,
            "70.000000" : 2244608,
            "80.000000" : 2408448,
            "90.000000" : 2703360,
            "95.000000" : 3063808,
            "99.000000" : 4554752,
            "99.500000" : 4882432,
            "99.900000" : 5668864,
            "99.950000" : 6062080,
            "99.990000" : 6979584
          }
        },
        "lat_ns" : {
          "min" : 216971,
          "max" : 7454410,
          "mean" : 2038755.005144,
          "stddev" : 639944.821452,
          "N" : 7449030
        },
        "bw_min" : 921656,
        "bw_max" : 1076632,
        "bw_agg" : 100.000000,
        "bw_mean" : 993861.916667,
        "bw_dev" : 39427.297328,
        "bw_samples" : 60,
        "iops_min" : 230414,
        "iops_max" : 269158,
        "iops_mean" : 248465.283333,
        "iops_stddev" : 9856.765460,
        "iops_samples" : 60
      },
      "trim" : {
        "io_bytes" : 0,
        "io_kbytes" : 0,
        "bw_bytes" : 0,
        "bw" : 0,
        "iops" : 0.000000,
        "runtime" : 0,
        "total_ios" : 0,
        "short_ios" : 0,
        "drop_ios" : 0,
        "slat_ns" : {
          "min" : 0,
          "max" : 0,
          "mean" : 0.000000,
          "stddev" : 0.000000,
          "N" : 0
        },
        "clat_ns" : {
          "min" : 0,
          "max" : 0,
          "mean" : 0.000000,
          "stddev" : 0.000000,
          "N" : 0
        },
        "lat_ns" : {
          "min" : 0,
          "max" : 0,
          "mean" : 0.000000,
          "stddev" : 0.000000,
          "N" : 0
        },
        "bw_min" : 0,
        "bw_max" : 0,
        "bw_agg" : 0.000000,
        "bw_mean" : 0.000000,
        "bw_dev" : 0.000000,
        "bw_samples" : 0,
        "iops_min" : 0,
        "iops_max" : 0,
        "iops_mean" : 0.000000,
        "iops_stddev" : 0.000000,
        "iops_samples" : 0
      },
      "sync" : {
        "total_ios" : 0,
        "lat_ns" : {
          "min" : 0,
          "max" : 0,
          "mean" : 0.000000,
          "stddev" : 0.000000,
          "N" : 0
        }
      },
      "job_runtime" : 30001,
      "usr_cpu" : 22.872571,
      "sys_cpu" : 41.301957,
      "ctx" : 171861,
      "majf" : 0,
      "minf" : 37,
      "iodepth_level" : {
        "1" : 0.100000,
        "2" : 0.100000,
        "4" : 0.100000,
        "8" : 0.100000,
        "16" : 0.100000,
        "32" : 0.100000,
        ">=64" : 99.977163
      },
      "iodepth_submit" : {
        "0" : 0.000000,
        "4" : 100.000000,
        "8" : 0.000000,
        "16" : 0.000000,
        "32" : 0.000000,
        "64" : 0.000000,
        ">=64" : 0.000000
      },
      "iodepth_complete" : {
        "0" : 0.000000,
        "4" : 99.999987,
        "8" : 0.000000,
        "16" : 0.000000,
        "32" : 0.000000,
        "64" : 0.000000,
        ">=64" : 0.100000
      },
      "latency_ns" : {
        "2" : 0.000000,
        "4" : 0.000000,
        "10" : 0.000000,
        "20" : 0.000000,
        "50" : 0.000000,
        "100" : 0.000000,
        "250" : 0.000000,
        "500" : 0.000000,
        "750" : 0.000000,
        "1000" : 0.000000
      },
      "latency_us" : {
        "2" : 0.000000,
        "4" : 0.000000,
        "10" : 0.000000,
        "20" : 0.000000,
        "50" : 0.000000,
        "100" : 0.000000,
        "250" : 0.010000,
        "500" : 0.010000,
        "750" : 0.010000,
        "1000" : 0.023146
      },
      "latency_ms" : {
        "2" : 45.685283,
        "4" : 52.544405,
        "10" : 1.748267,
        "20" : 0.000000,
        "50" : 0.000000,
        "100" : 0.000000,
        "250" : 0.000000,
        "500" : 0.000000,
        "750" : 0.000000,
        "1000" : 0.000000,
        "2000" : 0.000000,
        ">=2000" : 0.000000
      },
      "latency_depth" : 512,
      "latency_target" : 0,
      "latency_percentile" : 100.000000,
      "latency_window" : 0
    }
  ],
  "disk_util" : [
    {
      "name" : "nvme2n2",
      "read_ios" : 0,
      "write_ios" : 115604,
      "read_merges" : 0,
      "write_merges" : 9792289,
      "read_ticks" : 0,
      "write_ticks" : 153738,
      "in_queue" : 153739,
      "util" : 99.822832
    }
  ]
}
