{
  "fio version" : "fio-3.28-261-gc3773-dirty",
  "timestamp" : 1646350996,
  "timestamp_ms" : 1646350996975,
  "time" : "Fri Mar  4 00:43:16 2022",
  "jobs" : [
    {
      "jobname" : "nvme2n2_randwrite_4Ki_queue-depth-16",
      "groupid" : 0,
      "error" : 0,
      "eta" : 0,
      "elapsed" : 41,
      "job options" : {
        "name" : "nvme2n2_randwrite_4Ki_queue-depth-16",
        "filename" : "/dev/nvme2n2",
        "direct" : "1",
        "size" : "107374182400",
        "ioengine" : "libaio",
        "iodepth" : "16",
        "rw" : "randwrite",
        "bs" : "4Ki",
        "runtime" : "30s",
        "numa_cpu_nodes" : "1",
        "ramp_time" : "10s",
        "zonemode" : "zbd",
        "max_open_zones" : "14"
      },
      "read" : {
        "io_bytes" : 0,
        "io_kbytes" : 0,
        "bw_bytes" : 0,
        "bw" : 0,
        "iops" : 0.000000,
        "runtime" : 0,
        "total_ios" : 0,
        "short_ios" : 0,
        "drop_ios" : 0,
        "slat_ns" : {
          "min" : 0,
          "max" : 0,
          "mean" : 0.000000,
          "stddev" : 0.000000,
          "N" : 0
        },
        "clat_ns" : {
          "min" : 0,
          "max" : 0,
          "mean" : 0.000000,
          "stddev" : 0.000000,
          "N" : 0
        },
        "lat_ns" : {
          "min" : 0,
          "max" : 0,
          "mean" : 0.000000,
          "stddev" : 0.000000,
          "N" : 0
        },
        "bw_min" : 0,
        "bw_max" : 0,
        "bw_agg" : 0.000000,
        "bw_mean" : 0.000000,
        "bw_dev" : 0.000000,
        "bw_samples" : 0,
        "iops_min" : 0,
        "iops_max" : 0,
        "iops_mean" : 0.000000,
        "iops_stddev" : 0.000000,
        "iops_samples" : 0
      },
      "write" : {
        "io_bytes" : 7594242048,
        "io_kbytes" : 7416252,
        "bw_bytes" : 253132963,
        "bw" : 247200,
        "iops" : 61799.540015,
        "runtime" : 30001,
        "total_ios" : 1854048,
        "short_ios" : 0,
        "drop_ios" : 0,
        "slat_ns" : {
          "min" : 1200,
          "max" : 68319,
          "mean" : 5202.235250,
          "stddev" : 2385.147653,
          "N" : 1854048
        },
        "clat_ns" : {
          "min" : 12496,
          "max" : 3693910,
          "mean" : 252529.750087,
          "stddev" : 168448.767637,
          "N" : 1854063,
          "percentile" : {
            "1.000000" : 29824,
            "5.000000" : 45824,
            "10.000000" : 68096,
            "20.000000" : 113152,
            "30.000000" : 154624,
            "40.000000" : 193536,
            "50.000000" : 232448,
            "60.000000" : 272384,
            "70.000000" : 313344,
            "80.000000" : 366592,
            "90.000000" : 448512,
            "95.000000" : 522240,
            "99.000000" : 716800,
            "99.500000" : 847872,
            "99.900000" : 1794048,
            "99.950000" : 2179072,
            "99.990000" : 2736128
          }
        },
        "lat_ns" : {
          "min" : 21307,
          "max" : 3698918,
          "mean" : 257854.394374,
          "stddev" : 167969.806172,
          "N" : 1854063
        },
        "bw_min" : 239376,
        "bw_max" : 253256,
        "bw_agg" : 100.000000,
        "bw_mean" : 247349.186441,
        "bw_dev" : 4257.046829,
        "bw_samples" : 59,
        "iops_min" : 59844,
        "iops_max" : 63314,
        "iops_mean" : 61837.169492,
        "iops_stddev" : 1064.277838,
        "iops_samples" : 59
      },
      "trim" : {
        "io_bytes" : 0,
        "io_kbytes" : 0,
        "bw_bytes" : 0,
        "bw" : 0,
        "iops" : 0.000000,
        "runtime" : 0,
        "total_ios" : 0,
        "short_ios" : 0,
        "drop_ios" : 0,
        "slat_ns" : {
          "min" : 0,
          "max" : 0,
          "mean" : 0.000000,
          "stddev" : 0.000000,
          "N" : 0
        },
        "clat_ns" : {
          "min" : 0,
          "max" : 0,
          "mean" : 0.000000,
          "stddev" : 0.000000,
          "N" : 0
        },
        "lat_ns" : {
          "min" : 0,
          "max" : 0,
          "mean" : 0.000000,
          "stddev" : 0.000000,
          "N" : 0
        },
        "bw_min" : 0,
        "bw_max" : 0,
        "bw_agg" : 0.000000,
        "bw_mean" : 0.000000,
        "bw_dev" : 0.000000,
        "bw_samples" : 0,
        "iops_min" : 0,
        "iops_max" : 0,
        "iops_mean" : 0.000000,
        "iops_stddev" : 0.000000,
        "iops_samples" : 0
      },
      "sync" : {
        "total_ios" : 0,
        "lat_ns" : {
          "min" : 0,
          "max" : 0,
          "mean" : 0.000000,
          "stddev" : 0.000000,
          "N" : 0
        }
      },
      "job_runtime" : 30000,
      "usr_cpu" : 9.370000,
      "sys_cpu" : 22.063333,
      "ctx" : 2588852,
      "majf" : 0,
      "minf" : 37,
      "iodepth_level" : {
        "1" : 0.000000,
        "2" : 0.000000,
        "4" : 0.000000,
        "8" : 0.000000,
        "16" : 100.000000,
        "32" : 0.000000,
        ">=64" : 0.000000
      },
      "iodepth_submit" : {
        "0" : 0.000000,
        "4" : 100.000000,
        "8" : 0.000000,
        "16" : 0.000000,
        "32" : 0.000000,
        "64" : 0.000000,
        ">=64" : 0.000000
      },
      "iodepth_complete" : {
        "0" : 0.000000,
        "4" : 99.999946,
        "8" : 0.000000,
        "16" : 0.100000,
        "32" : 0.000000,
        "64" : 0.000000,
        ">=64" : 0.000000
      },
      "latency_ns" : {
        "2" : 0.000000,
        "4" : 0.000000,
        "10" : 0.000000,
        "20" : 0.000000,
        "50" : 0.000000,
        "100" : 0.000000,
        "250" : 0.000000,
        "500" : 0.000000,
        "750" : 0.000000,
        "1000" : 0.000000
      },
      "latency_us" : {
        "2" : 0.000000,
        "4" : 0.000000,
        "10" : 0.000000,
        "20" : 0.034843,
        "50" : 6.052756,
        "100" : 10.734943,
        "250" : 37.753068,
        "500" : 39.212955,
        "750" : 5.392147,
        "1000" : 0.505111
      },
      "latency_ms" : {
        "2" : 0.242982,
        "4" : 0.072005,
        "10" : 0.000000,
        "20" : 0.000000,
        "50" : 0.000000,
        "100" : 0.000000,
        "250" : 0.000000,
        "500" : 0.000000,
        "750" : 0.000000,
        "1000" : 0.000000,
        "2000" : 0.000000,
        ">=2000" : 0.000000
      },
      "latency_depth" : 16,
      "latency_target" : 0,
      "latency_percentile" : 100.000000,
      "latency_window" : 0
    }
  ],
  "disk_util" : [
    {
      "name" : "nvme2n2",
      "read_ios" : 0,
      "write_ios" : 1967216,
      "read_merges" : 0,
      "write_merges" : 486796,
      "read_ticks" : 0,
      "write_ticks" : 452999,
      "in_queue" : 453000,
      "util" : 99.829249
    }
  ]
}
