{
  "fio version" : "fio-3.28-261-gc3773-dirty",
  "timestamp" : 1646350699,
  "timestamp_ms" : 1646350699547,
  "time" : "Fri Mar  4 00:38:19 2022",
  "jobs" : [
    {
      "jobname" : "nvme2n2_randwrite_4Ki_queue-depth-8",
      "groupid" : 0,
      "error" : 0,
      "eta" : 0,
      "elapsed" : 41,
      "job options" : {
        "name" : "nvme2n2_randwrite_4Ki_queue-depth-8",
        "filename" : "/dev/nvme2n2",
        "direct" : "1",
        "size" : "107374182400",
        "ioengine" : "libaio",
        "iodepth" : "8",
        "rw" : "randwrite",
        "bs" : "4Ki",
        "runtime" : "30s",
        "numa_cpu_nodes" : "1",
        "ramp_time" : "10s",
        "zonemode" : "zbd",
        "max_open_zones" : "14"
      },
      "read" : {
        "io_bytes" : 0,
        "io_kbytes" : 0,
        "bw_bytes" : 0,
        "bw" : 0,
        "iops" : 0.000000,
        "runtime" : 0,
        "total_ios" : 0,
        "short_ios" : 0,
        "drop_ios" : 0,
        "slat_ns" : {
          "min" : 0,
          "max" : 0,
          "mean" : 0.000000,
          "stddev" : 0.000000,
          "N" : 0
        },
        "clat_ns" : {
          "min" : 0,
          "max" : 0,
          "mean" : 0.000000,
          "stddev" : 0.000000,
          "N" : 0
        },
        "lat_ns" : {
          "min" : 0,
          "max" : 0,
          "mean" : 0.000000,
          "stddev" : 0.000000,
          "N" : 0
        },
        "bw_min" : 0,
        "bw_max" : 0,
        "bw_agg" : 0.000000,
        "bw_mean" : 0.000000,
        "bw_dev" : 0.000000,
        "bw_samples" : 0,
        "iops_min" : 0,
        "iops_max" : 0,
        "iops_mean" : 0.000000,
        "iops_stddev" : 0.000000,
        "iops_samples" : 0
      },
      "write" : {
        "io_bytes" : 6672273408,
        "io_kbytes" : 6515892,
        "bw_bytes" : 222401700,
        "bw" : 217189,
        "iops" : 54297.056765,
        "runtime" : 30001,
        "total_ios" : 1628966,
        "short_ios" : 0,
        "drop_ios" : 0,
        "slat_ns" : {
          "min" : 1238,
          "max" : 54938,
          "mean" : 5582.447768,
          "stddev" : 1877.782159,
          "N" : 1628966
        },
        "clat_ns" : {
          "min" : 11094,
          "max" : 4323767,
          "mean" : 140637.224001,
          "stddev" : 89586.103958,
          "N" : 1628973,
          "percentile" : {
            "1.000000" : 28288,
            "5.000000" : 38656,
            "10.000000" : 48384,
            "20.000000" : 68096,
            "30.000000" : 87552,
            "40.000000" : 108032,
            "50.000000" : 127488,
            "60.000000" : 148480,
            "70.000000" : 173056,
            "80.000000" : 199680,
            "90.000000" : 242688,
            "95.000000" : 284672,
            "99.000000" : 378880,
            "99.500000" : 444416,
            "99.900000" : 839680,
            "99.950000" : 1204224,
            "99.990000" : 2039808
          }
        },
        "lat_ns" : {
          "min" : 19433,
          "max" : 4328529,
          "mean" : 146345.760428,
          "stddev" : 89264.866160,
          "N" : 1628973
        },
        "bw_min" : 211294,
        "bw_max" : 219975,
        "bw_agg" : 100.000000,
        "bw_mean" : 217337.716667,
        "bw_dev" : 2185.444927,
        "bw_samples" : 60,
        "iops_min" : 52823,
        "iops_max" : 54993,
        "iops_mean" : 54334.300000,
        "iops_stddev" : 546.407041,
        "iops_samples" : 60
      },
      "trim" : {
        "io_bytes" : 0,
        "io_kbytes" : 0,
        "bw_bytes" : 0,
        "bw" : 0,
        "iops" : 0.000000,
        "runtime" : 0,
        "total_ios" : 0,
        "short_ios" : 0,
        "drop_ios" : 0,
        "slat_ns" : {
          "min" : 0,
          "max" : 0,
          "mean" : 0.000000,
          "stddev" : 0.000000,
          "N" : 0
        },
        "clat_ns" : {
          "min" : 0,
          "max" : 0,
          "mean" : 0.000000,
          "stddev" : 0.000000,
          "N" : 0
        },
        "lat_ns" : {
          "min" : 0,
          "max" : 0,
          "mean" : 0.000000,
          "stddev" : 0.000000,
          "N" : 0
        },
        "bw_min" : 0,
        "bw_max" : 0,
        "bw_agg" : 0.000000,
        "bw_mean" : 0.000000,
        "bw_dev" : 0.000000,
        "bw_samples" : 0,
        "iops_min" : 0,
        "iops_max" : 0,
        "iops_mean" : 0.000000,
        "iops_stddev" : 0.000000,
        "iops_samples" : 0
      },
      "sync" : {
        "total_ios" : 0,
        "lat_ns" : {
          "min" : 0,
          "max" : 0,
          "mean" : 0.000000,
          "stddev" : 0.000000,
          "N" : 0
        }
      },
      "job_runtime" : 30000,
      "usr_cpu" : 8.320000,
      "sys_cpu" : 21.356667,
      "ctx" : 2610725,
      "majf" : 0,
      "minf" : 37,
      "iodepth_level" : {
        "1" : 0.000000,
        "2" : 0.000000,
        "4" : 0.000000,
        "8" : 100.000000,
        "16" : 0.000000,
        "32" : 0.000000,
        ">=64" : 0.000000
      },
      "iodepth_submit" : {
        "0" : 0.000000,
        "4" : 100.000000,
        "8" : 0.000000,
        "16" : 0.000000,
        "32" : 0.000000,
        "64" : 0.000000,
        ">=64" : 0.000000
      },
      "iodepth_complete" : {
        "0" : 0.000000,
        "4" : 99.999939,
        "8" : 0.100000,
        "16" : 0.000000,
        "32" : 0.000000,
        "64" : 0.000000,
        ">=64" : 0.000000
      },
      "latency_ns" : {
        "2" : 0.000000,
        "4" : 0.000000,
        "10" : 0.000000,
        "20" : 0.000000,
        "50" : 0.000000,
        "100" : 0.000000,
        "250" : 0.000000,
        "500" : 0.000000,
        "750" : 0.000000,
        "1000" : 0.000000
      },
      "latency_us" : {
        "2" : 0.000000,
        "4" : 0.000000,
        "10" : 0.000000,
        "20" : 0.056600,
        "50" : 10.824167,
        "100" : 25.194571,
        "250" : 55.020363,
        "500" : 8.575931,
        "750" : 0.203994,
        "1000" : 0.052917
      },
      "latency_ms" : {
        "2" : 0.060284,
        "4" : 0.011418,
        "10" : 0.010000,
        "20" : 0.000000,
        "50" : 0.000000,
        "100" : 0.000000,
        "250" : 0.000000,
        "500" : 0.000000,
        "750" : 0.000000,
        "1000" : 0.000000,
        "2000" : 0.000000,
        ">=2000" : 0.000000
      },
      "latency_depth" : 8,
      "latency_target" : 0,
      "latency_percentile" : 100.000000,
      "latency_window" : 0
    }
  ],
  "disk_util" : [
    {
      "name" : "nvme2n2",
      "read_ios" : 0,
      "write_ios" : 2020028,
      "read_merges" : 0,
      "write_merges" : 149790,
      "read_ticks" : 0,
      "write_ticks" : 273004,
      "in_queue" : 273004,
      "util" : 99.837812
    }
  ]
}
