{
  "fio version" : "fio-3.28-261-gc3773-dirty",
  "timestamp" : 1646393316,
  "timestamp_ms" : 1646393316115,
  "time" : "Fri Mar  4 12:28:36 2022",
  "jobs" : [
    {
      "jobname" : "nvme2n1_overwrite-rand_4Ki_queue-depth-256",
      "groupid" : 0,
      "error" : 0,
      "eta" : 0,
      "elapsed" : 41,
      "job options" : {
        "name" : "nvme2n1_overwrite-rand_4Ki_queue-depth-256",
        "filename" : "/dev/nvme2n1",
        "direct" : "1",
        "size" : "4294967296",
        "ioengine" : "libaio",
        "iodepth" : "256",
        "rw" : "randwrite",
        "bs" : "4Ki",
        "runtime" : "30s",
        "numa_cpu_nodes" : "1",
        "ramp_time" : "10s",
        "percentile_list" : "50:95"
      },
      "read" : {
        "io_bytes" : 0,
        "io_kbytes" : 0,
        "bw_bytes" : 0,
        "bw" : 0,
        "iops" : 0.000000,
        "runtime" : 0,
        "total_ios" : 0,
        "short_ios" : 0,
        "drop_ios" : 0,
        "slat_ns" : {
          "min" : 0,
          "max" : 0,
          "mean" : 0.000000,
          "stddev" : 0.000000,
          "N" : 0
        },
        "clat_ns" : {
          "min" : 0,
          "max" : 0,
          "mean" : 0.000000,
          "stddev" : 0.000000,
          "N" : 0
        },
        "lat_ns" : {
          "min" : 0,
          "max" : 0,
          "mean" : 0.000000,
          "stddev" : 0.000000,
          "N" : 0
        },
        "bw_min" : 0,
        "bw_max" : 0,
        "bw_agg" : 0.000000,
        "bw_mean" : 0.000000,
        "bw_dev" : 0.000000,
        "bw_samples" : 0,
        "iops_min" : 0,
        "iops_max" : 0,
        "iops_mean" : 0.000000,
        "iops_stddev" : 0.000000,
        "iops_samples" : 0
      },
      "write" : {
        "io_bytes" : 6910500864,
        "io_kbytes" : 6748536,
        "bw_bytes" : 230311643,
        "bw" : 224913,
        "iops" : 56219.930012,
        "runtime" : 30005,
        "total_ios" : 1686879,
        "short_ios" : 0,
        "drop_ios" : 0,
        "slat_ns" : {
          "min" : 1642,
          "max" : 54648,
          "mean" : 2970.870117,
          "stddev" : 1852.514242,
          "N" : 1686879
        },
        "clat_ns" : {
          "min" : 2705821,
          "max" : 8713454,
          "mean" : 4549205.987777,
          "stddev" : 687738.449236,
          "N" : 1687134,
          "percentile" : {
            "50.000000" : 4358144,
            "95.000000" : 5799936
          }
        },
        "lat_ns" : {
          "min" : 2711422,
          "max" : 8715750,
          "mean" : 4552324.105445,
          "stddev" : 687508.126095,
          "N" : 1687134
        },
        "bw_min" : 216969,
        "bw_max" : 232832,
        "bw_agg" : 100.000000,
        "bw_mean" : 225103.366667,
        "bw_dev" : 3141.253895,
        "bw_samples" : 60,
        "iops_min" : 54242,
        "iops_max" : 58208,
        "iops_mean" : 56275.683333,
        "iops_stddev" : 785.483388,
        "iops_samples" : 60
      },
      "trim" : {
        "io_bytes" : 0,
        "io_kbytes" : 0,
        "bw_bytes" : 0,
        "bw" : 0,
        "iops" : 0.000000,
        "runtime" : 0,
        "total_ios" : 0,
        "short_ios" : 0,
        "drop_ios" : 0,
        "slat_ns" : {
          "min" : 0,
          "max" : 0,
          "mean" : 0.000000,
          "stddev" : 0.000000,
          "N" : 0
        },
        "clat_ns" : {
          "min" : 0,
          "max" : 0,
          "mean" : 0.000000,
          "stddev" : 0.000000,
          "N" : 0
        },
        "lat_ns" : {
          "min" : 0,
          "max" : 0,
          "mean" : 0.000000,
          "stddev" : 0.000000,
          "N" : 0
        },
        "bw_min" : 0,
        "bw_max" : 0,
        "bw_agg" : 0.000000,
        "bw_mean" : 0.000000,
        "bw_dev" : 0.000000,
        "bw_samples" : 0,
        "iops_min" : 0,
        "iops_max" : 0,
        "iops_mean" : 0.000000,
        "iops_stddev" : 0.000000,
        "iops_samples" : 0
      },
      "sync" : {
        "total_ios" : 0,
        "lat_ns" : {
          "min" : 0,
          "max" : 0,
          "mean" : 0.000000,
          "stddev" : 0.000000,
          "N" : 0
        }
      },
      "job_runtime" : 30004,
      "usr_cpu" : 10.471937,
      "sys_cpu" : 22.503666,
      "ctx" : 518147,
      "majf" : 0,
      "minf" : 37,
      "iodepth_level" : {
        "1" : 0.000000,
        "2" : 0.000000,
        "4" : 0.000000,
        "8" : 0.000000,
        "16" : 0.000000,
        "32" : 0.000000,
        ">=64" : 100.000000
      },
      "iodepth_submit" : {
        "0" : 0.000000,
        "4" : 100.000000,
        "8" : 0.000000,
        "16" : 0.000000,
        "32" : 0.000000,
        "64" : 0.000000,
        ">=64" : 0.000000
      },
      "iodepth_complete" : {
        "0" : 0.000000,
        "4" : 99.999941,
        "8" : 0.000000,
        "16" : 0.000000,
        "32" : 0.000000,
        "64" : 0.000000,
        ">=64" : 0.100000
      },
      "latency_ns" : {
        "2" : 0.000000,
        "4" : 0.000000,
        "10" : 0.000000,
        "20" : 0.000000,
        "50" : 0.000000,
        "100" : 0.000000,
        "250" : 0.000000,
        "500" : 0.000000,
        "750" : 0.000000,
        "1000" : 0.000000
      },
      "latency_us" : {
        "2" : 0.000000,
        "4" : 0.000000,
        "10" : 0.000000,
        "20" : 0.000000,
        "50" : 0.000000,
        "100" : 0.000000,
        "250" : 0.000000,
        "500" : 0.000000,
        "750" : 0.000000,
        "1000" : 0.000000
      },
      "latency_ms" : {
        "2" : 0.000000,
        "4" : 26.118056,
        "10" : 73.897061,
        "20" : 0.000000,
        "50" : 0.000000,
        "100" : 0.000000,
        "250" : 0.000000,
        "500" : 0.000000,
        "750" : 0.000000,
        "1000" : 0.000000,
        "2000" : 0.000000,
        ">=2000" : 0.000000
      },
      "latency_depth" : 256,
      "latency_target" : 0,
      "latency_percentile" : 100.000000,
      "latency_window" : 0
    }
  ],
  "disk_util" : [
    {
      "name" : "nvme2n1",
      "read_ios" : 48,
      "write_ios" : 2252861,
      "read_merges" : 0,
      "write_merges" : 0,
      "read_ticks" : 5,
      "write_ticks" : 10209963,
      "in_queue" : 10209969,
      "util" : 99.860238
    }
  ]
}
