{
  "fio version" : "fio-3.28-261-gc3773-dirty",
  "timestamp" : 1646392205,
  "timestamp_ms" : 1646392205207,
  "time" : "Fri Mar  4 12:10:05 2022",
  "jobs" : [
    {
      "jobname" : "nvme2n1_read_4Ki_queue-depth-16",
      "groupid" : 0,
      "error" : 0,
      "eta" : 0,
      "elapsed" : 41,
      "job options" : {
        "name" : "nvme2n1_read_4Ki_queue-depth-16",
        "filename" : "/dev/nvme2n1",
        "direct" : "1",
        "size" : "4294967296",
        "ioengine" : "libaio",
        "iodepth" : "16",
        "rw" : "read",
        "bs" : "4Ki",
        "runtime" : "30s",
        "numa_cpu_nodes" : "1",
        "ramp_time" : "10s",
        "percentile_list" : "50:95"
      },
      "read" : {
        "io_bytes" : 35831992320,
        "io_kbytes" : 34992180,
        "bw_bytes" : 1194359932,
        "bw" : 1166367,
        "iops" : 291591.246958,
        "runtime" : 30001,
        "total_ios" : 8748029,
        "short_ios" : 0,
        "drop_ios" : 0,
        "slat_ns" : {
          "min" : 1295,
          "max" : 25210,
          "mean" : 2354.610166,
          "stddev" : 724.731550,
          "N" : 8748030
        },
        "clat_ns" : {
          "min" : 8104,
          "max" : 747352,
          "mean" : 51977.850224,
          "stddev" : 5048.630176,
          "N" : 8748044,
          "percentile" : {
            "50.000000" : 51968,
            "95.000000" : 52992
          }
        },
        "lat_ns" : {
          "min" : 9860,
          "max" : 749330,
          "mean" : 54463.660911,
          "stddev" : 5007.458084,
          "N" : 8748044
        },
        "bw_min" : 1151200,
        "bw_max" : 1170872,
        "bw_agg" : 100.000000,
        "bw_mean" : 1167161.500000,
        "bw_dev" : 5266.611446,
        "bw_samples" : 60,
        "iops_min" : 287800,
        "iops_max" : 292718,
        "iops_mean" : 291790.283333,
        "iops_stddev" : 1316.646074,
        "iops_samples" : 60
      },
      "write" : {
        "io_bytes" : 0,
        "io_kbytes" : 0,
        "bw_bytes" : 0,
        "bw" : 0,
        "iops" : 0.000000,
        "runtime" : 0,
        "total_ios" : 0,
        "short_ios" : 0,
        "drop_ios" : 0,
        "slat_ns" : {
          "min" : 0,
          "max" : 0,
          "mean" : 0.000000,
          "stddev" : 0.000000,
          "N" : 0
        },
        "clat_ns" : {
          "min" : 0,
          "max" : 0,
          "mean" : 0.000000,
          "stddev" : 0.000000,
          "N" : 0
        },
        "lat_ns" : {
          "min" : 0,
          "max" : 0,
          "mean" : 0.000000,
          "stddev" : 0.000000,
          "N" : 0
        },
        "bw_min" : 0,
        "bw_max" : 0,
        "bw_agg" : 0.000000,
        "bw_mean" : 0.000000,
        "bw_dev" : 0.000000,
        "bw_samples" : 0,
        "iops_min" : 0,
        "iops_max" : 0,
        "iops_mean" : 0.000000,
        "iops_stddev" : 0.000000,
        "iops_samples" : 0
      },
      "trim" : {
        "io_bytes" : 0,
        "io_kbytes" : 0,
        "bw_bytes" : 0,
        "bw" : 0,
        "iops" : 0.000000,
        "runtime" : 0,
        "total_ios" : 0,
        "short_ios" : 0,
        "drop_ios" : 0,
        "slat_ns" : {
          "min" : 0,
          "max" : 0,
          "mean" : 0.000000,
          "stddev" : 0.000000,
          "N" : 0
        },
        "clat_ns" : {
          "min" : 0,
          "max" : 0,
          "mean" : 0.000000,
          "stddev" : 0.000000,
          "N" : 0
        },
        "lat_ns" : {
          "min" : 0,
          "max" : 0,
          "mean" : 0.000000,
          "stddev" : 0.000000,
          "N" : 0
        },
        "bw_min" : 0,
        "bw_max" : 0,
        "bw_agg" : 0.000000,
        "bw_mean" : 0.000000,
        "bw_dev" : 0.000000,
        "bw_samples" : 0,
        "iops_min" : 0,
        "iops_max" : 0,
        "iops_mean" : 0.000000,
        "iops_stddev" : 0.000000,
        "iops_samples" : 0
      },
      "sync" : {
        "total_ios" : 0,
        "lat_ns" : {
          "min" : 0,
          "max" : 0,
          "mean" : 0.000000,
          "stddev" : 0.000000,
          "N" : 0
        }
      },
      "job_runtime" : 30000,
      "usr_cpu" : 29.660000,
      "sys_cpu" : 70.150000,
      "ctx" : 7029,
      "majf" : 0,
      "minf" : 37,
      "iodepth_level" : {
        "1" : 0.000000,
        "2" : 0.000000,
        "4" : 0.000000,
        "8" : 0.000000,
        "16" : 100.000000,
        "32" : 0.000000,
        ">=64" : 0.000000
      },
      "iodepth_submit" : {
        "0" : 0.000000,
        "4" : 100.000000,
        "8" : 0.000000,
        "16" : 0.000000,
        "32" : 0.000000,
        "64" : 0.000000,
        ">=64" : 0.000000
      },
      "iodepth_complete" : {
        "0" : 0.000000,
        "4" : 99.999989,
        "8" : 0.000000,
        "16" : 0.100000,
        "32" : 0.000000,
        "64" : 0.000000,
        ">=64" : 0.000000
      },
      "latency_ns" : {
        "2" : 0.000000,
        "4" : 0.000000,
        "10" : 0.000000,
        "20" : 0.000000,
        "50" : 0.000000,
        "100" : 0.000000,
        "250" : 0.000000,
        "500" : 0.000000,
        "750" : 0.000000,
        "1000" : 0.000000
      },
      "latency_us" : {
        "2" : 0.000000,
        "4" : 0.000000,
        "10" : 0.010000,
        "20" : 0.010000,
        "50" : 2.138310,
        "100" : 97.815176,
        "250" : 0.028018,
        "500" : 0.016221,
        "750" : 0.010000,
        "1000" : 0.000000
      },
      "latency_ms" : {
        "2" : 0.000000,
        "4" : 0.000000,
        "10" : 0.000000,
        "20" : 0.000000,
        "50" : 0.000000,
        "100" : 0.000000,
        "250" : 0.000000,
        "500" : 0.000000,
        "750" : 0.000000,
        "1000" : 0.000000,
        "2000" : 0.000000,
        ">=2000" : 0.000000
      },
      "latency_depth" : 16,
      "latency_target" : 0,
      "latency_percentile" : 100.000000,
      "latency_window" : 0
    }
  ],
  "disk_util" : [
    {
      "name" : "nvme2n1",
      "read_ios" : 11687882,
      "write_ios" : 0,
      "read_merges" : 0,
      "write_merges" : 0,
      "read_ticks" : 95669,
      "write_ticks" : 0,
      "in_queue" : 95668,
      "util" : 100.000000
    }
  ]
}
