{
  "fio version" : "fio-3.28-93-ga87e-dirty",
  "timestamp" : 1645885382,
  "timestamp_ms" : 1645885382106,
  "time" : "Sat Feb 26 15:23:02 2022",
  "jobs" : [
    {
      "jobname" : "nvme2n2_randwrite_4Ki_queue-depth-128",
      "groupid" : 0,
      "error" : 0,
      "eta" : 0,
      "elapsed" : 11,
      "job options" : {
        "name" : "nvme2n2_randwrite_4Ki_queue-depth-128",
        "filename" : "/dev/nvme2n2",
        "direct" : "1",
        "size" : "107374182400",
        "ioengine" : "libaio",
        "zonemode" : "zbd",
        "iodepth" : "128",
        "rw" : "randwrite",
        "bs" : "4Ki",
        "max_open_zones" : "14",
        "runtime" : "10s"
      },
      "read" : {
        "io_bytes" : 0,
        "io_kbytes" : 0,
        "bw_bytes" : 0,
        "bw" : 0,
        "iops" : 0.000000,
        "runtime" : 0,
        "total_ios" : 0,
        "short_ios" : 0,
        "drop_ios" : 0,
        "slat_ns" : {
          "min" : 0,
          "max" : 0,
          "mean" : 0.000000,
          "stddev" : 0.000000,
          "N" : 0
        },
        "clat_ns" : {
          "min" : 0,
          "max" : 0,
          "mean" : 0.000000,
          "stddev" : 0.000000,
          "N" : 0
        },
        "lat_ns" : {
          "min" : 0,
          "max" : 0,
          "mean" : 0.000000,
          "stddev" : 0.000000,
          "N" : 0
        },
        "bw_min" : 0,
        "bw_max" : 0,
        "bw_agg" : 0.000000,
        "bw_mean" : 0.000000,
        "bw_dev" : 0.000000,
        "bw_samples" : 0,
        "iops_min" : 0,
        "iops_max" : 0,
        "iops_mean" : 0.000000,
        "iops_stddev" : 0.000000,
        "iops_samples" : 0
      },
      "write" : {
        "io_bytes" : 6039396352,
        "io_kbytes" : 5897848,
        "bw_bytes" : 603879247,
        "bw" : 589725,
        "iops" : 147431.456854,
        "runtime" : 10001,
        "total_ios" : 1474462,
        "short_ios" : 0,
        "drop_ios" : 0,
        "slat_ns" : {
          "min" : 944,
          "max" : 365288,
          "mean" : 3382.340534,
          "stddev" : 3282.176572,
          "N" : 1474462
        },
        "clat_ns" : {
          "min" : 17428,
          "max" : 6260449,
          "mean" : 863689.724078,
          "stddev" : 596014.453489,
          "N" : 1474462,
          "percentile" : {
            "1.000000" : 60672,
            "5.000000" : 128512,
            "10.000000" : 187392,
            "20.000000" : 305152,
            "30.000000" : 473088,
            "40.000000" : 643072,
            "50.000000" : 790528,
            "60.000000" : 937984,
            "70.000000" : 1089536,
            "80.000000" : 1286144,
            "90.000000" : 1597440,
            "95.000000" : 1957888,
            "99.000000" : 2703360,
            "99.500000" : 3129344,
            "99.900000" : 4079616,
            "99.950000" : 4489216,
            "99.990000" : 5341184
          }
        },
        "lat_ns" : {
          "min" : 23516,
          "max" : 6265448,
          "mean" : 867183.024374,
          "stddev" : 595709.133370,
          "N" : 1474462
        },
        "bw_min" : 521320,
        "bw_max" : 634096,
        "bw_agg" : 100.000000,
        "bw_mean" : 591290.526316,
        "bw_dev" : 32110.613827,
        "bw_samples" : 19,
        "iops_min" : 130330,
        "iops_max" : 158526,
        "iops_mean" : 147822.631579,
        "iops_stddev" : 8027.633609,
        "iops_samples" : 19
      },
      "trim" : {
        "io_bytes" : 0,
        "io_kbytes" : 0,
        "bw_bytes" : 0,
        "bw" : 0,
        "iops" : 0.000000,
        "runtime" : 0,
        "total_ios" : 0,
        "short_ios" : 0,
        "drop_ios" : 0,
        "slat_ns" : {
          "min" : 0,
          "max" : 0,
          "mean" : 0.000000,
          "stddev" : 0.000000,
          "N" : 0
        },
        "clat_ns" : {
          "min" : 0,
          "max" : 0,
          "mean" : 0.000000,
          "stddev" : 0.000000,
          "N" : 0
        },
        "lat_ns" : {
          "min" : 0,
          "max" : 0,
          "mean" : 0.000000,
          "stddev" : 0.000000,
          "N" : 0
        },
        "bw_min" : 0,
        "bw_max" : 0,
        "bw_agg" : 0.000000,
        "bw_mean" : 0.000000,
        "bw_dev" : 0.000000,
        "bw_samples" : 0,
        "iops_min" : 0,
        "iops_max" : 0,
        "iops_mean" : 0.000000,
        "iops_stddev" : 0.000000,
        "iops_samples" : 0
      },
      "sync" : {
        "total_ios" : 0,
        "lat_ns" : {
          "min" : 0,
          "max" : 0,
          "mean" : 0.000000,
          "stddev" : 0.000000,
          "N" : 0
        }
      },
      "job_runtime" : 10000,
      "usr_cpu" : 15.930000,
      "sys_cpu" : 36.690000,
      "ctx" : 719704,
      "majf" : 0,
      "minf" : 1004,
      "iodepth_level" : {
        "1" : 0.100000,
        "2" : 0.100000,
        "4" : 0.100000,
        "8" : 0.100000,
        "16" : 0.100000,
        "32" : 0.100000,
        ">=64" : 99.995727
      },
      "iodepth_submit" : {
        "0" : 0.000000,
        "4" : 100.000000,
        "8" : 0.000000,
        "16" : 0.000000,
        "32" : 0.000000,
        "64" : 0.000000,
        ">=64" : 0.000000
      },
      "iodepth_complete" : {
        "0" : 0.000000,
        "4" : 99.999932,
        "8" : 0.000000,
        "16" : 0.000000,
        "32" : 0.000000,
        "64" : 0.000000,
        ">=64" : 0.100000
      },
      "latency_ns" : {
        "2" : 0.000000,
        "4" : 0.000000,
        "10" : 0.000000,
        "20" : 0.000000,
        "50" : 0.000000,
        "100" : 0.000000,
        "250" : 0.000000,
        "500" : 0.000000,
        "750" : 0.000000,
        "1000" : 0.000000
      },
      "latency_us" : {
        "2" : 0.000000,
        "4" : 0.000000,
        "10" : 0.000000,
        "20" : 0.010000,
        "50" : 0.639420,
        "100" : 2.333665,
        "250" : 12.634371,
        "500" : 15.824687,
        "750" : 15.524985,
        "1000" : 17.150255
      },
      "latency_ms" : {
        "2" : 31.268422,
        "4" : 4.508221,
        "10" : 0.114618,
        "20" : 0.000000,
        "50" : 0.000000,
        "100" : 0.000000,
        "250" : 0.000000,
        "500" : 0.000000,
        "750" : 0.000000,
        "1000" : 0.000000,
        "2000" : 0.000000,
        ">=2000" : 0.000000
      },
      "latency_depth" : 128,
      "latency_target" : 0,
      "latency_percentile" : 100.000000,
      "latency_window" : 0
    }
  ],
  "disk_util" : [
    {
      "name" : "nvme2n2",
      "read_ios" : 0,
      "write_ios" : 435286,
      "read_merges" : 0,
      "write_merges" : 1022989,
      "read_ticks" : 0,
      "write_ticks" : 215656,
      "in_queue" : 215657,
      "util" : 99.067856
    }
  ]
}
