{
  "fio version" : "fio-3.28-261-gc3773-dirty",
  "timestamp" : 1645928318,
  "timestamp_ms" : 1645928318151,
  "time" : "Sun Feb 27 03:18:38 2022",
  "jobs" : [
    {
      "jobname" : "nvme2n2_write_4K_queue-depth-512",
      "groupid" : 0,
      "error" : 0,
      "eta" : 0,
      "elapsed" : 55,
      "job options" : {
        "name" : "nvme2n2_write_4K_queue-depth-512",
        "filename" : "/dev/nvme2n2",
        "direct" : "1",
        "size" : "107374182400",
        "ioengine" : "libaio",
        "zonemode" : "zbd",
        "iodepth" : "512",
        "rw" : "write",
        "bs" : "4K",
        "runtime" : "10m"
      },
      "read" : {
        "io_bytes" : 0,
        "io_kbytes" : 0,
        "bw_bytes" : 0,
        "bw" : 0,
        "iops" : 0.000000,
        "runtime" : 0,
        "total_ios" : 0,
        "short_ios" : 0,
        "drop_ios" : 0,
        "slat_ns" : {
          "min" : 0,
          "max" : 0,
          "mean" : 0.000000,
          "stddev" : 0.000000,
          "N" : 0
        },
        "clat_ns" : {
          "min" : 0,
          "max" : 0,
          "mean" : 0.000000,
          "stddev" : 0.000000,
          "N" : 0
        },
        "lat_ns" : {
          "min" : 0,
          "max" : 0,
          "mean" : 0.000000,
          "stddev" : 0.000000,
          "N" : 0
        },
        "bw_min" : 0,
        "bw_max" : 0,
        "bw_agg" : 0.000000,
        "bw_mean" : 0.000000,
        "bw_dev" : 0.000000,
        "bw_samples" : 0,
        "iops_min" : 0,
        "iops_max" : 0,
        "iops_mean" : 0.000000,
        "iops_stddev" : 0.000000,
        "iops_samples" : 0
      },
      "write" : {
        "io_bytes" : 56465817600,
        "io_kbytes" : 55142400,
        "bw_bytes" : 1039292808,
        "bw" : 1014934,
        "iops" : 253733.595921,
        "runtime" : 54331,
        "total_ios" : 13785600,
        "short_ios" : 0,
        "drop_ios" : 0,
        "slat_ns" : {
          "min" : 846,
          "max" : 270517,
          "mean" : 1704.507624,
          "stddev" : 2820.098069,
          "N" : 13785600
        },
        "clat_ns" : {
          "min" : 68402,
          "max" : 7610972,
          "mean" : 2015488.467982,
          "stddev" : 637947.873070,
          "N" : 13785600,
          "percentile" : {
            "1.000000" : 1187840,
            "5.000000" : 1220608,
            "10.000000" : 1253376,
            "20.000000" : 1368064,
            "30.000000" : 1695744,
            "40.000000" : 1908736,
            "50.000000" : 2039808,
            "60.000000" : 2146304,
            "70.000000" : 2244608,
            "80.000000" : 2375680,
            "90.000000" : 2605056,
            "95.000000" : 2998272,
            "99.000000" : 4554752,
            "99.500000" : 4947968,
            "99.900000" : 5865472,
            "99.950000" : 6258688,
            "99.990000" : 7045120
          }
        },
        "lat_ns" : {
          "min" : 74664,
          "max" : 7614262,
          "mean" : 2017289.027770,
          "stddev" : 638043.965748,
          "N" : 13785600
        },
        "bw_min" : 938392,
        "bw_max" : 1076976,
        "bw_agg" : 100.000000,
        "bw_mean" : 1016089.407407,
        "bw_dev" : 41852.908740,
        "bw_samples" : 108,
        "iops_min" : 234598,
        "iops_max" : 269244,
        "iops_mean" : 254022.425926,
        "iops_stddev" : 10463.195352,
        "iops_samples" : 108
      },
      "trim" : {
        "io_bytes" : 0,
        "io_kbytes" : 0,
        "bw_bytes" : 0,
        "bw" : 0,
        "iops" : 0.000000,
        "runtime" : 0,
        "total_ios" : 0,
        "short_ios" : 0,
        "drop_ios" : 0,
        "slat_ns" : {
          "min" : 0,
          "max" : 0,
          "mean" : 0.000000,
          "stddev" : 0.000000,
          "N" : 0
        },
        "clat_ns" : {
          "min" : 0,
          "max" : 0,
          "mean" : 0.000000,
          "stddev" : 0.000000,
          "N" : 0
        },
        "lat_ns" : {
          "min" : 0,
          "max" : 0,
          "mean" : 0.000000,
          "stddev" : 0.000000,
          "N" : 0
        },
        "bw_min" : 0,
        "bw_max" : 0,
        "bw_agg" : 0.000000,
        "bw_mean" : 0.000000,
        "bw_dev" : 0.000000,
        "bw_samples" : 0,
        "iops_min" : 0,
        "iops_max" : 0,
        "iops_mean" : 0.000000,
        "iops_stddev" : 0.000000,
        "iops_samples" : 0
      },
      "sync" : {
        "total_ios" : 0,
        "lat_ns" : {
          "min" : 0,
          "max" : 0,
          "mean" : 0.000000,
          "stddev" : 0.000000,
          "N" : 0
        }
      },
      "job_runtime" : 54330,
      "usr_cpu" : 24.097184,
      "sys_cpu" : 41.212958,
      "ctx" : 332184,
      "majf" : 0,
      "minf" : 24,
      "iodepth_level" : {
        "1" : 0.100000,
        "2" : 0.100000,
        "4" : 0.100000,
        "8" : 0.100000,
        "16" : 0.100000,
        "32" : 0.100000,
        ">=64" : 99.999543
      },
      "iodepth_submit" : {
        "0" : 0.000000,
        "4" : 100.000000,
        "8" : 0.000000,
        "16" : 0.000000,
        "32" : 0.000000,
        "64" : 0.000000,
        ">=64" : 0.000000
      },
      "iodepth_complete" : {
        "0" : 0.000000,
        "4" : 99.999993,
        "8" : 0.000000,
        "16" : 0.000000,
        "32" : 0.000000,
        "64" : 0.000000,
        ">=64" : 0.100000
      },
      "latency_ns" : {
        "2" : 0.000000,
        "4" : 0.000000,
        "10" : 0.000000,
        "20" : 0.000000,
        "50" : 0.000000,
        "100" : 0.000000,
        "250" : 0.000000,
        "500" : 0.000000,
        "750" : 0.000000,
        "1000" : 0.000000
      },
      "latency_us" : {
        "2" : 0.000000,
        "4" : 0.000000,
        "10" : 0.000000,
        "20" : 0.000000,
        "50" : 0.000000,
        "100" : 0.010000,
        "250" : 0.010000,
        "500" : 0.010000,
        "750" : 0.010000,
        "1000" : 0.049777
      },
      "latency_ms" : {
        "2" : 46.714260,
        "4" : 51.451587,
        "10" : 1.782505,
        "20" : 0.000000,
        "50" : 0.000000,
        "100" : 0.000000,
        "250" : 0.000000,
        "500" : 0.000000,
        "750" : 0.000000,
        "1000" : 0.000000,
        "2000" : 0.000000,
        ">=2000" : 0.000000
      },
      "latency_depth" : 512,
      "latency_target" : 0,
      "latency_percentile" : 100.000000,
      "latency_window" : 0
    }
  ],
  "disk_util" : [
    {
      "name" : "nvme2n2",
      "read_ios" : 0,
      "write_ios" : 166658,
      "read_merges" : 0,
      "write_merges" : 13571302,
      "read_ticks" : 0,
      "write_ticks" : 209536,
      "in_queue" : 209536,
      "util" : 99.898500
    }
  ]
}
