{
  "fio version" : "fio-3.28-261-gc3773-dirty",
  "timestamp" : 1645913570,
  "timestamp_ms" : 1645913570412,
  "time" : "Sat Feb 26 23:12:50 2022",
  "jobs" : [
    {
      "jobname" : "nvme2n2_overwrite-rand_4K_queue-depth-4",
      "groupid" : 0,
      "error" : 0,
      "eta" : 0,
      "elapsed" : 6,
      "job options" : {
        "name" : "nvme2n2_overwrite-rand_4K_queue-depth-4",
        "filename" : "/dev/nvme2n2",
        "direct" : "1",
        "size" : "107374182400",
        "ioengine" : "libaio",
        "zonemode" : "zbd",
        "iodepth" : "4",
        "rw" : "randwrite",
        "bs" : "4K",
        "max_open_zones" : "14",
        "runtime" : "5s"
      },
      "read" : {
        "io_bytes" : 0,
        "io_kbytes" : 0,
        "bw_bytes" : 0,
        "bw" : 0,
        "iops" : 0.000000,
        "runtime" : 0,
        "total_ios" : 0,
        "short_ios" : 0,
        "drop_ios" : 0,
        "slat_ns" : {
          "min" : 0,
          "max" : 0,
          "mean" : 0.000000,
          "stddev" : 0.000000,
          "N" : 0
        },
        "clat_ns" : {
          "min" : 0,
          "max" : 0,
          "mean" : 0.000000,
          "stddev" : 0.000000,
          "N" : 0
        },
        "lat_ns" : {
          "min" : 0,
          "max" : 0,
          "mean" : 0.000000,
          "stddev" : 0.000000,
          "N" : 0
        },
        "bw_min" : 0,
        "bw_max" : 0,
        "bw_agg" : 0.000000,
        "bw_mean" : 0.000000,
        "bw_dev" : 0.000000,
        "bw_samples" : 0,
        "iops_min" : 0,
        "iops_max" : 0,
        "iops_mean" : 0.000000,
        "iops_stddev" : 0.000000,
        "iops_samples" : 0
      },
      "write" : {
        "io_bytes" : 1038106624,
        "io_kbytes" : 1013776,
        "bw_bytes" : 207579808,
        "bw" : 202714,
        "iops" : 50678.664267,
        "runtime" : 5001,
        "total_ios" : 253444,
        "short_ios" : 0,
        "drop_ios" : 0,
        "slat_ns" : {
          "min" : 1373,
          "max" : 547094,
          "mean" : 5639.949295,
          "stddev" : 2025.804998,
          "N" : 253444
        },
        "clat_ns" : {
          "min" : 8802,
          "max" : 2704360,
          "mean" : 70252.054126,
          "stddev" : 51562.316402,
          "N" : 253444,
          "percentile" : {
            "1.000000" : 23936,
            "5.000000" : 29824,
            "10.000000" : 34048,
            "20.000000" : 39680,
            "30.000000" : 45312,
            "40.000000" : 51456,
            "50.000000" : 59648,
            "60.000000" : 69120,
            "70.000000" : 80384,
            "80.000000" : 94720,
            "90.000000" : 117248,
            "95.000000" : 138240,
            "99.000000" : 189440,
            "99.500000" : 232448,
            "99.900000" : 536576,
            "99.950000" : 790528,
            "99.990000" : 1859584
          }
        },
        "lat_ns" : {
          "min" : 19092,
          "max" : 2709693,
          "mean" : 76007.734900,
          "stddev" : 51433.473336,
          "N" : 253444
        },
        "bw_min" : 154816,
        "bw_max" : 208840,
        "bw_agg" : 99.751051,
        "bw_mean" : 202210.666667,
        "bw_dev" : 17782.194240,
        "bw_samples" : 9,
        "iops_min" : 38704,
        "iops_max" : 52210,
        "iops_mean" : 50552.666667,
        "iops_stddev" : 4445.548560,
        "iops_samples" : 9
      },
      "trim" : {
        "io_bytes" : 0,
        "io_kbytes" : 0,
        "bw_bytes" : 0,
        "bw" : 0,
        "iops" : 0.000000,
        "runtime" : 0,
        "total_ios" : 0,
        "short_ios" : 0,
        "drop_ios" : 0,
        "slat_ns" : {
          "min" : 0,
          "max" : 0,
          "mean" : 0.000000,
          "stddev" : 0.000000,
          "N" : 0
        },
        "clat_ns" : {
          "min" : 0,
          "max" : 0,
          "mean" : 0.000000,
          "stddev" : 0.000000,
          "N" : 0
        },
        "lat_ns" : {
          "min" : 0,
          "max" : 0,
          "mean" : 0.000000,
          "stddev" : 0.000000,
          "N" : 0
        },
        "bw_min" : 0,
        "bw_max" : 0,
        "bw_agg" : 0.000000,
        "bw_mean" : 0.000000,
        "bw_dev" : 0.000000,
        "bw_samples" : 0,
        "iops_min" : 0,
        "iops_max" : 0,
        "iops_mean" : 0.000000,
        "iops_stddev" : 0.000000,
        "iops_samples" : 0
      },
      "sync" : {
        "total_ios" : 0,
        "lat_ns" : {
          "min" : 0,
          "max" : 0,
          "mean" : 0.000000,
          "stddev" : 0.000000,
          "N" : 0
        }
      },
      "job_runtime" : 5000,
      "usr_cpu" : 9.520000,
      "sys_cpu" : 21.320000,
      "ctx" : 419812,
      "majf" : 0,
      "minf" : 11,
      "iodepth_level" : {
        "1" : 0.100000,
        "2" : 0.100000,
        "4" : 99.992503,
        "8" : 0.000000,
        "16" : 0.000000,
        "32" : 0.000000,
        ">=64" : 0.000000
      },
      "iodepth_submit" : {
        "0" : 0.000000,
        "4" : 100.000000,
        "8" : 0.000000,
        "16" : 0.000000,
        "32" : 0.000000,
        "64" : 0.000000,
        ">=64" : 0.000000
      },
      "iodepth_complete" : {
        "0" : 0.000000,
        "4" : 100.000000,
        "8" : 0.000000,
        "16" : 0.000000,
        "32" : 0.000000,
        "64" : 0.000000,
        ">=64" : 0.000000
      },
      "latency_ns" : {
        "2" : 0.000000,
        "4" : 0.000000,
        "10" : 0.000000,
        "20" : 0.000000,
        "50" : 0.000000,
        "100" : 0.000000,
        "250" : 0.000000,
        "500" : 0.000000,
        "750" : 0.000000,
        "1000" : 0.000000
      },
      "latency_us" : {
        "2" : 0.000000,
        "4" : 0.000000,
        "10" : 0.010000,
        "20" : 0.177554,
        "50" : 37.280030,
        "100" : 45.393065,
        "250" : 16.722826,
        "500" : 0.312101,
        "750" : 0.060763,
        "1000" : 0.014993
      },
      "latency_ms" : {
        "2" : 0.031565,
        "4" : 0.010000,
        "10" : 0.000000,
        "20" : 0.000000,
        "50" : 0.000000,
        "100" : 0.000000,
        "250" : 0.000000,
        "500" : 0.000000,
        "750" : 0.000000,
        "1000" : 0.000000,
        "2000" : 0.000000,
        ">=2000" : 0.000000
      },
      "latency_depth" : 4,
      "latency_target" : 0,
      "latency_percentile" : 100.000000,
      "latency_window" : 0
    }
  ],
  "disk_util" : [
    {
      "name" : "nvme2n2",
      "read_ios" : 14,
      "write_ios" : 244015,
      "read_merges" : 0,
      "write_merges" : 3123,
      "read_ticks" : 0,
      "write_ticks" : 17117,
      "in_queue" : 17118,
      "util" : 98.072289
    }
  ]
}
