{
  "fio version" : "fio-3.28-93-ga87e-dirty",
  "timestamp" : 1645885158,
  "timestamp_ms" : 1645885158606,
  "time" : "Sat Feb 26 15:19:18 2022",
  "jobs" : [
    {
      "jobname" : "nvme2n2_write_4Ki_queue-depth-32",
      "groupid" : 0,
      "error" : 0,
      "eta" : 0,
      "elapsed" : 11,
      "job options" : {
        "name" : "nvme2n2_write_4Ki_queue-depth-32",
        "filename" : "/dev/nvme2n2",
        "direct" : "1",
        "size" : "107374182400",
        "ioengine" : "libaio",
        "zonemode" : "zbd",
        "iodepth" : "32",
        "rw" : "write",
        "bs" : "4Ki",
        "runtime" : "10s"
      },
      "read" : {
        "io_bytes" : 0,
        "io_kbytes" : 0,
        "bw_bytes" : 0,
        "bw" : 0,
        "iops" : 0.000000,
        "runtime" : 0,
        "total_ios" : 0,
        "short_ios" : 0,
        "drop_ios" : 0,
        "slat_ns" : {
          "min" : 0,
          "max" : 0,
          "mean" : 0.000000,
          "stddev" : 0.000000,
          "N" : 0
        },
        "clat_ns" : {
          "min" : 0,
          "max" : 0,
          "mean" : 0.000000,
          "stddev" : 0.000000,
          "N" : 0
        },
        "lat_ns" : {
          "min" : 0,
          "max" : 0,
          "mean" : 0.000000,
          "stddev" : 0.000000,
          "N" : 0
        },
        "bw_min" : 0,
        "bw_max" : 0,
        "bw_agg" : 0.000000,
        "bw_mean" : 0.000000,
        "bw_dev" : 0.000000,
        "bw_samples" : 0,
        "iops_min" : 0,
        "iops_max" : 0,
        "iops_mean" : 0.000000,
        "iops_stddev" : 0.000000,
        "iops_samples" : 0
      },
      "write" : {
        "io_bytes" : 9482960896,
        "io_kbytes" : 9260704,
        "bw_bytes" : 948201269,
        "bw" : 925977,
        "iops" : 231494.450555,
        "runtime" : 10001,
        "total_ios" : 2315176,
        "short_ios" : 0,
        "drop_ios" : 0,
        "slat_ns" : {
          "min" : 1113,
          "max" : 294297,
          "mean" : 1625.958459,
          "stddev" : 1263.799310,
          "N" : 2315176
        },
        "clat_ns" : {
          "min" : 43538,
          "max" : 8565305,
          "mean" : 136107.139041,
          "stddev" : 134669.455061,
          "N" : 2315176,
          "percentile" : {
            "1.000000" : 94720,
            "5.000000" : 99840,
            "10.000000" : 101888,
            "20.000000" : 102912,
            "30.000000" : 104960,
            "40.000000" : 107008,
            "50.000000" : 109056,
            "60.000000" : 111104,
            "70.000000" : 113152,
            "80.000000" : 119296,
            "90.000000" : 177152,
            "95.000000" : 264192,
            "99.000000" : 602112,
            "99.500000" : 782336,
            "99.900000" : 1892352,
            "99.950000" : 2211840,
            "99.990000" : 3227648
          }
        },
        "lat_ns" : {
          "min" : 52292,
          "max" : 8568911,
          "mean" : 137815.967780,
          "stddev" : 134742.726695,
          "N" : 2315176
        },
        "bw_min" : 772336,
        "bw_max" : 1046240,
        "bw_agg" : 100.000000,
        "bw_mean" : 933474.947368,
        "bw_dev" : 103301.240340,
        "bw_samples" : 19,
        "iops_min" : 193084,
        "iops_max" : 261560,
        "iops_mean" : 233368.736842,
        "iops_stddev" : 25825.357523,
        "iops_samples" : 19
      },
      "trim" : {
        "io_bytes" : 0,
        "io_kbytes" : 0,
        "bw_bytes" : 0,
        "bw" : 0,
        "iops" : 0.000000,
        "runtime" : 0,
        "total_ios" : 0,
        "short_ios" : 0,
        "drop_ios" : 0,
        "slat_ns" : {
          "min" : 0,
          "max" : 0,
          "mean" : 0.000000,
          "stddev" : 0.000000,
          "N" : 0
        },
        "clat_ns" : {
          "min" : 0,
          "max" : 0,
          "mean" : 0.000000,
          "stddev" : 0.000000,
          "N" : 0
        },
        "lat_ns" : {
          "min" : 0,
          "max" : 0,
          "mean" : 0.000000,
          "stddev" : 0.000000,
          "N" : 0
        },
        "bw_min" : 0,
        "bw_max" : 0,
        "bw_agg" : 0.000000,
        "bw_mean" : 0.000000,
        "bw_dev" : 0.000000,
        "bw_samples" : 0,
        "iops_min" : 0,
        "iops_max" : 0,
        "iops_mean" : 0.000000,
        "iops_stddev" : 0.000000,
        "iops_samples" : 0
      },
      "sync" : {
        "total_ios" : 0,
        "lat_ns" : {
          "min" : 0,
          "max" : 0,
          "mean" : 0.000000,
          "stddev" : 0.000000,
          "N" : 0
        }
      },
      "job_runtime" : 10000,
      "usr_cpu" : 20.450000,
      "sys_cpu" : 35.420000,
      "ctx" : 298799,
      "majf" : 0,
      "minf" : 63,
      "iodepth_level" : {
        "1" : 0.100000,
        "2" : 0.100000,
        "4" : 0.100000,
        "8" : 0.100000,
        "16" : 0.100000,
        "32" : 99.998661,
        ">=64" : 0.000000
      },
      "iodepth_submit" : {
        "0" : 0.000000,
        "4" : 100.000000,
        "8" : 0.000000,
        "16" : 0.000000,
        "32" : 0.000000,
        "64" : 0.000000,
        ">=64" : 0.000000
      },
      "iodepth_complete" : {
        "0" : 0.000000,
        "4" : 99.999957,
        "8" : 0.000000,
        "16" : 0.000000,
        "32" : 0.100000,
        "64" : 0.000000,
        ">=64" : 0.000000
      },
      "latency_ns" : {
        "2" : 0.000000,
        "4" : 0.000000,
        "10" : 0.000000,
        "20" : 0.000000,
        "50" : 0.000000,
        "100" : 0.000000,
        "250" : 0.000000,
        "500" : 0.000000,
        "750" : 0.000000,
        "1000" : 0.000000
      },
      "latency_us" : {
        "2" : 0.000000,
        "4" : 0.000000,
        "10" : 0.000000,
        "20" : 0.000000,
        "50" : 0.010000,
        "100" : 4.953317,
        "250" : 89.518378,
        "500" : 3.986911,
        "750" : 0.982085,
        "1000" : 0.233114
      },
      "latency_ms" : {
        "2" : 0.242703,
        "4" : 0.073774,
        "10" : 0.010000,
        "20" : 0.000000,
        "50" : 0.000000,
        "100" : 0.000000,
        "250" : 0.000000,
        "500" : 0.000000,
        "750" : 0.000000,
        "1000" : 0.000000,
        "2000" : 0.000000,
        ">=2000" : 0.000000
      },
      "latency_depth" : 32,
      "latency_target" : 0,
      "latency_percentile" : 100.000000,
      "latency_window" : 0
    }
  ],
  "disk_util" : [
    {
      "name" : "nvme2n2",
      "read_ios" : 0,
      "write_ios" : 147875,
      "read_merges" : 0,
      "write_merges" : 2143865,
      "read_ticks" : 0,
      "write_ticks" : 18593,
      "in_queue" : 18592,
      "util" : 99.117883
    }
  ]
}
