{
  "fio version" : "fio-3.28-261-gc3773-dirty",
  "timestamp" : 1645913915,
  "timestamp_ms" : 1645913915024,
  "time" : "Sat Feb 26 23:18:35 2022",
  "jobs" : [
    {
      "jobname" : "nvme2n2_overwrite-seq_4K_queue-depth-64",
      "groupid" : 0,
      "error" : 0,
      "eta" : 0,
      "elapsed" : 6,
      "job options" : {
        "name" : "nvme2n2_overwrite-seq_4K_queue-depth-64",
        "filename" : "/dev/nvme2n2",
        "direct" : "1",
        "size" : "107374182400",
        "ioengine" : "libaio",
        "zonemode" : "zbd",
        "iodepth" : "64",
        "rw" : "write",
        "bs" : "4K",
        "runtime" : "5s"
      },
      "read" : {
        "io_bytes" : 0,
        "io_kbytes" : 0,
        "bw_bytes" : 0,
        "bw" : 0,
        "iops" : 0.000000,
        "runtime" : 0,
        "total_ios" : 0,
        "short_ios" : 0,
        "drop_ios" : 0,
        "slat_ns" : {
          "min" : 0,
          "max" : 0,
          "mean" : 0.000000,
          "stddev" : 0.000000,
          "N" : 0
        },
        "clat_ns" : {
          "min" : 0,
          "max" : 0,
          "mean" : 0.000000,
          "stddev" : 0.000000,
          "N" : 0
        },
        "lat_ns" : {
          "min" : 0,
          "max" : 0,
          "mean" : 0.000000,
          "stddev" : 0.000000,
          "N" : 0
        },
        "bw_min" : 0,
        "bw_max" : 0,
        "bw_agg" : 0.000000,
        "bw_mean" : 0.000000,
        "bw_dev" : 0.000000,
        "bw_samples" : 0,
        "iops_min" : 0,
        "iops_max" : 0,
        "iops_mean" : 0.000000,
        "iops_stddev" : 0.000000,
        "iops_samples" : 0
      },
      "write" : {
        "io_bytes" : 4545540096,
        "io_kbytes" : 4439004,
        "bw_bytes" : 908926233,
        "bw" : 887623,
        "iops" : 221905.818836,
        "runtime" : 5001,
        "total_ios" : 1109751,
        "short_ios" : 0,
        "drop_ios" : 0,
        "slat_ns" : {
          "min" : 1099,
          "max" : 219317,
          "mean" : 1861.351965,
          "stddev" : 2413.133581,
          "N" : 1109751
        },
        "clat_ns" : {
          "min" : 81924,
          "max" : 12212452,
          "mean" : 282838.465319,
          "stddev" : 390142.519618,
          "N" : 1109751,
          "percentile" : {
            "1.000000" : 154624,
            "5.000000" : 156672,
            "10.000000" : 156672,
            "20.000000" : 158720,
            "30.000000" : 164864,
            "40.000000" : 171008,
            "50.000000" : 173056,
            "60.000000" : 183296,
            "70.000000" : 224256,
            "80.000000" : 321536,
            "90.000000" : 528384,
            "95.000000" : 733184,
            "99.000000" : 1220608,
            "99.500000" : 1990656,
            "99.900000" : 7372800,
            "99.950000" : 8093696,
            "99.990000" : 8454144
          }
        },
        "lat_ns" : {
          "min" : 83275,
          "max" : 12215467,
          "mean" : 284801.939012,
          "stddev" : 390297.608851,
          "N" : 1109751
        },
        "bw_min" : 727456,
        "bw_max" : 1062720,
        "bw_agg" : 98.337777,
        "bw_mean" : 872869.333333,
        "bw_dev" : 125992.531017,
        "bw_samples" : 9,
        "iops_min" : 181866,
        "iops_max" : 265680,
        "iops_mean" : 218217.777778,
        "iops_stddev" : 31498.209543,
        "iops_samples" : 9
      },
      "trim" : {
        "io_bytes" : 0,
        "io_kbytes" : 0,
        "bw_bytes" : 0,
        "bw" : 0,
        "iops" : 0.000000,
        "runtime" : 0,
        "total_ios" : 0,
        "short_ios" : 0,
        "drop_ios" : 0,
        "slat_ns" : {
          "min" : 0,
          "max" : 0,
          "mean" : 0.000000,
          "stddev" : 0.000000,
          "N" : 0
        },
        "clat_ns" : {
          "min" : 0,
          "max" : 0,
          "mean" : 0.000000,
          "stddev" : 0.000000,
          "N" : 0
        },
        "lat_ns" : {
          "min" : 0,
          "max" : 0,
          "mean" : 0.000000,
          "stddev" : 0.000000,
          "N" : 0
        },
        "bw_min" : 0,
        "bw_max" : 0,
        "bw_agg" : 0.000000,
        "bw_mean" : 0.000000,
        "bw_dev" : 0.000000,
        "bw_samples" : 0,
        "iops_min" : 0,
        "iops_max" : 0,
        "iops_mean" : 0.000000,
        "iops_stddev" : 0.000000,
        "iops_samples" : 0
      },
      "sync" : {
        "total_ios" : 0,
        "lat_ns" : {
          "min" : 0,
          "max" : 0,
          "mean" : 0.000000,
          "stddev" : 0.000000,
          "N" : 0
        }
      },
      "job_runtime" : 5000,
      "usr_cpu" : 20.040000,
      "sys_cpu" : 38.140000,
      "ctx" : 99449,
      "majf" : 0,
      "minf" : 99,
      "iodepth_level" : {
        "1" : 0.100000,
        "2" : 0.100000,
        "4" : 0.100000,
        "8" : 0.100000,
        "16" : 0.100000,
        "32" : 0.100000,
        ">=64" : 99.971615
      },
      "iodepth_submit" : {
        "0" : 0.000000,
        "4" : 100.000000,
        "8" : 0.000000,
        "16" : 0.000000,
        "32" : 0.000000,
        "64" : 0.000000,
        ">=64" : 0.000000
      },
      "iodepth_complete" : {
        "0" : 0.000000,
        "4" : 99.999910,
        "8" : 0.000000,
        "16" : 0.000000,
        "32" : 0.000000,
        "64" : 0.100000,
        ">=64" : 0.000000
      },
      "latency_ns" : {
        "2" : 0.000000,
        "4" : 0.000000,
        "10" : 0.000000,
        "20" : 0.000000,
        "50" : 0.000000,
        "100" : 0.000000,
        "250" : 0.000000,
        "500" : 0.000000,
        "750" : 0.000000,
        "1000" : 0.000000
      },
      "latency_us" : {
        "2" : 0.000000,
        "4" : 0.000000,
        "10" : 0.000000,
        "20" : 0.000000,
        "50" : 0.000000,
        "100" : 0.010000,
        "250" : 72.843187,
        "500" : 16.372682,
        "750" : 6.122364,
        "1000" : 2.700426
      },
      "latency_ms" : {
        "2" : 1.464022,
        "4" : 0.292498,
        "10" : 0.196080,
        "20" : 0.010000,
        "50" : 0.000000,
        "100" : 0.000000,
        "250" : 0.000000,
        "500" : 0.000000,
        "750" : 0.000000,
        "1000" : 0.000000,
        "2000" : 0.000000,
        ">=2000" : 0.000000
      },
      "latency_depth" : 64,
      "latency_target" : 0,
      "latency_percentile" : 100.000000,
      "latency_window" : 0
    }
  ],
  "disk_util" : [
    {
      "name" : "nvme2n2",
      "read_ios" : 16,
      "write_ios" : 48815,
      "read_merges" : 0,
      "write_merges" : 1033814,
      "read_ticks" : 1,
      "write_ticks" : 9044,
      "in_queue" : 9046,
      "util" : 98.152610
    }
  ]
}
