{
  "fio version" : "fio-3.28-261-gc3773-dirty",
  "timestamp" : 1645913756,
  "timestamp_ms" : 1645913756464,
  "time" : "Sat Feb 26 23:15:56 2022",
  "jobs" : [
    {
      "jobname" : "nvme2n2_write_4K_queue-depth-32",
      "groupid" : 0,
      "error" : 0,
      "eta" : 0,
      "elapsed" : 6,
      "job options" : {
        "name" : "nvme2n2_write_4K_queue-depth-32",
        "filename" : "/dev/nvme2n2",
        "direct" : "1",
        "size" : "107374182400",
        "ioengine" : "libaio",
        "zonemode" : "zbd",
        "iodepth" : "32",
        "rw" : "write",
        "bs" : "4K",
        "runtime" : "5s"
      },
      "read" : {
        "io_bytes" : 0,
        "io_kbytes" : 0,
        "bw_bytes" : 0,
        "bw" : 0,
        "iops" : 0.000000,
        "runtime" : 0,
        "total_ios" : 0,
        "short_ios" : 0,
        "drop_ios" : 0,
        "slat_ns" : {
          "min" : 0,
          "max" : 0,
          "mean" : 0.000000,
          "stddev" : 0.000000,
          "N" : 0
        },
        "clat_ns" : {
          "min" : 0,
          "max" : 0,
          "mean" : 0.000000,
          "stddev" : 0.000000,
          "N" : 0
        },
        "lat_ns" : {
          "min" : 0,
          "max" : 0,
          "mean" : 0.000000,
          "stddev" : 0.000000,
          "N" : 0
        },
        "bw_min" : 0,
        "bw_max" : 0,
        "bw_agg" : 0.000000,
        "bw_mean" : 0.000000,
        "bw_dev" : 0.000000,
        "bw_samples" : 0,
        "iops_min" : 0,
        "iops_max" : 0,
        "iops_mean" : 0.000000,
        "iops_stddev" : 0.000000,
        "iops_samples" : 0
      },
      "write" : {
        "io_bytes" : 4364054528,
        "io_kbytes" : 4261772,
        "bw_bytes" : 872636378,
        "bw" : 852183,
        "iops" : 213045.990802,
        "runtime" : 5001,
        "total_ios" : 1065443,
        "short_ios" : 0,
        "drop_ios" : 0,
        "slat_ns" : {
          "min" : 1112,
          "max" : 63493,
          "mean" : 1648.550905,
          "stddev" : 1273.495859,
          "N" : 1065443
        },
        "clat_ns" : {
          "min" : 26913,
          "max" : 8148183,
          "mean" : 148057.186521,
          "stddev" : 172255.500560,
          "N" : 1065443,
          "percentile" : {
            "1.000000" : 94720,
            "5.000000" : 99840,
            "10.000000" : 101888,
            "20.000000" : 103936,
            "30.000000" : 105984,
            "40.000000" : 108032,
            "50.000000" : 110080,
            "60.000000" : 112128,
            "70.000000" : 115200,
            "80.000000" : 124416,
            "90.000000" : 201728,
            "95.000000" : 321536,
            "99.000000" : 749568,
            "99.500000" : 1220608,
            "99.900000" : 2179072,
            "99.950000" : 2637824,
            "99.990000" : 4620288
          }
        },
        "lat_ns" : {
          "min" : 32559,
          "max" : 8151785,
          "mean" : 149793.206783,
          "stddev" : 172298.144059,
          "N" : 1065443
        },
        "bw_min" : 740416,
        "bw_max" : 1046792,
        "bw_agg" : 100.000000,
        "bw_mean" : 858433.000000,
        "bw_dev" : 116397.563553,
        "bw_samples" : 9,
        "iops_min" : 185104,
        "iops_max" : 261698,
        "iops_mean" : 214608.444444,
        "iops_stddev" : 29099.330040,
        "iops_samples" : 9
      },
      "trim" : {
        "io_bytes" : 0,
        "io_kbytes" : 0,
        "bw_bytes" : 0,
        "bw" : 0,
        "iops" : 0.000000,
        "runtime" : 0,
        "total_ios" : 0,
        "short_ios" : 0,
        "drop_ios" : 0,
        "slat_ns" : {
          "min" : 0,
          "max" : 0,
          "mean" : 0.000000,
          "stddev" : 0.000000,
          "N" : 0
        },
        "clat_ns" : {
          "min" : 0,
          "max" : 0,
          "mean" : 0.000000,
          "stddev" : 0.000000,
          "N" : 0
        },
        "lat_ns" : {
          "min" : 0,
          "max" : 0,
          "mean" : 0.000000,
          "stddev" : 0.000000,
          "N" : 0
        },
        "bw_min" : 0,
        "bw_max" : 0,
        "bw_agg" : 0.000000,
        "bw_mean" : 0.000000,
        "bw_dev" : 0.000000,
        "bw_samples" : 0,
        "iops_min" : 0,
        "iops_max" : 0,
        "iops_mean" : 0.000000,
        "iops_stddev" : 0.000000,
        "iops_samples" : 0
      },
      "sync" : {
        "total_ios" : 0,
        "lat_ns" : {
          "min" : 0,
          "max" : 0,
          "mean" : 0.000000,
          "stddev" : 0.000000,
          "N" : 0
        }
      },
      "job_runtime" : 5000,
      "usr_cpu" : 19.340000,
      "sys_cpu" : 32.100000,
      "ctx" : 137393,
      "majf" : 0,
      "minf" : 62,
      "iodepth_level" : {
        "1" : 0.100000,
        "2" : 0.100000,
        "4" : 0.100000,
        "8" : 0.100000,
        "16" : 0.100000,
        "32" : 99.997090,
        ">=64" : 0.000000
      },
      "iodepth_submit" : {
        "0" : 0.000000,
        "4" : 100.000000,
        "8" : 0.000000,
        "16" : 0.000000,
        "32" : 0.000000,
        "64" : 0.000000,
        ">=64" : 0.000000
      },
      "iodepth_complete" : {
        "0" : 0.000000,
        "4" : 99.999906,
        "8" : 0.000000,
        "16" : 0.000000,
        "32" : 0.100000,
        "64" : 0.000000,
        ">=64" : 0.000000
      },
      "latency_ns" : {
        "2" : 0.000000,
        "4" : 0.000000,
        "10" : 0.000000,
        "20" : 0.000000,
        "50" : 0.000000,
        "100" : 0.000000,
        "250" : 0.000000,
        "500" : 0.000000,
        "750" : 0.000000,
        "1000" : 0.000000
      },
      "latency_us" : {
        "2" : 0.000000,
        "4" : 0.000000,
        "10" : 0.000000,
        "20" : 0.000000,
        "50" : 0.010000,
        "100" : 4.989286,
        "250" : 87.607408,
        "500" : 4.765248,
        "750" : 1.642885,
        "1000" : 0.387163
      },
      "latency_ms" : {
        "2" : 0.463938,
        "4" : 0.126520,
        "10" : 0.017458,
        "20" : 0.000000,
        "50" : 0.000000,
        "100" : 0.000000,
        "250" : 0.000000,
        "500" : 0.000000,
        "750" : 0.000000,
        "1000" : 0.000000,
        "2000" : 0.000000,
        ">=2000" : 0.000000
      },
      "latency_depth" : 32,
      "latency_target" : 0,
      "latency_percentile" : 100.000000,
      "latency_window" : 0
    }
  ],
  "disk_util" : [
    {
      "name" : "nvme2n2",
      "read_ios" : 5,
      "write_ios" : 67182,
      "read_merges" : 0,
      "write_merges" : 974928,
      "read_ticks" : 0,
      "write_ticks" : 9242,
      "in_queue" : 9243,
      "util" : 98.132905
    }
  ]
}
