{
  "fio version" : "fio-3.28-93-ga87e-dirty",
  "timestamp" : 1645885392,
  "timestamp_ms" : 1645885392596,
  "time" : "Sat Feb 26 15:23:12 2022",
  "jobs" : [
    {
      "jobname" : "nvme2n2_write_4Ki_queue-depth-128",
      "groupid" : 0,
      "error" : 0,
      "eta" : 0,
      "elapsed" : 11,
      "job options" : {
        "name" : "nvme2n2_write_4Ki_queue-depth-128",
        "filename" : "/dev/nvme2n2",
        "direct" : "1",
        "size" : "107374182400",
        "ioengine" : "libaio",
        "zonemode" : "zbd",
        "iodepth" : "128",
        "rw" : "write",
        "bs" : "4Ki",
        "runtime" : "10s"
      },
      "read" : {
        "io_bytes" : 0,
        "io_kbytes" : 0,
        "bw_bytes" : 0,
        "bw" : 0,
        "iops" : 0.000000,
        "runtime" : 0,
        "total_ios" : 0,
        "short_ios" : 0,
        "drop_ios" : 0,
        "slat_ns" : {
          "min" : 0,
          "max" : 0,
          "mean" : 0.000000,
          "stddev" : 0.000000,
          "N" : 0
        },
        "clat_ns" : {
          "min" : 0,
          "max" : 0,
          "mean" : 0.000000,
          "stddev" : 0.000000,
          "N" : 0
        },
        "lat_ns" : {
          "min" : 0,
          "max" : 0,
          "mean" : 0.000000,
          "stddev" : 0.000000,
          "N" : 0
        },
        "bw_min" : 0,
        "bw_max" : 0,
        "bw_agg" : 0.000000,
        "bw_mean" : 0.000000,
        "bw_dev" : 0.000000,
        "bw_samples" : 0,
        "iops_min" : 0,
        "iops_max" : 0,
        "iops_mean" : 0.000000,
        "iops_stddev" : 0.000000,
        "iops_samples" : 0
      },
      "write" : {
        "io_bytes" : 10019405824,
        "io_kbytes" : 9784576,
        "bw_bytes" : 1001840398,
        "bw" : 978359,
        "iops" : 244589.941006,
        "runtime" : 10001,
        "total_ios" : 2446144,
        "short_ios" : 0,
        "drop_ios" : 0,
        "slat_ns" : {
          "min" : 884,
          "max" : 331558,
          "mean" : 1823.888000,
          "stddev" : 2384.214781,
          "N" : 2446144
        },
        "clat_ns" : {
          "min" : 54896,
          "max" : 5258533,
          "mean" : 520890.847484,
          "stddev" : 370371.647258,
          "N" : 2446144,
          "percentile" : {
            "1.000000" : 272384,
            "5.000000" : 288768,
            "10.000000" : 301056,
            "20.000000" : 321536,
            "30.000000" : 337920,
            "40.000000" : 346112,
            "50.000000" : 354304,
            "60.000000" : 378880,
            "70.000000" : 468992,
            "80.000000" : 692224,
            "90.000000" : 1019904,
            "95.000000" : 1204224,
            "99.000000" : 2072576,
            "99.500000" : 2670592,
            "99.900000" : 3260416,
            "99.950000" : 3555328,
            "99.990000" : 4112384
          }
        },
        "lat_ns" : {
          "min" : 60362,
          "max" : 5259972,
          "mean" : 522819.052692,
          "stddev" : 370356.847526,
          "N" : 2446144
        },
        "bw_min" : 882832,
        "bw_max" : 1079208,
        "bw_agg" : 99.571961,
        "bw_mean" : 974172.210526,
        "bw_dev" : 70662.496701,
        "bw_samples" : 19,
        "iops_min" : 220708,
        "iops_max" : 269802,
        "iops_mean" : 243542.947368,
        "iops_stddev" : 17665.625647,
        "iops_samples" : 19
      },
      "trim" : {
        "io_bytes" : 0,
        "io_kbytes" : 0,
        "bw_bytes" : 0,
        "bw" : 0,
        "iops" : 0.000000,
        "runtime" : 0,
        "total_ios" : 0,
        "short_ios" : 0,
        "drop_ios" : 0,
        "slat_ns" : {
          "min" : 0,
          "max" : 0,
          "mean" : 0.000000,
          "stddev" : 0.000000,
          "N" : 0
        },
        "clat_ns" : {
          "min" : 0,
          "max" : 0,
          "mean" : 0.000000,
          "stddev" : 0.000000,
          "N" : 0
        },
        "lat_ns" : {
          "min" : 0,
          "max" : 0,
          "mean" : 0.000000,
          "stddev" : 0.000000,
          "N" : 0
        },
        "bw_min" : 0,
        "bw_max" : 0,
        "bw_agg" : 0.000000,
        "bw_mean" : 0.000000,
        "bw_dev" : 0.000000,
        "bw_samples" : 0,
        "iops_min" : 0,
        "iops_max" : 0,
        "iops_mean" : 0.000000,
        "iops_stddev" : 0.000000,
        "iops_samples" : 0
      },
      "sync" : {
        "total_ios" : 0,
        "lat_ns" : {
          "min" : 0,
          "max" : 0,
          "mean" : 0.000000,
          "stddev" : 0.000000,
          "N" : 0
        }
      },
      "job_runtime" : 10000,
      "usr_cpu" : 21.770000,
      "sys_cpu" : 42.010000,
      "ctx" : 178272,
      "majf" : 0,
      "minf" : 176,
      "iodepth_level" : {
        "1" : 0.100000,
        "2" : 0.100000,
        "4" : 0.100000,
        "8" : 0.100000,
        "16" : 0.100000,
        "32" : 0.100000,
        ">=64" : 99.997425
      },
      "iodepth_submit" : {
        "0" : 0.000000,
        "4" : 100.000000,
        "8" : 0.000000,
        "16" : 0.000000,
        "32" : 0.000000,
        "64" : 0.000000,
        ">=64" : 0.000000
      },
      "iodepth_complete" : {
        "0" : 0.000000,
        "4" : 99.999959,
        "8" : 0.000000,
        "16" : 0.000000,
        "32" : 0.000000,
        "64" : 0.000000,
        ">=64" : 0.100000
      },
      "latency_ns" : {
        "2" : 0.000000,
        "4" : 0.000000,
        "10" : 0.000000,
        "20" : 0.000000,
        "50" : 0.000000,
        "100" : 0.000000,
        "250" : 0.000000,
        "500" : 0.000000,
        "750" : 0.000000,
        "1000" : 0.000000
      },
      "latency_us" : {
        "2" : 0.000000,
        "4" : 0.000000,
        "10" : 0.000000,
        "20" : 0.000000,
        "50" : 0.000000,
        "100" : 0.010000,
        "250" : 0.084132,
        "500" : 71.820506,
        "750" : 9.745379,
        "1000" : 7.686874
      },
      "latency_ms" : {
        "2" : 9.608061,
        "4" : 1.042171,
        "10" : 0.012837,
        "20" : 0.000000,
        "50" : 0.000000,
        "100" : 0.000000,
        "250" : 0.000000,
        "500" : 0.000000,
        "750" : 0.000000,
        "1000" : 0.000000,
        "2000" : 0.000000,
        ">=2000" : 0.000000
      },
      "latency_depth" : 128,
      "latency_target" : 0,
      "latency_percentile" : 100.000000,
      "latency_window" : 0
    }
  ],
  "disk_util" : [
    {
      "name" : "nvme2n2",
      "read_ios" : 0,
      "write_ios" : 88405,
      "read_merges" : 0,
      "write_merges" : 2326375,
      "read_ticks" : 0,
      "write_ticks" : 18974,
      "in_queue" : 18974,
      "util" : 99.117883
    }
  ]
}
