{
  "fio version" : "fio-3.28-93-ga87e-dirty",
  "timestamp" : 1645884562,
  "timestamp_ms" : 1645884562781,
  "time" : "Sat Feb 26 15:09:22 2022",
  "jobs" : [
    {
      "jobname" : "nvme2n2_randwrite_4Ki_queue-depth-1",
      "groupid" : 0,
      "error" : 0,
      "eta" : 0,
      "elapsed" : 11,
      "job options" : {
        "name" : "nvme2n2_randwrite_4Ki_queue-depth-1",
        "filename" : "/dev/nvme2n2",
        "direct" : "1",
        "size" : "107374182400",
        "ioengine" : "libaio",
        "zonemode" : "zbd",
        "iodepth" : "1",
        "rw" : "randwrite",
        "bs" : "4Ki",
        "max_open_zones" : "14",
        "runtime" : "10s"
      },
      "read" : {
        "io_bytes" : 0,
        "io_kbytes" : 0,
        "bw_bytes" : 0,
        "bw" : 0,
        "iops" : 0.000000,
        "runtime" : 0,
        "total_ios" : 0,
        "short_ios" : 0,
        "drop_ios" : 0,
        "slat_ns" : {
          "min" : 0,
          "max" : 0,
          "mean" : 0.000000,
          "stddev" : 0.000000,
          "N" : 0
        },
        "clat_ns" : {
          "min" : 0,
          "max" : 0,
          "mean" : 0.000000,
          "stddev" : 0.000000,
          "N" : 0
        },
        "lat_ns" : {
          "min" : 0,
          "max" : 0,
          "mean" : 0.000000,
          "stddev" : 0.000000,
          "N" : 0
        },
        "bw_min" : 0,
        "bw_max" : 0,
        "bw_agg" : 0.000000,
        "bw_mean" : 0.000000,
        "bw_dev" : 0.000000,
        "bw_samples" : 0,
        "iops_min" : 0,
        "iops_max" : 0,
        "iops_mean" : 0.000000,
        "iops_stddev" : 0.000000,
        "iops_samples" : 0
      },
      "write" : {
        "io_bytes" : 1397903360,
        "io_kbytes" : 1365140,
        "bw_bytes" : 139776358,
        "bw" : 136500,
        "iops" : 34125.087491,
        "runtime" : 10001,
        "total_ios" : 341285,
        "short_ios" : 0,
        "drop_ios" : 0,
        "slat_ns" : {
          "min" : 4420,
          "max" : 188402,
          "mean" : 6110.692231,
          "stddev" : 582.386630,
          "N" : 341285
        },
        "clat_ns" : {
          "min" : 4964,
          "max" : 1720117,
          "mean" : 21944.289239,
          "stddev" : 5575.739263,
          "N" : 341285,
          "percentile" : {
            "1.000000" : 16064,
            "5.000000" : 16320,
            "10.000000" : 16512,
            "20.000000" : 17536,
            "30.000000" : 19584,
            "40.000000" : 20608,
            "50.000000" : 22144,
            "60.000000" : 23680,
            "70.000000" : 24192,
            "80.000000" : 24704,
            "90.000000" : 26240,
            "95.000000" : 28288,
            "99.000000" : 34048,
            "99.500000" : 36096,
            "99.900000" : 40192,
            "99.950000" : 41728,
            "99.990000" : 46848
          }
        },
        "lat_ns" : {
          "min" : 19495,
          "max" : 1726024,
          "mean" : 28186.063413,
          "stddev" : 5608.007591,
          "N" : 341285
        },
        "bw_min" : 134880,
        "bw_max" : 137336,
        "bw_agg" : 100.000000,
        "bw_mean" : 136616.000000,
        "bw_dev" : 557.295055,
        "bw_samples" : 19,
        "iops_min" : 33720,
        "iops_max" : 34334,
        "iops_mean" : 34154.000000,
        "iops_stddev" : 139.323764,
        "iops_samples" : 19
      },
      "trim" : {
        "io_bytes" : 0,
        "io_kbytes" : 0,
        "bw_bytes" : 0,
        "bw" : 0,
        "iops" : 0.000000,
        "runtime" : 0,
        "total_ios" : 0,
        "short_ios" : 0,
        "drop_ios" : 0,
        "slat_ns" : {
          "min" : 0,
          "max" : 0,
          "mean" : 0.000000,
          "stddev" : 0.000000,
          "N" : 0
        },
        "clat_ns" : {
          "min" : 0,
          "max" : 0,
          "mean" : 0.000000,
          "stddev" : 0.000000,
          "N" : 0
        },
        "lat_ns" : {
          "min" : 0,
          "max" : 0,
          "mean" : 0.000000,
          "stddev" : 0.000000,
          "N" : 0
        },
        "bw_min" : 0,
        "bw_max" : 0,
        "bw_agg" : 0.000000,
        "bw_mean" : 0.000000,
        "bw_dev" : 0.000000,
        "bw_samples" : 0,
        "iops_min" : 0,
        "iops_max" : 0,
        "iops_mean" : 0.000000,
        "iops_stddev" : 0.000000,
        "iops_samples" : 0
      },
      "sync" : {
        "total_ios" : 0,
        "lat_ns" : {
          "min" : 0,
          "max" : 0,
          "mean" : 0.000000,
          "stddev" : 0.000000,
          "N" : 0
        }
      },
      "job_runtime" : 10000,
      "usr_cpu" : 8.520000,
      "sys_cpu" : 19.580000,
      "ctx" : 682640,
      "majf" : 0,
      "minf" : 18,
      "iodepth_level" : {
        "1" : 100.000000,
        "2" : 0.000000,
        "4" : 0.000000,
        "8" : 0.000000,
        "16" : 0.000000,
        "32" : 0.000000,
        ">=64" : 0.000000
      },
      "iodepth_submit" : {
        "0" : 0.000000,
        "4" : 100.000000,
        "8" : 0.000000,
        "16" : 0.000000,
        "32" : 0.000000,
        "64" : 0.000000,
        ">=64" : 0.000000
      },
      "iodepth_complete" : {
        "0" : 0.000000,
        "4" : 100.000000,
        "8" : 0.000000,
        "16" : 0.000000,
        "32" : 0.000000,
        "64" : 0.000000,
        ">=64" : 0.000000
      },
      "latency_ns" : {
        "2" : 0.000000,
        "4" : 0.000000,
        "10" : 0.000000,
        "20" : 0.000000,
        "50" : 0.000000,
        "100" : 0.000000,
        "250" : 0.000000,
        "500" : 0.000000,
        "750" : 0.000000,
        "1000" : 0.000000
      },
      "latency_us" : {
        "2" : 0.000000,
        "4" : 0.000000,
        "10" : 0.010000,
        "20" : 31.229910,
        "50" : 68.761592,
        "100" : 0.010000,
        "250" : 0.010000,
        "500" : 0.010000,
        "750" : 0.010000,
        "1000" : 0.000000
      },
      "latency_ms" : {
        "2" : 0.010000,
        "4" : 0.000000,
        "10" : 0.000000,
        "20" : 0.000000,
        "50" : 0.000000,
        "100" : 0.000000,
        "250" : 0.000000,
        "500" : 0.000000,
        "750" : 0.000000,
        "1000" : 0.000000,
        "2000" : 0.000000,
        ">=2000" : 0.000000
      },
      "latency_depth" : 1,
      "latency_target" : 0,
      "latency_percentile" : 100.000000,
      "latency_window" : 0
    }
  ],
  "disk_util" : [
    {
      "name" : "nvme2n2",
      "read_ios" : 0,
      "write_ios" : 337193,
      "read_merges" : 0,
      "write_merges" : 0,
      "read_ticks" : 0,
      "write_ticks" : 8079,
      "in_queue" : 8079,
      "util" : 99.077787
    }
  ]
}
