{
  "fio version" : "fio-3.28-93-ga87e-dirty",
  "timestamp" : 1645885148,
  "timestamp_ms" : 1645885148118,
  "time" : "Sat Feb 26 15:19:08 2022",
  "jobs" : [
    {
      "jobname" : "nvme2n2_randwrite_4Ki_queue-depth-32",
      "groupid" : 0,
      "error" : 0,
      "eta" : 0,
      "elapsed" : 11,
      "job options" : {
        "name" : "nvme2n2_randwrite_4Ki_queue-depth-32",
        "filename" : "/dev/nvme2n2",
        "direct" : "1",
        "size" : "107374182400",
        "ioengine" : "libaio",
        "zonemode" : "zbd",
        "iodepth" : "32",
        "rw" : "randwrite",
        "bs" : "4Ki",
        "max_open_zones" : "14",
        "runtime" : "10s"
      },
      "read" : {
        "io_bytes" : 0,
        "io_kbytes" : 0,
        "bw_bytes" : 0,
        "bw" : 0,
        "iops" : 0.000000,
        "runtime" : 0,
        "total_ios" : 0,
        "short_ios" : 0,
        "drop_ios" : 0,
        "slat_ns" : {
          "min" : 0,
          "max" : 0,
          "mean" : 0.000000,
          "stddev" : 0.000000,
          "N" : 0
        },
        "clat_ns" : {
          "min" : 0,
          "max" : 0,
          "mean" : 0.000000,
          "stddev" : 0.000000,
          "N" : 0
        },
        "lat_ns" : {
          "min" : 0,
          "max" : 0,
          "mean" : 0.000000,
          "stddev" : 0.000000,
          "N" : 0
        },
        "bw_min" : 0,
        "bw_max" : 0,
        "bw_agg" : 0.000000,
        "bw_mean" : 0.000000,
        "bw_dev" : 0.000000,
        "bw_samples" : 0,
        "iops_min" : 0,
        "iops_max" : 0,
        "iops_mean" : 0.000000,
        "iops_stddev" : 0.000000,
        "iops_samples" : 0
      },
      "write" : {
        "io_bytes" : 3138691072,
        "io_kbytes" : 3065128,
        "bw_bytes" : 313837723,
        "bw" : 306482,
        "iops" : 76620.537946,
        "runtime" : 10001,
        "total_ios" : 766282,
        "short_ios" : 0,
        "drop_ios" : 0,
        "slat_ns" : {
          "min" : 1207,
          "max" : 285184,
          "mean" : 4754.697816,
          "stddev" : 3176.547121,
          "N" : 766282
        },
        "clat_ns" : {
          "min" : 13004,
          "max" : 4340357,
          "mean" : 411671.819274,
          "stddev" : 298486.302015,
          "N" : 766282,
          "percentile" : {
            "1.000000" : 32128,
            "5.000000" : 57600,
            "10.000000" : 99840,
            "20.000000" : 175104,
            "30.000000" : 234496,
            "40.000000" : 288768,
            "50.000000" : 346112,
            "60.000000" : 411648,
            "70.000000" : 493568,
            "80.000000" : 602112,
            "90.000000" : 806912,
            "95.000000" : 987136,
            "99.000000" : 1368064,
            "99.500000" : 1564672,
            "99.900000" : 2310144,
            "99.950000" : 2637824,
            "99.990000" : 3194880
          }
        },
        "lat_ns" : {
          "min" : 22211,
          "max" : 4345984,
          "mean" : 416563.030358,
          "stddev" : 297914.309755,
          "N" : 766282
        },
        "bw_min" : 297112,
        "bw_max" : 314656,
        "bw_agg" : 100.000000,
        "bw_mean" : 307093.894737,
        "bw_dev" : 5049.354875,
        "bw_samples" : 19,
        "iops_min" : 74278,
        "iops_max" : 78664,
        "iops_mean" : 76773.368421,
        "iops_stddev" : 1262.281894,
        "iops_samples" : 19
      },
      "trim" : {
        "io_bytes" : 0,
        "io_kbytes" : 0,
        "bw_bytes" : 0,
        "bw" : 0,
        "iops" : 0.000000,
        "runtime" : 0,
        "total_ios" : 0,
        "short_ios" : 0,
        "drop_ios" : 0,
        "slat_ns" : {
          "min" : 0,
          "max" : 0,
          "mean" : 0.000000,
          "stddev" : 0.000000,
          "N" : 0
        },
        "clat_ns" : {
          "min" : 0,
          "max" : 0,
          "mean" : 0.000000,
          "stddev" : 0.000000,
          "N" : 0
        },
        "lat_ns" : {
          "min" : 0,
          "max" : 0,
          "mean" : 0.000000,
          "stddev" : 0.000000,
          "N" : 0
        },
        "bw_min" : 0,
        "bw_max" : 0,
        "bw_agg" : 0.000000,
        "bw_mean" : 0.000000,
        "bw_dev" : 0.000000,
        "bw_samples" : 0,
        "iops_min" : 0,
        "iops_max" : 0,
        "iops_mean" : 0.000000,
        "iops_stddev" : 0.000000,
        "iops_samples" : 0
      },
      "sync" : {
        "total_ios" : 0,
        "lat_ns" : {
          "min" : 0,
          "max" : 0,
          "mean" : 0.000000,
          "stddev" : 0.000000,
          "N" : 0
        }
      },
      "job_runtime" : 10000,
      "usr_cpu" : 10.620000,
      "sys_cpu" : 24.960000,
      "ctx" : 825623,
      "majf" : 0,
      "minf" : 882,
      "iodepth_level" : {
        "1" : 0.100000,
        "2" : 0.100000,
        "4" : 0.100000,
        "8" : 0.100000,
        "16" : 0.100000,
        "32" : 99.995954,
        ">=64" : 0.000000
      },
      "iodepth_submit" : {
        "0" : 0.000000,
        "4" : 100.000000,
        "8" : 0.000000,
        "16" : 0.000000,
        "32" : 0.000000,
        "64" : 0.000000,
        ">=64" : 0.000000
      },
      "iodepth_complete" : {
        "0" : 0.000000,
        "4" : 99.999869,
        "8" : 0.000000,
        "16" : 0.000000,
        "32" : 0.100000,
        "64" : 0.000000,
        ">=64" : 0.000000
      },
      "latency_ns" : {
        "2" : 0.000000,
        "4" : 0.000000,
        "10" : 0.000000,
        "20" : 0.000000,
        "50" : 0.000000,
        "100" : 0.000000,
        "250" : 0.000000,
        "500" : 0.000000,
        "750" : 0.000000,
        "1000" : 0.000000
      },
      "latency_us" : {
        "2" : 0.000000,
        "4" : 0.000000,
        "10" : 0.000000,
        "20" : 0.017879,
        "50" : 3.923099,
        "100" : 6.094362,
        "250" : 22.719182,
        "500" : 37.949084,
        "750" : 17.246001,
        "1000" : 7.324849
      },
      "latency_ms" : {
        "2" : 4.544802,
        "4" : 0.180221,
        "10" : 0.010000,
        "20" : 0.000000,
        "50" : 0.000000,
        "100" : 0.000000,
        "250" : 0.000000,
        "500" : 0.000000,
        "750" : 0.000000,
        "1000" : 0.000000,
        "2000" : 0.000000,
        ">=2000" : 0.000000
      },
      "latency_depth" : 32,
      "latency_target" : 0,
      "latency_percentile" : 100.000000,
      "latency_window" : 0
    }
  ],
  "disk_util" : [
    {
      "name" : "nvme2n2",
      "read_ios" : 0,
      "write_ios" : 476466,
      "read_merges" : 0,
      "write_merges" : 281021,
      "read_ticks" : 0,
      "write_ticks" : 153881,
      "in_queue" : 153881,
      "util" : 99.167920
    }
  ]
}
