{
  "fio version" : "fio-3.28-93-ga87e-dirty",
  "timestamp" : 1645885714,
  "timestamp_ms" : 1645885714730,
  "time" : "Sat Feb 26 15:28:34 2022",
  "jobs" : [
    {
      "jobname" : "nvme2n2_overwrite-seq_4Ki_queue-depth-512",
      "groupid" : 0,
      "error" : 0,
      "eta" : 0,
      "elapsed" : 11,
      "job options" : {
        "name" : "nvme2n2_overwrite-seq_4Ki_queue-depth-512",
        "filename" : "/dev/nvme2n2",
        "direct" : "1",
        "size" : "107374182400",
        "ioengine" : "libaio",
        "zonemode" : "zbd",
        "iodepth" : "512",
        "rw" : "write",
        "bs" : "4Ki",
        "runtime" : "10s"
      },
      "read" : {
        "io_bytes" : 0,
        "io_kbytes" : 0,
        "bw_bytes" : 0,
        "bw" : 0,
        "iops" : 0.000000,
        "runtime" : 0,
        "total_ios" : 0,
        "short_ios" : 0,
        "drop_ios" : 0,
        "slat_ns" : {
          "min" : 0,
          "max" : 0,
          "mean" : 0.000000,
          "stddev" : 0.000000,
          "N" : 0
        },
        "clat_ns" : {
          "min" : 0,
          "max" : 0,
          "mean" : 0.000000,
          "stddev" : 0.000000,
          "N" : 0
        },
        "lat_ns" : {
          "min" : 0,
          "max" : 0,
          "mean" : 0.000000,
          "stddev" : 0.000000,
          "N" : 0
        },
        "bw_min" : 0,
        "bw_max" : 0,
        "bw_agg" : 0.000000,
        "bw_mean" : 0.000000,
        "bw_dev" : 0.000000,
        "bw_samples" : 0,
        "iops_min" : 0,
        "iops_max" : 0,
        "iops_mean" : 0.000000,
        "iops_stddev" : 0.000000,
        "iops_samples" : 0
      },
      "write" : {
        "io_bytes" : 10171719680,
        "io_kbytes" : 9933320,
        "bw_bytes" : 1017070260,
        "bw" : 993232,
        "iops" : 248308.169183,
        "runtime" : 10001,
        "total_ios" : 2483330,
        "short_ios" : 0,
        "drop_ios" : 0,
        "slat_ns" : {
          "min" : 1122,
          "max" : 161121,
          "mean" : 1739.747690,
          "stddev" : 2894.603908,
          "N" : 2483330
        },
        "clat_ns" : {
          "min" : 76983,
          "max" : 9009444,
          "mean" : 2034175.157478,
          "stddev" : 662226.962425,
          "N" : 2483330,
          "percentile" : {
            "1.000000" : 1187840,
            "5.000000" : 1236992,
            "10.000000" : 1253376,
            "20.000000" : 1368064,
            "30.000000" : 1712128,
            "40.000000" : 1925120,
            "50.000000" : 2056192,
            "60.000000" : 2146304,
            "70.000000" : 2244608,
            "80.000000" : 2375680,
            "90.000000" : 2637824,
            "95.000000" : 2998272,
            "99.000000" : 4685824,
            "99.500000" : 5144576,
            "99.900000" : 6520832,
            "99.950000" : 6848512,
            "99.990000" : 7700480
          }
        },
        "lat_ns" : {
          "min" : 78379,
          "max" : 9013460,
          "mean" : 2036014.446802,
          "stddev" : 662404.756473,
          "N" : 2483330
        },
        "bw_min" : 914776,
        "bw_max" : 1080048,
        "bw_agg" : 100.000000,
        "bw_mean" : 995964.631579,
        "bw_dev" : 53459.103193,
        "bw_samples" : 19,
        "iops_min" : 228694,
        "iops_max" : 270012,
        "iops_mean" : 248991.473684,
        "iops_stddev" : 13364.978428,
        "iops_samples" : 19
      },
      "trim" : {
        "io_bytes" : 0,
        "io_kbytes" : 0,
        "bw_bytes" : 0,
        "bw" : 0,
        "iops" : 0.000000,
        "runtime" : 0,
        "total_ios" : 0,
        "short_ios" : 0,
        "drop_ios" : 0,
        "slat_ns" : {
          "min" : 0,
          "max" : 0,
          "mean" : 0.000000,
          "stddev" : 0.000000,
          "N" : 0
        },
        "clat_ns" : {
          "min" : 0,
          "max" : 0,
          "mean" : 0.000000,
          "stddev" : 0.000000,
          "N" : 0
        },
        "lat_ns" : {
          "min" : 0,
          "max" : 0,
          "mean" : 0.000000,
          "stddev" : 0.000000,
          "N" : 0
        },
        "bw_min" : 0,
        "bw_max" : 0,
        "bw_agg" : 0.000000,
        "bw_mean" : 0.000000,
        "bw_dev" : 0.000000,
        "bw_samples" : 0,
        "iops_min" : 0,
        "iops_max" : 0,
        "iops_mean" : 0.000000,
        "iops_stddev" : 0.000000,
        "iops_samples" : 0
      },
      "sync" : {
        "total_ios" : 0,
        "lat_ns" : {
          "min" : 0,
          "max" : 0,
          "mean" : 0.000000,
          "stddev" : 0.000000,
          "N" : 0
        }
      },
      "job_runtime" : 10000,
      "usr_cpu" : 23.810000,
      "sys_cpu" : 40.590000,
      "ctx" : 58070,
      "majf" : 0,
      "minf" : 608,
      "iodepth_level" : {
        "1" : 0.100000,
        "2" : 0.100000,
        "4" : 0.100000,
        "8" : 0.100000,
        "16" : 0.100000,
        "32" : 0.100000,
        ">=64" : 99.974631
      },
      "iodepth_submit" : {
        "0" : 0.000000,
        "4" : 100.000000,
        "8" : 0.000000,
        "16" : 0.000000,
        "32" : 0.000000,
        "64" : 0.000000,
        ">=64" : 0.000000
      },
      "iodepth_complete" : {
        "0" : 0.000000,
        "4" : 99.999960,
        "8" : 0.000000,
        "16" : 0.000000,
        "32" : 0.000000,
        "64" : 0.000000,
        ">=64" : 0.100000
      },
      "latency_ns" : {
        "2" : 0.000000,
        "4" : 0.000000,
        "10" : 0.000000,
        "20" : 0.000000,
        "50" : 0.000000,
        "100" : 0.000000,
        "250" : 0.000000,
        "500" : 0.000000,
        "750" : 0.000000,
        "1000" : 0.000000
      },
      "latency_us" : {
        "2" : 0.000000,
        "4" : 0.000000,
        "10" : 0.000000,
        "20" : 0.000000,
        "50" : 0.000000,
        "100" : 0.010000,
        "250" : 0.010000,
        "500" : 0.010000,
        "750" : 0.010000,
        "1000" : 0.017879
      },
      "latency_ms" : {
        "2" : 45.315323,
        "4" : 52.804903,
        "10" : 1.852029,
        "20" : 0.000000,
        "50" : 0.000000,
        "100" : 0.000000,
        "250" : 0.000000,
        "500" : 0.000000,
        "750" : 0.000000,
        "1000" : 0.000000,
        "2000" : 0.000000,
        ">=2000" : 0.000000
      },
      "latency_depth" : 512,
      "latency_target" : 0,
      "latency_percentile" : 100.000000,
      "latency_window" : 0
    }
  ],
  "disk_util" : [
    {
      "name" : "nvme2n2",
      "read_ios" : 24,
      "write_ios" : 29034,
      "read_merges" : 0,
      "write_merges" : 2427461,
      "read_ticks" : 2,
      "write_ticks" : 38106,
      "in_queue" : 38108,
      "util" : 99.117883
    }
  ]
}
