{
  "fio version" : "fio-3.28-261-gc3773-dirty",
  "timestamp" : 1645913838,
  "timestamp_ms" : 1645913838206,
  "time" : "Sat Feb 26 23:17:18 2022",
  "jobs" : [
    {
      "jobname" : "nvme2n2_randwrite_4K_queue-depth-64",
      "groupid" : 0,
      "error" : 0,
      "eta" : 0,
      "elapsed" : 6,
      "job options" : {
        "name" : "nvme2n2_randwrite_4K_queue-depth-64",
        "filename" : "/dev/nvme2n2",
        "direct" : "1",
        "size" : "107374182400",
        "ioengine" : "libaio",
        "zonemode" : "zbd",
        "iodepth" : "64",
        "rw" : "randwrite",
        "bs" : "4K",
        "max_open_zones" : "14",
        "runtime" : "5s"
      },
      "read" : {
        "io_bytes" : 0,
        "io_kbytes" : 0,
        "bw_bytes" : 0,
        "bw" : 0,
        "iops" : 0.000000,
        "runtime" : 0,
        "total_ios" : 0,
        "short_ios" : 0,
        "drop_ios" : 0,
        "slat_ns" : {
          "min" : 0,
          "max" : 0,
          "mean" : 0.000000,
          "stddev" : 0.000000,
          "N" : 0
        },
        "clat_ns" : {
          "min" : 0,
          "max" : 0,
          "mean" : 0.000000,
          "stddev" : 0.000000,
          "N" : 0
        },
        "lat_ns" : {
          "min" : 0,
          "max" : 0,
          "mean" : 0.000000,
          "stddev" : 0.000000,
          "N" : 0
        },
        "bw_min" : 0,
        "bw_max" : 0,
        "bw_agg" : 0.000000,
        "bw_mean" : 0.000000,
        "bw_dev" : 0.000000,
        "bw_samples" : 0,
        "iops_min" : 0,
        "iops_max" : 0,
        "iops_mean" : 0.000000,
        "iops_stddev" : 0.000000,
        "iops_samples" : 0
      },
      "write" : {
        "io_bytes" : 2012426240,
        "io_kbytes" : 1965260,
        "bw_bytes" : 402404767,
        "bw" : 392973,
        "iops" : 98243.351330,
        "runtime" : 5001,
        "total_ios" : 491315,
        "short_ios" : 0,
        "drop_ios" : 0,
        "slat_ns" : {
          "min" : 1194,
          "max" : 480014,
          "mean" : 4244.289244,
          "stddev" : 3609.335064,
          "N" : 491315
        },
        "clat_ns" : {
          "min" : 15942,
          "max" : 11621175,
          "mean" : 645968.449939,
          "stddev" : 514761.766311,
          "N" : 491315,
          "percentile" : {
            "1.000000" : 37120,
            "5.000000" : 80384,
            "10.000000" : 130560,
            "20.000000" : 209920,
            "30.000000" : 288768,
            "40.000000" : 374784,
            "50.000000" : 501760,
            "60.000000" : 675840,
            "70.000000" : 864256,
            "80.000000" : 1073152,
            "90.000000" : 1302528,
            "95.000000" : 1548288,
            "99.000000" : 2179072,
            "99.500000" : 2506752,
            "99.900000" : 3522560,
            "99.950000" : 4079616,
            "99.990000" : 10289152
          }
        },
        "lat_ns" : {
          "min" : 22015,
          "max" : 11626298,
          "mean" : 650350.405884,
          "stddev" : 514259.367693,
          "N" : 491315
        },
        "bw_min" : 379056,
        "bw_max" : 417320,
        "bw_agg" : 100.000000,
        "bw_mean" : 393881.777778,
        "bw_dev" : 16224.442685,
        "bw_samples" : 9,
        "iops_min" : 94764,
        "iops_max" : 104330,
        "iops_mean" : 98470.444444,
        "iops_stddev" : 4056.110671,
        "iops_samples" : 9
      },
      "trim" : {
        "io_bytes" : 0,
        "io_kbytes" : 0,
        "bw_bytes" : 0,
        "bw" : 0,
        "iops" : 0.000000,
        "runtime" : 0,
        "total_ios" : 0,
        "short_ios" : 0,
        "drop_ios" : 0,
        "slat_ns" : {
          "min" : 0,
          "max" : 0,
          "mean" : 0.000000,
          "stddev" : 0.000000,
          "N" : 0
        },
        "clat_ns" : {
          "min" : 0,
          "max" : 0,
          "mean" : 0.000000,
          "stddev" : 0.000000,
          "N" : 0
        },
        "lat_ns" : {
          "min" : 0,
          "max" : 0,
          "mean" : 0.000000,
          "stddev" : 0.000000,
          "N" : 0
        },
        "bw_min" : 0,
        "bw_max" : 0,
        "bw_agg" : 0.000000,
        "bw_mean" : 0.000000,
        "bw_dev" : 0.000000,
        "bw_samples" : 0,
        "iops_min" : 0,
        "iops_max" : 0,
        "iops_mean" : 0.000000,
        "iops_stddev" : 0.000000,
        "iops_samples" : 0
      },
      "sync" : {
        "total_ios" : 0,
        "lat_ns" : {
          "min" : 0,
          "max" : 0,
          "mean" : 0.000000,
          "stddev" : 0.000000,
          "N" : 0
        }
      },
      "job_runtime" : 5000,
      "usr_cpu" : 12.220000,
      "sys_cpu" : 29.020000,
      "ctx" : 386877,
      "majf" : 0,
      "minf" : 912,
      "iodepth_level" : {
        "1" : 0.100000,
        "2" : 0.100000,
        "4" : 0.100000,
        "8" : 0.100000,
        "16" : 0.100000,
        "32" : 0.100000,
        ">=64" : 99.987177
      },
      "iodepth_submit" : {
        "0" : 0.000000,
        "4" : 100.000000,
        "8" : 0.000000,
        "16" : 0.000000,
        "32" : 0.000000,
        "64" : 0.000000,
        ">=64" : 0.000000
      },
      "iodepth_complete" : {
        "0" : 0.000000,
        "4" : 99.999796,
        "8" : 0.000000,
        "16" : 0.000000,
        "32" : 0.000000,
        "64" : 0.100000,
        ">=64" : 0.000000
      },
      "latency_ns" : {
        "2" : 0.000000,
        "4" : 0.000000,
        "10" : 0.000000,
        "20" : 0.000000,
        "50" : 0.000000,
        "100" : 0.000000,
        "250" : 0.000000,
        "500" : 0.000000,
        "750" : 0.000000,
        "1000" : 0.000000
      },
      "latency_us" : {
        "2" : 0.000000,
        "4" : 0.000000,
        "10" : 0.000000,
        "20" : 0.010000,
        "50" : 2.263110,
        "100" : 4.626360,
        "250" : 18.346071,
        "500" : 24.656076,
        "750" : 13.934848,
        "1000" : 12.796068
      },
      "latency_ms" : {
        "2" : 21.864995,
        "4" : 1.449376,
        "10" : 0.044167,
        "20" : 0.010380,
        "50" : 0.000000,
        "100" : 0.000000,
        "250" : 0.000000,
        "500" : 0.000000,
        "750" : 0.000000,
        "1000" : 0.000000,
        "2000" : 0.000000,
        ">=2000" : 0.000000
      },
      "latency_depth" : 64,
      "latency_target" : 0,
      "latency_percentile" : 100.000000,
      "latency_window" : 0
    }
  ],
  "disk_util" : [
    {
      "name" : "nvme2n2",
      "read_ios" : 0,
      "write_ios" : 226366,
      "read_merges" : 0,
      "write_merges" : 253103,
      "read_ticks" : 0,
      "write_ticks" : 89920,
      "in_queue" : 89920,
      "util" : 98.052600
    }
  ]
}
