{
  "fio version" : "fio-3.28-93-ga87e-dirty",
  "timestamp" : 1645885746,
  "timestamp_ms" : 1645885746603,
  "time" : "Sat Feb 26 15:29:06 2022",
  "jobs" : [
    {
      "jobname" : "nvme2n2_write_4Ki_queue-depth-1024",
      "groupid" : 0,
      "error" : 0,
      "eta" : 0,
      "elapsed" : 11,
      "job options" : {
        "name" : "nvme2n2_write_4Ki_queue-depth-1024",
        "filename" : "/dev/nvme2n2",
        "direct" : "1",
        "size" : "107374182400",
        "ioengine" : "libaio",
        "zonemode" : "zbd",
        "iodepth" : "1024",
        "rw" : "write",
        "bs" : "4Ki",
        "runtime" : "10s"
      },
      "read" : {
        "io_bytes" : 0,
        "io_kbytes" : 0,
        "bw_bytes" : 0,
        "bw" : 0,
        "iops" : 0.000000,
        "runtime" : 0,
        "total_ios" : 0,
        "short_ios" : 0,
        "drop_ios" : 0,
        "slat_ns" : {
          "min" : 0,
          "max" : 0,
          "mean" : 0.000000,
          "stddev" : 0.000000,
          "N" : 0
        },
        "clat_ns" : {
          "min" : 0,
          "max" : 0,
          "mean" : 0.000000,
          "stddev" : 0.000000,
          "N" : 0
        },
        "lat_ns" : {
          "min" : 0,
          "max" : 0,
          "mean" : 0.000000,
          "stddev" : 0.000000,
          "N" : 0
        },
        "bw_min" : 0,
        "bw_max" : 0,
        "bw_agg" : 0.000000,
        "bw_mean" : 0.000000,
        "bw_dev" : 0.000000,
        "bw_samples" : 0,
        "iops_min" : 0,
        "iops_max" : 0,
        "iops_mean" : 0.000000,
        "iops_stddev" : 0.000000,
        "iops_samples" : 0
      },
      "write" : {
        "io_bytes" : 10515697664,
        "io_kbytes" : 10269236,
        "bw_bytes" : 1051044244,
        "bw" : 1026410,
        "iops" : 256602.598701,
        "runtime" : 10005,
        "total_ios" : 2567309,
        "short_ios" : 0,
        "drop_ios" : 0,
        "slat_ns" : {
          "min" : 1116,
          "max" : 159116,
          "mean" : 1802.240307,
          "stddev" : 3076.022139,
          "N" : 2567309
        },
        "clat_ns" : {
          "min" : 56672,
          "max" : 12864062,
          "mean" : 3986489.044322,
          "stddev" : 812497.001199,
          "N" : 2567309,
          "percentile" : {
            "1.000000" : 2539520,
            "5.000000" : 2965504,
            "10.000000" : 3227648,
            "20.000000" : 3391488,
            "30.000000" : 3522560,
            "40.000000" : 3686400,
            "50.000000" : 3883008,
            "60.000000" : 4079616,
            "70.000000" : 4292608,
            "80.000000" : 4489216,
            "90.000000" : 4816896,
            "95.000000" : 5341184,
            "99.000000" : 6848512,
            "99.500000" : 7372800,
            "99.900000" : 9371648,
            "99.950000" : 10027008,
            "99.990000" : 12255232
          }
        },
        "lat_ns" : {
          "min" : 63496,
          "max" : 12868066,
          "mean" : 3988384.229593,
          "stddev" : 812566.617363,
          "N" : 2567309
        },
        "bw_min" : 973904,
        "bw_max" : 1066920,
        "bw_agg" : 100.000000,
        "bw_mean" : 1026591.578947,
        "bw_dev" : 28390.461055,
        "bw_samples" : 19,
        "iops_min" : 243476,
        "iops_max" : 266728,
        "iops_mean" : 256647.684211,
        "iops_stddev" : 7097.264145,
        "iops_samples" : 19
      },
      "trim" : {
        "io_bytes" : 0,
        "io_kbytes" : 0,
        "bw_bytes" : 0,
        "bw" : 0,
        "iops" : 0.000000,
        "runtime" : 0,
        "total_ios" : 0,
        "short_ios" : 0,
        "drop_ios" : 0,
        "slat_ns" : {
          "min" : 0,
          "max" : 0,
          "mean" : 0.000000,
          "stddev" : 0.000000,
          "N" : 0
        },
        "clat_ns" : {
          "min" : 0,
          "max" : 0,
          "mean" : 0.000000,
          "stddev" : 0.000000,
          "N" : 0
        },
        "lat_ns" : {
          "min" : 0,
          "max" : 0,
          "mean" : 0.000000,
          "stddev" : 0.000000,
          "N" : 0
        },
        "bw_min" : 0,
        "bw_max" : 0,
        "bw_agg" : 0.000000,
        "bw_mean" : 0.000000,
        "bw_dev" : 0.000000,
        "bw_samples" : 0,
        "iops_min" : 0,
        "iops_max" : 0,
        "iops_mean" : 0.000000,
        "iops_stddev" : 0.000000,
        "iops_samples" : 0
      },
      "sync" : {
        "total_ios" : 0,
        "lat_ns" : {
          "min" : 0,
          "max" : 0,
          "mean" : 0.000000,
          "stddev" : 0.000000,
          "N" : 0
        }
      },
      "job_runtime" : 10004,
      "usr_cpu" : 24.530188,
      "sys_cpu" : 44.662135,
      "ctx" : 50129,
      "majf" : 0,
      "minf" : 1182,
      "iodepth_level" : {
        "1" : 0.100000,
        "2" : 0.100000,
        "4" : 0.100000,
        "8" : 0.100000,
        "16" : 0.100000,
        "32" : 0.100000,
        ">=64" : 99.997546
      },
      "iodepth_submit" : {
        "0" : 0.000000,
        "4" : 100.000000,
        "8" : 0.000000,
        "16" : 0.000000,
        "32" : 0.000000,
        "64" : 0.000000,
        ">=64" : 0.000000
      },
      "iodepth_complete" : {
        "0" : 0.000000,
        "4" : 99.999961,
        "8" : 0.000000,
        "16" : 0.000000,
        "32" : 0.000000,
        "64" : 0.000000,
        ">=64" : 0.100000
      },
      "latency_ns" : {
        "2" : 0.000000,
        "4" : 0.000000,
        "10" : 0.000000,
        "20" : 0.000000,
        "50" : 0.000000,
        "100" : 0.000000,
        "250" : 0.000000,
        "500" : 0.000000,
        "750" : 0.000000,
        "1000" : 0.000000
      },
      "latency_us" : {
        "2" : 0.000000,
        "4" : 0.000000,
        "10" : 0.000000,
        "20" : 0.000000,
        "50" : 0.000000,
        "100" : 0.010000,
        "250" : 0.010000,
        "500" : 0.010000,
        "750" : 0.010000,
        "1000" : 0.013633
      },
      "latency_ms" : {
        "2" : 0.103688,
        "4" : 55.412808,
        "10" : 44.411444,
        "20" : 0.049663,
        "50" : 0.000000,
        "100" : 0.000000,
        "250" : 0.000000,
        "500" : 0.000000,
        "750" : 0.000000,
        "1000" : 0.000000,
        "2000" : 0.000000,
        ">=2000" : 0.000000
      },
      "latency_depth" : 1024,
      "latency_target" : 0,
      "latency_percentile" : 100.000000,
      "latency_window" : 0
    }
  ],
  "disk_util" : [
    {
      "name" : "nvme2n2",
      "read_ios" : 0,
      "write_ios" : 25082,
      "read_merges" : 0,
      "write_merges" : 2509435,
      "read_ticks" : 0,
      "write_ticks" : 74555,
      "in_queue" : 74555,
      "util" : 99.087719
    }
  ]
}
