{
  "fio version" : "fio-3.28-261-gc3773-dirty",
  "timestamp" : 1645922601,
  "timestamp_ms" : 1645922601108,
  "time" : "Sun Feb 27 01:43:21 2022",
  "jobs" : [
    {
      "jobname" : "nvme2n2_randwrite_4K_queue-depth-8",
      "groupid" : 0,
      "error" : 0,
      "eta" : 0,
      "elapsed" : 488,
      "job options" : {
        "name" : "nvme2n2_randwrite_4K_queue-depth-8",
        "filename" : "/dev/nvme2n2",
        "direct" : "1",
        "size" : "107374182400",
        "ioengine" : "libaio",
        "zonemode" : "zbd",
        "iodepth" : "8",
        "rw" : "randwrite",
        "bs" : "4K",
        "max_open_zones" : "14",
        "runtime" : "10m"
      },
      "read" : {
        "io_bytes" : 0,
        "io_kbytes" : 0,
        "bw_bytes" : 0,
        "bw" : 0,
        "iops" : 0.000000,
        "runtime" : 0,
        "total_ios" : 0,
        "short_ios" : 0,
        "drop_ios" : 0,
        "slat_ns" : {
          "min" : 0,
          "max" : 0,
          "mean" : 0.000000,
          "stddev" : 0.000000,
          "N" : 0
        },
        "clat_ns" : {
          "min" : 0,
          "max" : 0,
          "mean" : 0.000000,
          "stddev" : 0.000000,
          "N" : 0
        },
        "lat_ns" : {
          "min" : 0,
          "max" : 0,
          "mean" : 0.000000,
          "stddev" : 0.000000,
          "N" : 0
        },
        "bw_min" : 0,
        "bw_max" : 0,
        "bw_agg" : 0.000000,
        "bw_mean" : 0.000000,
        "bw_dev" : 0.000000,
        "bw_samples" : 0,
        "iops_min" : 0,
        "iops_max" : 0,
        "iops_mean" : 0.000000,
        "iops_stddev" : 0.000000,
        "iops_samples" : 0
      },
      "write" : {
        "io_bytes" : 107374182400,
        "io_kbytes" : 104857600,
        "bw_bytes" : 220203691,
        "bw" : 215042,
        "iops" : 53760.666758,
        "runtime" : 487613,
        "total_ios" : 26214400,
        "short_ios" : 0,
        "drop_ios" : 0,
        "slat_ns" : {
          "min" : 1188,
          "max" : 410958,
          "mean" : 5653.089392,
          "stddev" : 1973.678401,
          "N" : 26214400
        },
        "clat_ns" : {
          "min" : 5359,
          "max" : 61089234,
          "mean" : 141829.027944,
          "stddev" : 100174.844998,
          "N" : 26214400,
          "percentile" : {
            "1.000000" : 28288,
            "5.000000" : 39168,
            "10.000000" : 48896,
            "20.000000" : 68096,
            "30.000000" : 87552,
            "40.000000" : 108032,
            "50.000000" : 127488,
            "60.000000" : 148480,
            "70.000000" : 173056,
            "80.000000" : 201728,
            "90.000000" : 244736,
            "95.000000" : 288768,
            "99.000000" : 395264,
            "99.500000" : 473088,
            "99.900000" : 946176,
            "99.950000" : 1335296,
            "99.990000" : 2211840
          }
        },
        "lat_ns" : {
          "min" : 18777,
          "max" : 61099939,
          "mean" : 147647.172564,
          "stddev" : 99876.308823,
          "N" : 26214400
        },
        "bw_min" : 157883,
        "bw_max" : 220328,
        "bw_agg" : 100.000000,
        "bw_mean" : 215172.767967,
        "bw_dev" : 4396.413518,
        "bw_samples" : 974,
        "iops_min" : 39470,
        "iops_max" : 55082,
        "iops_mean" : 53793.142710,
        "iops_stddev" : 1099.118206,
        "iops_samples" : 974
      },
      "trim" : {
        "io_bytes" : 0,
        "io_kbytes" : 0,
        "bw_bytes" : 0,
        "bw" : 0,
        "iops" : 0.000000,
        "runtime" : 0,
        "total_ios" : 0,
        "short_ios" : 0,
        "drop_ios" : 0,
        "slat_ns" : {
          "min" : 0,
          "max" : 0,
          "mean" : 0.000000,
          "stddev" : 0.000000,
          "N" : 0
        },
        "clat_ns" : {
          "min" : 0,
          "max" : 0,
          "mean" : 0.000000,
          "stddev" : 0.000000,
          "N" : 0
        },
        "lat_ns" : {
          "min" : 0,
          "max" : 0,
          "mean" : 0.000000,
          "stddev" : 0.000000,
          "N" : 0
        },
        "bw_min" : 0,
        "bw_max" : 0,
        "bw_agg" : 0.000000,
        "bw_mean" : 0.000000,
        "bw_dev" : 0.000000,
        "bw_samples" : 0,
        "iops_min" : 0,
        "iops_max" : 0,
        "iops_mean" : 0.000000,
        "iops_stddev" : 0.000000,
        "iops_samples" : 0
      },
      "sync" : {
        "total_ios" : 0,
        "lat_ns" : {
          "min" : 0,
          "max" : 0,
          "mean" : 0.000000,
          "stddev" : 0.000000,
          "N" : 0
        }
      },
      "job_runtime" : 487612,
      "usr_cpu" : 8.076914,
      "sys_cpu" : 21.588476,
      "ctx" : 41825529,
      "majf" : 0,
      "minf" : 866,
      "iodepth_level" : {
        "1" : 0.100000,
        "2" : 0.100000,
        "4" : 0.100000,
        "8" : 99.998158,
        "16" : 0.000000,
        "32" : 0.000000,
        ">=64" : 0.000000
      },
      "iodepth_submit" : {
        "0" : 0.000000,
        "4" : 100.000000,
        "8" : 0.000000,
        "16" : 0.000000,
        "32" : 0.000000,
        "64" : 0.000000,
        ">=64" : 0.000000
      },
      "iodepth_complete" : {
        "0" : 0.000000,
        "4" : 99.999996,
        "8" : 0.100000,
        "16" : 0.000000,
        "32" : 0.000000,
        "64" : 0.000000,
        ">=64" : 0.000000
      },
      "latency_ns" : {
        "2" : 0.000000,
        "4" : 0.000000,
        "10" : 0.000000,
        "20" : 0.000000,
        "50" : 0.000000,
        "100" : 0.000000,
        "250" : 0.000000,
        "500" : 0.000000,
        "750" : 0.000000,
        "1000" : 0.000000
      },
      "latency_us" : {
        "2" : 0.000000,
        "4" : 0.000000,
        "10" : 0.010000,
        "20" : 0.057667,
        "50" : 10.583370,
        "100" : 25.596127,
        "250" : 54.458958,
        "500" : 8.876625,
        "750" : 0.264729,
        "1000" : 0.072948
      },
      "latency_ms" : {
        "2" : 0.073009,
        "4" : 0.016094,
        "10" : 0.010000,
        "20" : 0.010000,
        "50" : 0.000000,
        "100" : 0.010000,
        "250" : 0.000000,
        "500" : 0.000000,
        "750" : 0.000000,
        "1000" : 0.000000,
        "2000" : 0.000000,
        ">=2000" : 0.000000
      },
      "latency_depth" : 8,
      "latency_target" : 0,
      "latency_percentile" : 100.000000,
      "latency_window" : 0
    }
  ],
  "disk_util" : [
    {
      "name" : "nvme2n2",
      "read_ios" : 0,
      "write_ios" : 24350774,
      "read_merges" : 0,
      "write_merges" : 1847917,
      "read_ticks" : 0,
      "write_ticks" : 3309183,
      "in_queue" : 3309183,
      "util" : 100.000000
    }
  ]
}
