{
  "fio version" : "fio-3.28-261-gc3773-dirty",
  "timestamp" : 1645917588,
  "timestamp_ms" : 1645917588151,
  "time" : "Sun Feb 27 00:19:48 2022",
  "jobs" : [
    {
      "jobname" : "nvme2n2_overwrite-rand_4K_queue-depth-1",
      "groupid" : 0,
      "error" : 0,
      "eta" : 0,
      "elapsed" : 601,
      "job options" : {
        "name" : "nvme2n2_overwrite-rand_4K_queue-depth-1",
        "filename" : "/dev/nvme2n2",
        "direct" : "1",
        "size" : "107374182400",
        "ioengine" : "libaio",
        "zonemode" : "zbd",
        "iodepth" : "1",
        "rw" : "randwrite",
        "bs" : "4K",
        "max_open_zones" : "14",
        "runtime" : "10m"
      },
      "read" : {
        "io_bytes" : 0,
        "io_kbytes" : 0,
        "bw_bytes" : 0,
        "bw" : 0,
        "iops" : 0.000000,
        "runtime" : 0,
        "total_ios" : 0,
        "short_ios" : 0,
        "drop_ios" : 0,
        "slat_ns" : {
          "min" : 0,
          "max" : 0,
          "mean" : 0.000000,
          "stddev" : 0.000000,
          "N" : 0
        },
        "clat_ns" : {
          "min" : 0,
          "max" : 0,
          "mean" : 0.000000,
          "stddev" : 0.000000,
          "N" : 0
        },
        "lat_ns" : {
          "min" : 0,
          "max" : 0,
          "mean" : 0.000000,
          "stddev" : 0.000000,
          "N" : 0
        },
        "bw_min" : 0,
        "bw_max" : 0,
        "bw_agg" : 0.000000,
        "bw_mean" : 0.000000,
        "bw_dev" : 0.000000,
        "bw_samples" : 0,
        "iops_min" : 0,
        "iops_max" : 0,
        "iops_mean" : 0.000000,
        "iops_stddev" : 0.000000,
        "iops_samples" : 0
      },
      "write" : {
        "io_bytes" : 75489210368,
        "io_kbytes" : 73719932,
        "bw_bytes" : 125815140,
        "bw" : 122866,
        "iops" : 30716.587139,
        "runtime" : 600001,
        "total_ios" : 18429983,
        "short_ios" : 0,
        "drop_ios" : 0,
        "slat_ns" : {
          "min" : 4434,
          "max" : 632732,
          "mean" : 6299.165427,
          "stddev" : 814.232245,
          "N" : 18429983
        },
        "clat_ns" : {
          "min" : 551,
          "max" : 4487908,
          "mean" : 24952.506184,
          "stddev" : 32607.411239,
          "N" : 18429983,
          "percentile" : {
            "1.000000" : 16064,
            "5.000000" : 16512,
            "10.000000" : 17024,
            "20.000000" : 20096,
            "30.000000" : 20864,
            "40.000000" : 23168,
            "50.000000" : 23680,
            "60.000000" : 24192,
            "70.000000" : 24448,
            "80.000000" : 25472,
            "90.000000" : 28288,
            "95.000000" : 33024,
            "99.000000" : 46336,
            "99.500000" : 78336,
            "99.900000" : 444416,
            "99.950000" : 643072,
            "99.990000" : 1548288
          }
        },
        "lat_ns" : {
          "min" : 19459,
          "max" : 4494042,
          "mean" : 31386.713632,
          "stddev" : 32640.004551,
          "N" : 18429983
        },
        "bw_min" : 94960,
        "bw_max" : 137872,
        "bw_agg" : 100.000000,
        "bw_mean" : 122945.000000,
        "bw_dev" : 9843.968616,
        "bw_samples" : 1199,
        "iops_min" : 23740,
        "iops_max" : 34468,
        "iops_mean" : 30736.169308,
        "iops_stddev" : 2460.992519,
        "iops_samples" : 1199
      },
      "trim" : {
        "io_bytes" : 0,
        "io_kbytes" : 0,
        "bw_bytes" : 0,
        "bw" : 0,
        "iops" : 0.000000,
        "runtime" : 0,
        "total_ios" : 0,
        "short_ios" : 0,
        "drop_ios" : 0,
        "slat_ns" : {
          "min" : 0,
          "max" : 0,
          "mean" : 0.000000,
          "stddev" : 0.000000,
          "N" : 0
        },
        "clat_ns" : {
          "min" : 0,
          "max" : 0,
          "mean" : 0.000000,
          "stddev" : 0.000000,
          "N" : 0
        },
        "lat_ns" : {
          "min" : 0,
          "max" : 0,
          "mean" : 0.000000,
          "stddev" : 0.000000,
          "N" : 0
        },
        "bw_min" : 0,
        "bw_max" : 0,
        "bw_agg" : 0.000000,
        "bw_mean" : 0.000000,
        "bw_dev" : 0.000000,
        "bw_samples" : 0,
        "iops_min" : 0,
        "iops_max" : 0,
        "iops_mean" : 0.000000,
        "iops_stddev" : 0.000000,
        "iops_samples" : 0
      },
      "sync" : {
        "total_ios" : 0,
        "lat_ns" : {
          "min" : 0,
          "max" : 0,
          "mean" : 0.000000,
          "stddev" : 0.000000,
          "N" : 0
        }
      },
      "job_runtime" : 600000,
      "usr_cpu" : 7.839667,
      "sys_cpu" : 17.968167,
      "ctx" : 36864000,
      "majf" : 0,
      "minf" : 27,
      "iodepth_level" : {
        "1" : 100.000000,
        "2" : 0.000000,
        "4" : 0.000000,
        "8" : 0.000000,
        "16" : 0.000000,
        "32" : 0.000000,
        ">=64" : 0.000000
      },
      "iodepth_submit" : {
        "0" : 0.000000,
        "4" : 100.000000,
        "8" : 0.000000,
        "16" : 0.000000,
        "32" : 0.000000,
        "64" : 0.000000,
        ">=64" : 0.000000
      },
      "iodepth_complete" : {
        "0" : 0.000000,
        "4" : 100.000000,
        "8" : 0.000000,
        "16" : 0.000000,
        "32" : 0.000000,
        "64" : 0.000000,
        ">=64" : 0.000000
      },
      "latency_ns" : {
        "2" : 0.000000,
        "4" : 0.000000,
        "10" : 0.000000,
        "20" : 0.000000,
        "50" : 0.000000,
        "100" : 0.000000,
        "250" : 0.000000,
        "500" : 0.000000,
        "750" : 0.010000,
        "1000" : 0.010000
      },
      "latency_us" : {
        "2" : 0.010000,
        "4" : 0.010000,
        "10" : 0.010000,
        "20" : 18.950213,
        "50" : 80.238240,
        "100" : 0.386338,
        "250" : 0.211129,
        "500" : 0.124748,
        "750" : 0.044607,
        "1000" : 0.013473
      },
      "latency_ms" : {
        "2" : 0.020597,
        "4" : 0.010000,
        "10" : 0.010000,
        "20" : 0.000000,
        "50" : 0.000000,
        "100" : 0.000000,
        "250" : 0.000000,
        "500" : 0.000000,
        "750" : 0.000000,
        "1000" : 0.000000,
        "2000" : 0.000000,
        ">=2000" : 0.000000
      },
      "latency_depth" : 1,
      "latency_target" : 0,
      "latency_percentile" : 100.000000,
      "latency_window" : 0
    }
  ],
  "disk_util" : [
    {
      "name" : "nvme2n2",
      "read_ios" : 18,
      "write_ios" : 18426012,
      "read_merges" : 0,
      "write_merges" : 0,
      "read_ticks" : 2,
      "write_ticks" : 500284,
      "in_queue" : 500287,
      "util" : 100.000000
    }
  ]
}
