{
  "fio version" : "fio-3.28-261-gc3773-dirty",
  "timestamp" : 1645914019,
  "timestamp_ms" : 1645914019503,
  "time" : "Sat Feb 26 23:20:19 2022",
  "jobs" : [
    {
      "jobname" : "nvme2n2_write_4K_queue-depth-256",
      "groupid" : 0,
      "error" : 0,
      "eta" : 0,
      "elapsed" : 6,
      "job options" : {
        "name" : "nvme2n2_write_4K_queue-depth-256",
        "filename" : "/dev/nvme2n2",
        "direct" : "1",
        "size" : "107374182400",
        "ioengine" : "libaio",
        "zonemode" : "zbd",
        "iodepth" : "256",
        "rw" : "write",
        "bs" : "4K",
        "runtime" : "5s"
      },
      "read" : {
        "io_bytes" : 0,
        "io_kbytes" : 0,
        "bw_bytes" : 0,
        "bw" : 0,
        "iops" : 0.000000,
        "runtime" : 0,
        "total_ios" : 0,
        "short_ios" : 0,
        "drop_ios" : 0,
        "slat_ns" : {
          "min" : 0,
          "max" : 0,
          "mean" : 0.000000,
          "stddev" : 0.000000,
          "N" : 0
        },
        "clat_ns" : {
          "min" : 0,
          "max" : 0,
          "mean" : 0.000000,
          "stddev" : 0.000000,
          "N" : 0
        },
        "lat_ns" : {
          "min" : 0,
          "max" : 0,
          "mean" : 0.000000,
          "stddev" : 0.000000,
          "N" : 0
        },
        "bw_min" : 0,
        "bw_max" : 0,
        "bw_agg" : 0.000000,
        "bw_mean" : 0.000000,
        "bw_dev" : 0.000000,
        "bw_samples" : 0,
        "iops_min" : 0,
        "iops_max" : 0,
        "iops_mean" : 0.000000,
        "iops_stddev" : 0.000000,
        "iops_samples" : 0
      },
      "write" : {
        "io_bytes" : 4946886656,
        "io_kbytes" : 4830944,
        "bw_bytes" : 989179495,
        "bw" : 965995,
        "iops" : 241498.900220,
        "runtime" : 5001,
        "total_ios" : 1207736,
        "short_ios" : 0,
        "drop_ios" : 0,
        "slat_ns" : {
          "min" : 1100,
          "max" : 295623,
          "mean" : 1755.765001,
          "stddev" : 2605.512108,
          "N" : 1207736
        },
        "clat_ns" : {
          "min" : 64028,
          "max" : 5592295,
          "mean" : 1057385.573438,
          "stddev" : 615129.267712,
          "N" : 1207736,
          "percentile" : {
            "1.000000" : 561152,
            "5.000000" : 577536,
            "10.000000" : 585728,
            "20.000000" : 610304,
            "30.000000" : 634880,
            "40.000000" : 667648,
            "50.000000" : 757760,
            "60.000000" : 978944,
            "70.000000" : 1302528,
            "80.000000" : 1515520,
            "90.000000" : 1761280,
            "95.000000" : 2113536,
            "99.000000" : 3653632,
            "99.500000" : 4014080,
            "99.900000" : 4423680,
            "99.950000" : 4554752,
            "99.990000" : 4947968
          }
        },
        "lat_ns" : {
          "min" : 70309,
          "max" : 5594621,
          "mean" : 1059243.758408,
          "stddev" : 615274.988353,
          "N" : 1207736
        },
        "bw_min" : 895992,
        "bw_max" : 1058144,
        "bw_agg" : 99.342585,
        "bw_mean" : 959645.333333,
        "bw_dev" : 52829.454057,
        "bw_samples" : 9,
        "iops_min" : 223998,
        "iops_max" : 264536,
        "iops_mean" : 239911.333333,
        "iops_stddev" : 13207.658119,
        "iops_samples" : 9
      },
      "trim" : {
        "io_bytes" : 0,
        "io_kbytes" : 0,
        "bw_bytes" : 0,
        "bw" : 0,
        "iops" : 0.000000,
        "runtime" : 0,
        "total_ios" : 0,
        "short_ios" : 0,
        "drop_ios" : 0,
        "slat_ns" : {
          "min" : 0,
          "max" : 0,
          "mean" : 0.000000,
          "stddev" : 0.000000,
          "N" : 0
        },
        "clat_ns" : {
          "min" : 0,
          "max" : 0,
          "mean" : 0.000000,
          "stddev" : 0.000000,
          "N" : 0
        },
        "lat_ns" : {
          "min" : 0,
          "max" : 0,
          "mean" : 0.000000,
          "stddev" : 0.000000,
          "N" : 0
        },
        "bw_min" : 0,
        "bw_max" : 0,
        "bw_agg" : 0.000000,
        "bw_mean" : 0.000000,
        "bw_dev" : 0.000000,
        "bw_samples" : 0,
        "iops_min" : 0,
        "iops_max" : 0,
        "iops_mean" : 0.000000,
        "iops_stddev" : 0.000000,
        "iops_samples" : 0
      },
      "sync" : {
        "total_ios" : 0,
        "lat_ns" : {
          "min" : 0,
          "max" : 0,
          "mean" : 0.000000,
          "stddev" : 0.000000,
          "N" : 0
        }
      },
      "job_runtime" : 5000,
      "usr_cpu" : 20.020000,
      "sys_cpu" : 42.040000,
      "ctx" : 51134,
      "majf" : 0,
      "minf" : 317,
      "iodepth_level" : {
        "1" : 0.100000,
        "2" : 0.100000,
        "4" : 0.100000,
        "8" : 0.100000,
        "16" : 0.100000,
        "32" : 0.100000,
        ">=64" : 99.994784
      },
      "iodepth_submit" : {
        "0" : 0.000000,
        "4" : 100.000000,
        "8" : 0.000000,
        "16" : 0.000000,
        "32" : 0.000000,
        "64" : 0.000000,
        ">=64" : 0.000000
      },
      "iodepth_complete" : {
        "0" : 0.000000,
        "4" : 99.999917,
        "8" : 0.000000,
        "16" : 0.000000,
        "32" : 0.000000,
        "64" : 0.000000,
        ">=64" : 0.100000
      },
      "latency_ns" : {
        "2" : 0.000000,
        "4" : 0.000000,
        "10" : 0.000000,
        "20" : 0.000000,
        "50" : 0.000000,
        "100" : 0.000000,
        "250" : 0.000000,
        "500" : 0.000000,
        "750" : 0.000000,
        "1000" : 0.000000
      },
      "latency_us" : {
        "2" : 0.000000,
        "4" : 0.000000,
        "10" : 0.000000,
        "20" : 0.000000,
        "50" : 0.000000,
        "100" : 0.010000,
        "250" : 0.010000,
        "500" : 0.000000,
        "750" : 49.462134,
        "1000" : 11.265127
      },
      "latency_ms" : {
        "2" : 33.468324,
        "4" : 5.299503,
        "10" : 0.502593,
        "20" : 0.000000,
        "50" : 0.000000,
        "100" : 0.000000,
        "250" : 0.000000,
        "500" : 0.000000,
        "750" : 0.000000,
        "1000" : 0.000000,
        "2000" : 0.000000,
        ">=2000" : 0.000000
      },
      "latency_depth" : 256,
      "latency_target" : 0,
      "latency_percentile" : 100.000000,
      "latency_window" : 0
    }
  ],
  "disk_util" : [
    {
      "name" : "nvme2n2",
      "read_ios" : 5,
      "write_ios" : 24838,
      "read_merges" : 0,
      "write_merges" : 1151986,
      "read_ticks" : 0,
      "write_ticks" : 11413,
      "in_queue" : 11412,
      "util" : 98.132905
    }
  ]
}
