{
  "fio version" : "fio-3.28-93-ga87e-dirty",
  "timestamp" : 1645885275,
  "timestamp_ms" : 1645885275168,
  "time" : "Sat Feb 26 15:21:15 2022",
  "jobs" : [
    {
      "jobname" : "nvme2n2_write_4Ki_queue-depth-64",
      "groupid" : 0,
      "error" : 0,
      "eta" : 0,
      "elapsed" : 11,
      "job options" : {
        "name" : "nvme2n2_write_4Ki_queue-depth-64",
        "filename" : "/dev/nvme2n2",
        "direct" : "1",
        "size" : "107374182400",
        "ioengine" : "libaio",
        "zonemode" : "zbd",
        "iodepth" : "64",
        "rw" : "write",
        "bs" : "4Ki",
        "runtime" : "10s"
      },
      "read" : {
        "io_bytes" : 0,
        "io_kbytes" : 0,
        "bw_bytes" : 0,
        "bw" : 0,
        "iops" : 0.000000,
        "runtime" : 0,
        "total_ios" : 0,
        "short_ios" : 0,
        "drop_ios" : 0,
        "slat_ns" : {
          "min" : 0,
          "max" : 0,
          "mean" : 0.000000,
          "stddev" : 0.000000,
          "N" : 0
        },
        "clat_ns" : {
          "min" : 0,
          "max" : 0,
          "mean" : 0.000000,
          "stddev" : 0.000000,
          "N" : 0
        },
        "lat_ns" : {
          "min" : 0,
          "max" : 0,
          "mean" : 0.000000,
          "stddev" : 0.000000,
          "N" : 0
        },
        "bw_min" : 0,
        "bw_max" : 0,
        "bw_agg" : 0.000000,
        "bw_mean" : 0.000000,
        "bw_dev" : 0.000000,
        "bw_samples" : 0,
        "iops_min" : 0,
        "iops_max" : 0,
        "iops_mean" : 0.000000,
        "iops_stddev" : 0.000000,
        "iops_samples" : 0
      },
      "write" : {
        "io_bytes" : 9492340736,
        "io_kbytes" : 9269864,
        "bw_bytes" : 949139159,
        "bw" : 926893,
        "iops" : 231723.427657,
        "runtime" : 10001,
        "total_ios" : 2317466,
        "short_ios" : 0,
        "drop_ios" : 0,
        "slat_ns" : {
          "min" : 1116,
          "max" : 133471,
          "mean" : 1876.746888,
          "stddev" : 2367.060444,
          "N" : 2317466
        },
        "clat_ns" : {
          "min" : 105616,
          "max" : 12354817,
          "mean" : 273713.807309,
          "stddev" : 303882.178411,
          "N" : 2317466,
          "percentile" : {
            "1.000000" : 156672,
            "5.000000" : 158720,
            "10.000000" : 158720,
            "20.000000" : 160768,
            "30.000000" : 164864,
            "40.000000" : 173056,
            "50.000000" : 175104,
            "60.000000" : 181248,
            "70.000000" : 205824,
            "80.000000" : 305152,
            "90.000000" : 514048,
            "95.000000" : 757760,
            "99.000000" : 1187840,
            "99.500000" : 1990656,
            "99.900000" : 2867200,
            "99.950000" : 5210112,
            "99.990000" : 8290304
          }
        },
        "lat_ns" : {
          "min" : 107085,
          "max" : 12356293,
          "mean" : 275692.445440,
          "stddev" : 303942.690485,
          "N" : 2317466
        },
        "bw_min" : 719688,
        "bw_max" : 1068712,
        "bw_agg" : 100.000000,
        "bw_mean" : 931335.578947,
        "bw_dev" : 106270.329020,
        "bw_samples" : 19,
        "iops_min" : 179922,
        "iops_max" : 267180,
        "iops_mean" : 232834.000000,
        "iops_stddev" : 26567.742822,
        "iops_samples" : 19
      },
      "trim" : {
        "io_bytes" : 0,
        "io_kbytes" : 0,
        "bw_bytes" : 0,
        "bw" : 0,
        "iops" : 0.000000,
        "runtime" : 0,
        "total_ios" : 0,
        "short_ios" : 0,
        "drop_ios" : 0,
        "slat_ns" : {
          "min" : 0,
          "max" : 0,
          "mean" : 0.000000,
          "stddev" : 0.000000,
          "N" : 0
        },
        "clat_ns" : {
          "min" : 0,
          "max" : 0,
          "mean" : 0.000000,
          "stddev" : 0.000000,
          "N" : 0
        },
        "lat_ns" : {
          "min" : 0,
          "max" : 0,
          "mean" : 0.000000,
          "stddev" : 0.000000,
          "N" : 0
        },
        "bw_min" : 0,
        "bw_max" : 0,
        "bw_agg" : 0.000000,
        "bw_mean" : 0.000000,
        "bw_dev" : 0.000000,
        "bw_samples" : 0,
        "iops_min" : 0,
        "iops_max" : 0,
        "iops_mean" : 0.000000,
        "iops_stddev" : 0.000000,
        "iops_samples" : 0
      },
      "sync" : {
        "total_ios" : 0,
        "lat_ns" : {
          "min" : 0,
          "max" : 0,
          "mean" : 0.000000,
          "stddev" : 0.000000,
          "N" : 0
        }
      },
      "job_runtime" : 10000,
      "usr_cpu" : 20.670000,
      "sys_cpu" : 40.840000,
      "ctx" : 205036,
      "majf" : 0,
      "minf" : 108,
      "iodepth_level" : {
        "1" : 0.100000,
        "2" : 0.100000,
        "4" : 0.100000,
        "8" : 0.100000,
        "16" : 0.100000,
        "32" : 0.100000,
        ">=64" : 99.997282
      },
      "iodepth_submit" : {
        "0" : 0.000000,
        "4" : 100.000000,
        "8" : 0.000000,
        "16" : 0.000000,
        "32" : 0.000000,
        "64" : 0.000000,
        ">=64" : 0.000000
      },
      "iodepth_complete" : {
        "0" : 0.000000,
        "4" : 99.999957,
        "8" : 0.000000,
        "16" : 0.000000,
        "32" : 0.000000,
        "64" : 0.100000,
        ">=64" : 0.000000
      },
      "latency_ns" : {
        "2" : 0.000000,
        "4" : 0.000000,
        "10" : 0.000000,
        "20" : 0.000000,
        "50" : 0.000000,
        "100" : 0.000000,
        "250" : 0.000000,
        "500" : 0.000000,
        "750" : 0.000000,
        "1000" : 0.000000
      },
      "latency_us" : {
        "2" : 0.000000,
        "4" : 0.000000,
        "10" : 0.000000,
        "20" : 0.000000,
        "50" : 0.000000,
        "100" : 0.000000,
        "250" : 75.307642,
        "500" : 14.387007,
        "750" : 5.216560,
        "1000" : 3.174890
      },
      "latency_ms" : {
        "2" : 1.415080,
        "4" : 0.438367,
        "10" : 0.054931,
        "20" : 0.010000,
        "50" : 0.000000,
        "100" : 0.000000,
        "250" : 0.000000,
        "500" : 0.000000,
        "750" : 0.000000,
        "1000" : 0.000000,
        "2000" : 0.000000,
        ">=2000" : 0.000000
      },
      "latency_depth" : 64,
      "latency_target" : 0,
      "latency_percentile" : 100.000000,
      "latency_window" : 0
    }
  ],
  "disk_util" : [
    {
      "name" : "nvme2n2",
      "read_ios" : 14,
      "write_ios" : 101315,
      "read_merges" : 0,
      "write_merges" : 2191032,
      "read_ticks" : 0,
      "write_ticks" : 18770,
      "in_queue" : 18770,
      "util" : 99.148040
    }
  ]
}
