{
  "fio version" : "fio-3.28-261-gc3773-dirty",
  "timestamp" : 1645914178,
  "timestamp_ms" : 1645914178664,
  "time" : "Sat Feb 26 23:22:58 2022",
  "jobs" : [
    {
      "jobname" : "nvme2n2_overwrite-seq_4K_queue-depth-512",
      "groupid" : 0,
      "error" : 0,
      "eta" : 0,
      "elapsed" : 6,
      "job options" : {
        "name" : "nvme2n2_overwrite-seq_4K_queue-depth-512",
        "filename" : "/dev/nvme2n2",
        "direct" : "1",
        "size" : "107374182400",
        "ioengine" : "libaio",
        "zonemode" : "zbd",
        "iodepth" : "512",
        "rw" : "write",
        "bs" : "4K",
        "runtime" : "5s"
      },
      "read" : {
        "io_bytes" : 0,
        "io_kbytes" : 0,
        "bw_bytes" : 0,
        "bw" : 0,
        "iops" : 0.000000,
        "runtime" : 0,
        "total_ios" : 0,
        "short_ios" : 0,
        "drop_ios" : 0,
        "slat_ns" : {
          "min" : 0,
          "max" : 0,
          "mean" : 0.000000,
          "stddev" : 0.000000,
          "N" : 0
        },
        "clat_ns" : {
          "min" : 0,
          "max" : 0,
          "mean" : 0.000000,
          "stddev" : 0.000000,
          "N" : 0
        },
        "lat_ns" : {
          "min" : 0,
          "max" : 0,
          "mean" : 0.000000,
          "stddev" : 0.000000,
          "N" : 0
        },
        "bw_min" : 0,
        "bw_max" : 0,
        "bw_agg" : 0.000000,
        "bw_mean" : 0.000000,
        "bw_dev" : 0.000000,
        "bw_samples" : 0,
        "iops_min" : 0,
        "iops_max" : 0,
        "iops_mean" : 0.000000,
        "iops_stddev" : 0.000000,
        "iops_samples" : 0
      },
      "write" : {
        "io_bytes" : 5104742400,
        "io_kbytes" : 4985100,
        "bw_bytes" : 1020540263,
        "bw" : 996621,
        "iops" : 249155.337865,
        "runtime" : 5002,
        "total_ios" : 1246275,
        "short_ios" : 0,
        "drop_ios" : 0,
        "slat_ns" : {
          "min" : 1119,
          "max" : 407265,
          "mean" : 1790.145214,
          "stddev" : 3069.277808,
          "N" : 1246275
        },
        "clat_ns" : {
          "min" : 697280,
          "max" : 8407832,
          "mean" : 2027732.125803,
          "stddev" : 664462.400977,
          "N" : 1246275,
          "percentile" : {
            "1.000000" : 1187840,
            "5.000000" : 1220608,
            "10.000000" : 1253376,
            "20.000000" : 1368064,
            "30.000000" : 1630208,
            "40.000000" : 1892352,
            "50.000000" : 2039808,
            "60.000000" : 2146304,
            "70.000000" : 2244608,
            "80.000000" : 2408448,
            "90.000000" : 2670592,
            "95.000000" : 3129344,
            "99.000000" : 4554752,
            "99.500000" : 4882432,
            "99.900000" : 5996544,
            "99.950000" : 6455296,
            "99.990000" : 7766016
          }
        },
        "lat_ns" : {
          "min" : 698712,
          "max" : 8409474,
          "mean" : 2029624.302555,
          "stddev" : 664617.022242,
          "N" : 1246275
        },
        "bw_min" : 948992,
        "bw_max" : 1058608,
        "bw_agg" : 99.319967,
        "bw_mean" : 989844.444444,
        "bw_dev" : 38629.858734,
        "bw_samples" : 9,
        "iops_min" : 237248,
        "iops_max" : 264652,
        "iops_mean" : 247461.111111,
        "iops_stddev" : 9657.536648,
        "iops_samples" : 9
      },
      "trim" : {
        "io_bytes" : 0,
        "io_kbytes" : 0,
        "bw_bytes" : 0,
        "bw" : 0,
        "iops" : 0.000000,
        "runtime" : 0,
        "total_ios" : 0,
        "short_ios" : 0,
        "drop_ios" : 0,
        "slat_ns" : {
          "min" : 0,
          "max" : 0,
          "mean" : 0.000000,
          "stddev" : 0.000000,
          "N" : 0
        },
        "clat_ns" : {
          "min" : 0,
          "max" : 0,
          "mean" : 0.000000,
          "stddev" : 0.000000,
          "N" : 0
        },
        "lat_ns" : {
          "min" : 0,
          "max" : 0,
          "mean" : 0.000000,
          "stddev" : 0.000000,
          "N" : 0
        },
        "bw_min" : 0,
        "bw_max" : 0,
        "bw_agg" : 0.000000,
        "bw_mean" : 0.000000,
        "bw_dev" : 0.000000,
        "bw_samples" : 0,
        "iops_min" : 0,
        "iops_max" : 0,
        "iops_mean" : 0.000000,
        "iops_stddev" : 0.000000,
        "iops_samples" : 0
      },
      "sync" : {
        "total_ios" : 0,
        "lat_ns" : {
          "min" : 0,
          "max" : 0,
          "mean" : 0.000000,
          "stddev" : 0.000000,
          "N" : 0
        }
      },
      "job_runtime" : 5001,
      "usr_cpu" : 23.155369,
      "sys_cpu" : 42.311538,
      "ctx" : 34367,
      "majf" : 0,
      "minf" : 609,
      "iodepth_level" : {
        "1" : 0.100000,
        "2" : 0.100000,
        "4" : 0.100000,
        "8" : 0.100000,
        "16" : 0.100000,
        "32" : 0.100000,
        ">=64" : 99.974725
      },
      "iodepth_submit" : {
        "0" : 0.000000,
        "4" : 100.000000,
        "8" : 0.000000,
        "16" : 0.000000,
        "32" : 0.000000,
        "64" : 0.000000,
        ">=64" : 0.000000
      },
      "iodepth_complete" : {
        "0" : 0.000000,
        "4" : 99.999920,
        "8" : 0.000000,
        "16" : 0.000000,
        "32" : 0.000000,
        "64" : 0.000000,
        ">=64" : 0.100000
      },
      "latency_ns" : {
        "2" : 0.000000,
        "4" : 0.000000,
        "10" : 0.000000,
        "20" : 0.000000,
        "50" : 0.000000,
        "100" : 0.000000,
        "250" : 0.000000,
        "500" : 0.000000,
        "750" : 0.000000,
        "1000" : 0.000000
      },
      "latency_us" : {
        "2" : 0.000000,
        "4" : 0.000000,
        "10" : 0.000000,
        "20" : 0.000000,
        "50" : 0.000000,
        "100" : 0.000000,
        "250" : 0.000000,
        "500" : 0.000000,
        "750" : 0.010000,
        "1000" : 0.022467
      },
      "latency_ms" : {
        "2" : 47.196004,
        "4" : 50.768410,
        "10" : 2.011755,
        "20" : 0.000000,
        "50" : 0.000000,
        "100" : 0.000000,
        "250" : 0.000000,
        "500" : 0.000000,
        "750" : 0.000000,
        "1000" : 0.000000,
        "2000" : 0.000000,
        ">=2000" : 0.000000
      },
      "latency_depth" : 512,
      "latency_target" : 0,
      "latency_percentile" : 100.000000,
      "latency_window" : 0
    }
  ],
  "disk_util" : [
    {
      "name" : "nvme2n2",
      "read_ios" : 20,
      "write_ios" : 17071,
      "read_merges" : 0,
      "write_merges" : 1197336,
      "read_ticks" : 3,
      "write_ticks" : 18339,
      "in_queue" : 18341,
      "util" : 98.052600
    }
  ]
}
