{
  "fio version" : "fio-3.28-93-ga87e-dirty",
  "timestamp" : 1645885371,
  "timestamp_ms" : 1645885371283,
  "time" : "Sat Feb 26 15:22:51 2022",
  "jobs" : [
    {
      "jobname" : "nvme2n2_overwrite-rand_4Ki_queue-depth-64",
      "groupid" : 0,
      "error" : 0,
      "eta" : 0,
      "elapsed" : 11,
      "job options" : {
        "name" : "nvme2n2_overwrite-rand_4Ki_queue-depth-64",
        "filename" : "/dev/nvme2n2",
        "direct" : "1",
        "size" : "107374182400",
        "ioengine" : "libaio",
        "zonemode" : "zbd",
        "iodepth" : "64",
        "rw" : "randwrite",
        "bs" : "4Ki",
        "max_open_zones" : "14",
        "runtime" : "10s"
      },
      "read" : {
        "io_bytes" : 0,
        "io_kbytes" : 0,
        "bw_bytes" : 0,
        "bw" : 0,
        "iops" : 0.000000,
        "runtime" : 0,
        "total_ios" : 0,
        "short_ios" : 0,
        "drop_ios" : 0,
        "slat_ns" : {
          "min" : 0,
          "max" : 0,
          "mean" : 0.000000,
          "stddev" : 0.000000,
          "N" : 0
        },
        "clat_ns" : {
          "min" : 0,
          "max" : 0,
          "mean" : 0.000000,
          "stddev" : 0.000000,
          "N" : 0
        },
        "lat_ns" : {
          "min" : 0,
          "max" : 0,
          "mean" : 0.000000,
          "stddev" : 0.000000,
          "N" : 0
        },
        "bw_min" : 0,
        "bw_max" : 0,
        "bw_agg" : 0.000000,
        "bw_mean" : 0.000000,
        "bw_dev" : 0.000000,
        "bw_samples" : 0,
        "iops_min" : 0,
        "iops_max" : 0,
        "iops_mean" : 0.000000,
        "iops_stddev" : 0.000000,
        "iops_samples" : 0
      },
      "write" : {
        "io_bytes" : 4028129280,
        "io_kbytes" : 3933720,
        "bw_bytes" : 402772650,
        "bw" : 393332,
        "iops" : 98333.166683,
        "runtime" : 10001,
        "total_ios" : 983430,
        "short_ios" : 0,
        "drop_ios" : 0,
        "slat_ns" : {
          "min" : 1216,
          "max" : 161961,
          "mean" : 4088.297371,
          "stddev" : 3212.314003,
          "N" : 983430
        },
        "clat_ns" : {
          "min" : 9378,
          "max" : 5134874,
          "mean" : 637189.782251,
          "stddev" : 499058.253175,
          "N" : 983430,
          "percentile" : {
            "1.000000" : 36096,
            "5.000000" : 76288,
            "10.000000" : 125440,
            "20.000000" : 203776,
            "30.000000" : 276480,
            "40.000000" : 362496,
            "50.000000" : 485376,
            "60.000000" : 659456,
            "70.000000" : 856064,
            "80.000000" : 1056768,
            "90.000000" : 1318912,
            "95.000000" : 1564672,
            "99.000000" : 2113536,
            "99.500000" : 2375680,
            "99.900000" : 3031040,
            "99.950000" : 3358720,
            "99.990000" : 4079616
          }
        },
        "lat_ns" : {
          "min" : 21356,
          "max" : 5145574,
          "mean" : 641391.113987,
          "stddev" : 498402.363413,
          "N" : 983430
        },
        "bw_min" : 301512,
        "bw_max" : 410296,
        "bw_agg" : 99.962203,
        "bw_mean" : 393184.000000,
        "bw_dev" : 23898.926577,
        "bw_samples" : 19,
        "iops_min" : 75378,
        "iops_max" : 102574,
        "iops_mean" : 98296.000000,
        "iops_stddev" : 5974.731644,
        "iops_samples" : 19
      },
      "trim" : {
        "io_bytes" : 0,
        "io_kbytes" : 0,
        "bw_bytes" : 0,
        "bw" : 0,
        "iops" : 0.000000,
        "runtime" : 0,
        "total_ios" : 0,
        "short_ios" : 0,
        "drop_ios" : 0,
        "slat_ns" : {
          "min" : 0,
          "max" : 0,
          "mean" : 0.000000,
          "stddev" : 0.000000,
          "N" : 0
        },
        "clat_ns" : {
          "min" : 0,
          "max" : 0,
          "mean" : 0.000000,
          "stddev" : 0.000000,
          "N" : 0
        },
        "lat_ns" : {
          "min" : 0,
          "max" : 0,
          "mean" : 0.000000,
          "stddev" : 0.000000,
          "N" : 0
        },
        "bw_min" : 0,
        "bw_max" : 0,
        "bw_agg" : 0.000000,
        "bw_mean" : 0.000000,
        "bw_dev" : 0.000000,
        "bw_samples" : 0,
        "iops_min" : 0,
        "iops_max" : 0,
        "iops_mean" : 0.000000,
        "iops_stddev" : 0.000000,
        "iops_samples" : 0
      },
      "sync" : {
        "total_ios" : 0,
        "lat_ns" : {
          "min" : 0,
          "max" : 0,
          "mean" : 0.000000,
          "stddev" : 0.000000,
          "N" : 0
        }
      },
      "job_runtime" : 10000,
      "usr_cpu" : 11.540000,
      "sys_cpu" : 28.810000,
      "ctx" : 776026,
      "majf" : 0,
      "minf" : 18,
      "iodepth_level" : {
        "1" : 0.100000,
        "2" : 0.100000,
        "4" : 0.100000,
        "8" : 0.100000,
        "16" : 0.100000,
        "32" : 0.100000,
        ">=64" : 99.991967
      },
      "iodepth_submit" : {
        "0" : 0.000000,
        "4" : 100.000000,
        "8" : 0.000000,
        "16" : 0.000000,
        "32" : 0.000000,
        "64" : 0.000000,
        ">=64" : 0.000000
      },
      "iodepth_complete" : {
        "0" : 0.000000,
        "4" : 99.999898,
        "8" : 0.000000,
        "16" : 0.000000,
        "32" : 0.000000,
        "64" : 0.100000,
        ">=64" : 0.000000
      },
      "latency_ns" : {
        "2" : 0.000000,
        "4" : 0.000000,
        "10" : 0.000000,
        "20" : 0.000000,
        "50" : 0.000000,
        "100" : 0.000000,
        "250" : 0.000000,
        "500" : 0.000000,
        "750" : 0.000000,
        "1000" : 0.000000
      },
      "latency_us" : {
        "2" : 0.000000,
        "4" : 0.000000,
        "10" : 0.010000,
        "20" : 0.010000,
        "50" : 2.417966,
        "100" : 4.847727,
        "250" : 18.988642,
        "500" : 24.612326,
        "750" : 13.664013,
        "1000" : 12.462605
      },
      "latency_ms" : {
        "2" : 21.564117,
        "4" : 1.420335,
        "10" : 0.012609,
        "20" : 0.000000,
        "50" : 0.000000,
        "100" : 0.000000,
        "250" : 0.000000,
        "500" : 0.000000,
        "750" : 0.000000,
        "1000" : 0.000000,
        "2000" : 0.000000,
        ">=2000" : 0.000000
      },
      "latency_depth" : 64,
      "latency_target" : 0,
      "latency_percentile" : 100.000000,
      "latency_window" : 0
    }
  ],
  "disk_util" : [
    {
      "name" : "nvme2n2",
      "read_ios" : 0,
      "write_ios" : 454984,
      "read_merges" : 0,
      "write_merges" : 516360,
      "read_ticks" : 0,
      "write_ticks" : 183548,
      "in_queue" : 183549,
      "util" : 99.057927
    }
  ]
}
