{
  "fio version" : "fio-3.28-93-ga87e-dirty",
  "timestamp" : 1645885586,
  "timestamp_ms" : 1645885586076,
  "time" : "Sat Feb 26 15:26:26 2022",
  "jobs" : [
    {
      "jobname" : "nvme2n2_randread_4Ki_queue-depth-256",
      "groupid" : 0,
      "error" : 0,
      "eta" : 0,
      "elapsed" : 11,
      "job options" : {
        "name" : "nvme2n2_randread_4Ki_queue-depth-256",
        "filename" : "/dev/nvme2n2",
        "direct" : "1",
        "size" : "107374182400",
        "ioengine" : "libaio",
        "zonemode" : "zbd",
        "iodepth" : "256",
        "rw" : "randread",
        "bs" : "4Ki",
        "runtime" : "10s"
      },
      "read" : {
        "io_bytes" : 10293399552,
        "io_kbytes" : 10052148,
        "bw_bytes" : 1029237031,
        "bw" : 1005114,
        "iops" : 251278.572143,
        "runtime" : 10001,
        "total_ios" : 2513037,
        "short_ios" : 0,
        "drop_ios" : 0,
        "slat_ns" : {
          "min" : 1593,
          "max" : 377415,
          "mean" : 2726.166562,
          "stddev" : 1215.585762,
          "N" : 2513037
        },
        "clat_ns" : {
          "min" : 105580,
          "max" : 4362748,
          "mean" : 1015030.125244,
          "stddev" : 67873.011957,
          "N" : 2513037,
          "percentile" : {
            "1.000000" : 978944,
            "5.000000" : 978944,
            "10.000000" : 987136,
            "20.000000" : 995328,
            "30.000000" : 995328,
            "40.000000" : 1003520,
            "50.000000" : 1003520,
            "60.000000" : 1011712,
            "70.000000" : 1011712,
            "80.000000" : 1028096,
            "90.000000" : 1056768,
            "95.000000" : 1073152,
            "99.000000" : 1122304,
            "99.500000" : 1155072,
            "99.900000" : 2441216,
            "99.950000" : 2506752,
            "99.990000" : 3162112
          }
        },
        "lat_ns" : {
          "min" : 108948,
          "max" : 4364660,
          "mean" : 1017875.583451,
          "stddev" : 68014.761597,
          "N" : 2513037
        },
        "bw_min" : 977288,
        "bw_max" : 1015152,
        "bw_agg" : 100.000000,
        "bw_mean" : 1005971.789474,
        "bw_dev" : 10657.943222,
        "bw_samples" : 19,
        "iops_min" : 244322,
        "iops_max" : 253788,
        "iops_mean" : 251492.947368,
        "iops_stddev" : 2664.483971,
        "iops_samples" : 19
      },
      "write" : {
        "io_bytes" : 0,
        "io_kbytes" : 0,
        "bw_bytes" : 0,
        "bw" : 0,
        "iops" : 0.000000,
        "runtime" : 0,
        "total_ios" : 0,
        "short_ios" : 0,
        "drop_ios" : 0,
        "slat_ns" : {
          "min" : 0,
          "max" : 0,
          "mean" : 0.000000,
          "stddev" : 0.000000,
          "N" : 0
        },
        "clat_ns" : {
          "min" : 0,
          "max" : 0,
          "mean" : 0.000000,
          "stddev" : 0.000000,
          "N" : 0
        },
        "lat_ns" : {
          "min" : 0,
          "max" : 0,
          "mean" : 0.000000,
          "stddev" : 0.000000,
          "N" : 0
        },
        "bw_min" : 0,
        "bw_max" : 0,
        "bw_agg" : 0.000000,
        "bw_mean" : 0.000000,
        "bw_dev" : 0.000000,
        "bw_samples" : 0,
        "iops_min" : 0,
        "iops_max" : 0,
        "iops_mean" : 0.000000,
        "iops_stddev" : 0.000000,
        "iops_samples" : 0
      },
      "trim" : {
        "io_bytes" : 0,
        "io_kbytes" : 0,
        "bw_bytes" : 0,
        "bw" : 0,
        "iops" : 0.000000,
        "runtime" : 0,
        "total_ios" : 0,
        "short_ios" : 0,
        "drop_ios" : 0,
        "slat_ns" : {
          "min" : 0,
          "max" : 0,
          "mean" : 0.000000,
          "stddev" : 0.000000,
          "N" : 0
        },
        "clat_ns" : {
          "min" : 0,
          "max" : 0,
          "mean" : 0.000000,
          "stddev" : 0.000000,
          "N" : 0
        },
        "lat_ns" : {
          "min" : 0,
          "max" : 0,
          "mean" : 0.000000,
          "stddev" : 0.000000,
          "N" : 0
        },
        "bw_min" : 0,
        "bw_max" : 0,
        "bw_agg" : 0.000000,
        "bw_mean" : 0.000000,
        "bw_dev" : 0.000000,
        "bw_samples" : 0,
        "iops_min" : 0,
        "iops_max" : 0,
        "iops_mean" : 0.000000,
        "iops_stddev" : 0.000000,
        "iops_samples" : 0
      },
      "sync" : {
        "total_ios" : 0,
        "lat_ns" : {
          "min" : 0,
          "max" : 0,
          "mean" : 0.000000,
          "stddev" : 0.000000,
          "N" : 0
        }
      },
      "job_runtime" : 10000,
      "usr_cpu" : 31.590000,
      "sys_cpu" : 68.360000,
      "ctx" : 1069,
      "majf" : 0,
      "minf" : 1392,
      "iodepth_level" : {
        "1" : 0.100000,
        "2" : 0.100000,
        "4" : 0.100000,
        "8" : 0.100000,
        "16" : 0.100000,
        "32" : 0.100000,
        ">=64" : 99.997493
      },
      "iodepth_submit" : {
        "0" : 0.000000,
        "4" : 100.000000,
        "8" : 0.000000,
        "16" : 0.000000,
        "32" : 0.000000,
        "64" : 0.000000,
        ">=64" : 0.000000
      },
      "iodepth_complete" : {
        "0" : 0.000000,
        "4" : 99.999960,
        "8" : 0.000000,
        "16" : 0.000000,
        "32" : 0.000000,
        "64" : 0.000000,
        ">=64" : 0.100000
      },
      "latency_ns" : {
        "2" : 0.000000,
        "4" : 0.000000,
        "10" : 0.000000,
        "20" : 0.000000,
        "50" : 0.000000,
        "100" : 0.000000,
        "250" : 0.000000,
        "500" : 0.000000,
        "750" : 0.000000,
        "1000" : 0.000000
      },
      "latency_us" : {
        "2" : 0.000000,
        "4" : 0.000000,
        "10" : 0.000000,
        "20" : 0.000000,
        "50" : 0.000000,
        "100" : 0.000000,
        "250" : 0.010000,
        "500" : 0.010000,
        "750" : 0.010000,
        "1000" : 38.986652
      },
      "latency_ms" : {
        "2" : 60.863728,
        "4" : 0.141860,
        "10" : 0.010000,
        "20" : 0.000000,
        "50" : 0.000000,
        "100" : 0.000000,
        "250" : 0.000000,
        "500" : 0.000000,
        "750" : 0.000000,
        "1000" : 0.000000,
        "2000" : 0.000000,
        ">=2000" : 0.000000
      },
      "latency_depth" : 256,
      "latency_target" : 0,
      "latency_percentile" : 100.000000,
      "latency_window" : 0
    }
  ],
  "disk_util" : [
    {
      "name" : "nvme2n2",
      "read_ios" : 2483163,
      "write_ios" : 0,
      "read_merges" : 0,
      "write_merges" : 0,
      "read_ticks" : 250130,
      "write_ticks" : 0,
      "in_queue" : 250129,
      "util" : 99.067856
    }
  ]
}
