{
  "fio version" : "fio-3.28-261-gc3773-dirty",
  "timestamp" : 1645918577,
  "timestamp_ms" : 1645918577023,
  "time" : "Sun Feb 27 00:36:17 2022",
  "jobs" : [
    {
      "jobname" : "nvme2n2_read_4K_queue-depth-2",
      "groupid" : 0,
      "error" : 0,
      "eta" : 0,
      "elapsed" : 101,
      "job options" : {
        "name" : "nvme2n2_read_4K_queue-depth-2",
        "filename" : "/dev/nvme2n2",
        "direct" : "1",
        "size" : "107374182400",
        "ioengine" : "libaio",
        "zonemode" : "zbd",
        "iodepth" : "2",
        "rw" : "read",
        "bs" : "4K",
        "runtime" : "10m"
      },
      "read" : {
        "io_bytes" : 56465817600,
        "io_kbytes" : 55142400,
        "bw_bytes" : 562756060,
        "bw" : 549566,
        "iops" : 137391.616337,
        "runtime" : 100338,
        "total_ios" : 13785600,
        "short_ios" : 0,
        "drop_ios" : 0,
        "slat_ns" : {
          "min" : 1582,
          "max" : 70515,
          "mean" : 2070.745071,
          "stddev" : 323.533013,
          "N" : 13785600
        },
        "clat_ns" : {
          "min" : 3077,
          "max" : 3522291,
          "mean" : 11978.833752,
          "stddev" : 3263.888707,
          "N" : 13785600,
          "percentile" : {
            "1.000000" : 9536,
            "5.000000" : 10688,
            "10.000000" : 11072,
            "20.000000" : 11328,
            "30.000000" : 11456,
            "40.000000" : 11712,
            "50.000000" : 11968,
            "60.000000" : 12096,
            "70.000000" : 12224,
            "80.000000" : 12480,
            "90.000000" : 12864,
            "95.000000" : 12992,
            "99.000000" : 13504,
            "99.500000" : 14016,
            "99.900000" : 80384,
            "99.950000" : 88576,
            "99.990000" : 99840
          }
        },
        "lat_ns" : {
          "min" : 9913,
          "max" : 3524131,
          "mean" : 14129.758120,
          "stddev" : 3284.802505,
          "N" : 13785600
        },
        "bw_min" : 526704,
        "bw_max" : 566760,
        "bw_agg" : 100.000000,
        "bw_mean" : 549998.560000,
        "bw_dev" : 8522.073337,
        "bw_samples" : 200,
        "iops_min" : 131676,
        "iops_max" : 141690,
        "iops_mean" : 137499.610000,
        "iops_stddev" : 2130.537316,
        "iops_samples" : 200
      },
      "write" : {
        "io_bytes" : 0,
        "io_kbytes" : 0,
        "bw_bytes" : 0,
        "bw" : 0,
        "iops" : 0.000000,
        "runtime" : 0,
        "total_ios" : 0,
        "short_ios" : 0,
        "drop_ios" : 0,
        "slat_ns" : {
          "min" : 0,
          "max" : 0,
          "mean" : 0.000000,
          "stddev" : 0.000000,
          "N" : 0
        },
        "clat_ns" : {
          "min" : 0,
          "max" : 0,
          "mean" : 0.000000,
          "stddev" : 0.000000,
          "N" : 0
        },
        "lat_ns" : {
          "min" : 0,
          "max" : 0,
          "mean" : 0.000000,
          "stddev" : 0.000000,
          "N" : 0
        },
        "bw_min" : 0,
        "bw_max" : 0,
        "bw_agg" : 0.000000,
        "bw_mean" : 0.000000,
        "bw_dev" : 0.000000,
        "bw_samples" : 0,
        "iops_min" : 0,
        "iops_max" : 0,
        "iops_mean" : 0.000000,
        "iops_stddev" : 0.000000,
        "iops_samples" : 0
      },
      "trim" : {
        "io_bytes" : 0,
        "io_kbytes" : 0,
        "bw_bytes" : 0,
        "bw" : 0,
        "iops" : 0.000000,
        "runtime" : 0,
        "total_ios" : 0,
        "short_ios" : 0,
        "drop_ios" : 0,
        "slat_ns" : {
          "min" : 0,
          "max" : 0,
          "mean" : 0.000000,
          "stddev" : 0.000000,
          "N" : 0
        },
        "clat_ns" : {
          "min" : 0,
          "max" : 0,
          "mean" : 0.000000,
          "stddev" : 0.000000,
          "N" : 0
        },
        "lat_ns" : {
          "min" : 0,
          "max" : 0,
          "mean" : 0.000000,
          "stddev" : 0.000000,
          "N" : 0
        },
        "bw_min" : 0,
        "bw_max" : 0,
        "bw_agg" : 0.000000,
        "bw_mean" : 0.000000,
        "bw_dev" : 0.000000,
        "bw_samples" : 0,
        "iops_min" : 0,
        "iops_max" : 0,
        "iops_mean" : 0.000000,
        "iops_stddev" : 0.000000,
        "iops_samples" : 0
      },
      "sync" : {
        "total_ios" : 0,
        "lat_ns" : {
          "min" : 0,
          "max" : 0,
          "mean" : 0.000000,
          "stddev" : 0.000000,
          "N" : 0
        }
      },
      "job_runtime" : 100337,
      "usr_cpu" : 17.112331,
      "sys_cpu" : 46.674706,
      "ctx" : 6906809,
      "majf" : 0,
      "minf" : 22,
      "iodepth_level" : {
        "1" : 0.100000,
        "2" : 99.999993,
        "4" : 0.000000,
        "8" : 0.000000,
        "16" : 0.000000,
        "32" : 0.000000,
        ">=64" : 0.000000
      },
      "iodepth_submit" : {
        "0" : 0.000000,
        "4" : 100.000000,
        "8" : 0.000000,
        "16" : 0.000000,
        "32" : 0.000000,
        "64" : 0.000000,
        ">=64" : 0.000000
      },
      "iodepth_complete" : {
        "0" : 0.000000,
        "4" : 100.000000,
        "8" : 0.000000,
        "16" : 0.000000,
        "32" : 0.000000,
        "64" : 0.000000,
        ">=64" : 0.000000
      },
      "latency_ns" : {
        "2" : 0.000000,
        "4" : 0.000000,
        "10" : 0.000000,
        "20" : 0.000000,
        "50" : 0.000000,
        "100" : 0.000000,
        "250" : 0.000000,
        "500" : 0.000000,
        "750" : 0.000000,
        "1000" : 0.000000
      },
      "latency_us" : {
        "2" : 0.000000,
        "4" : 0.010000,
        "10" : 2.587541,
        "20" : 97.197199,
        "50" : 0.108729,
        "100" : 0.099764,
        "250" : 0.010000,
        "500" : 0.010000,
        "750" : 0.010000,
        "1000" : 0.000000
      },
      "latency_ms" : {
        "2" : 0.000000,
        "4" : 0.010000,
        "10" : 0.000000,
        "20" : 0.000000,
        "50" : 0.000000,
        "100" : 0.000000,
        "250" : 0.000000,
        "500" : 0.000000,
        "750" : 0.000000,
        "1000" : 0.000000,
        "2000" : 0.000000,
        ">=2000" : 0.000000
      },
      "latency_depth" : 2,
      "latency_target" : 0,
      "latency_percentile" : 100.000000,
      "latency_window" : 0
    }
  ],
  "disk_util" : [
    {
      "name" : "nvme2n2",
      "read_ios" : 13757838,
      "write_ios" : 0,
      "read_merges" : 0,
      "write_merges" : 0,
      "read_ticks" : 126738,
      "write_ticks" : 0,
      "in_queue" : 126739,
      "util" : 99.983027
    }
  ]
}
