{
  "fio version" : "fio-3.28-261-gc3773-dirty",
  "timestamp" : 1645920505,
  "timestamp_ms" : 1645920505404,
  "time" : "Sun Feb 27 01:08:25 2022",
  "jobs" : [
    {
      "jobname" : "nvme2n2_randwrite_4K_queue-depth-4",
      "groupid" : 0,
      "error" : 0,
      "eta" : 0,
      "elapsed" : 508,
      "job options" : {
        "name" : "nvme2n2_randwrite_4K_queue-depth-4",
        "filename" : "/dev/nvme2n2",
        "direct" : "1",
        "size" : "107374182400",
        "ioengine" : "libaio",
        "zonemode" : "zbd",
        "iodepth" : "4",
        "rw" : "randwrite",
        "bs" : "4K",
        "max_open_zones" : "14",
        "runtime" : "10m"
      },
      "read" : {
        "io_bytes" : 0,
        "io_kbytes" : 0,
        "bw_bytes" : 0,
        "bw" : 0,
        "iops" : 0.000000,
        "runtime" : 0,
        "total_ios" : 0,
        "short_ios" : 0,
        "drop_ios" : 0,
        "slat_ns" : {
          "min" : 0,
          "max" : 0,
          "mean" : 0.000000,
          "stddev" : 0.000000,
          "N" : 0
        },
        "clat_ns" : {
          "min" : 0,
          "max" : 0,
          "mean" : 0.000000,
          "stddev" : 0.000000,
          "N" : 0
        },
        "lat_ns" : {
          "min" : 0,
          "max" : 0,
          "mean" : 0.000000,
          "stddev" : 0.000000,
          "N" : 0
        },
        "bw_min" : 0,
        "bw_max" : 0,
        "bw_agg" : 0.000000,
        "bw_mean" : 0.000000,
        "bw_dev" : 0.000000,
        "bw_samples" : 0,
        "iops_min" : 0,
        "iops_max" : 0,
        "iops_mean" : 0.000000,
        "iops_stddev" : 0.000000,
        "iops_samples" : 0
      },
      "write" : {
        "io_bytes" : 107374182400,
        "io_kbytes" : 104857600,
        "bw_bytes" : 211846491,
        "bw" : 206881,
        "iops" : 51720.334853,
        "runtime" : 506849,
        "total_ios" : 26214400,
        "short_ios" : 0,
        "drop_ios" : 0,
        "slat_ns" : {
          "min" : 1220,
          "max" : 179135,
          "mean" : 5565.592065,
          "stddev" : 1367.671118,
          "N" : 26214400
        },
        "clat_ns" : {
          "min" : 5529,
          "max" : 7555956,
          "mean" : 70590.807500,
          "stddev" : 50879.051706,
          "N" : 26214400,
          "percentile" : {
            "1.000000" : 24192,
            "5.000000" : 30080,
            "10.000000" : 34048,
            "20.000000" : 40192,
            "30.000000" : 45824,
            "40.000000" : 51968,
            "50.000000" : 59648,
            "60.000000" : 69120,
            "70.000000" : 80384,
            "80.000000" : 94720,
            "90.000000" : 118272,
            "95.000000" : 140288,
            "99.000000" : 195584,
            "99.500000" : 246784,
            "99.900000" : 552960,
            "99.950000" : 806912,
            "99.990000" : 1662976
          }
        },
        "lat_ns" : {
          "min" : 18257,
          "max" : 7563794,
          "mean" : 76290.018138,
          "stddev" : 50743.783318,
          "N" : 26214400
        },
        "bw_min" : 195048,
        "bw_max" : 210920,
        "bw_agg" : 100.000000,
        "bw_mean" : 207022.493583,
        "bw_dev" : 2693.889721,
        "bw_samples" : 1013,
        "iops_min" : 48762,
        "iops_max" : 52730,
        "iops_mean" : 51755.548865,
        "iops_stddev" : 673.467853,
        "iops_samples" : 1013
      },
      "trim" : {
        "io_bytes" : 0,
        "io_kbytes" : 0,
        "bw_bytes" : 0,
        "bw" : 0,
        "iops" : 0.000000,
        "runtime" : 0,
        "total_ios" : 0,
        "short_ios" : 0,
        "drop_ios" : 0,
        "slat_ns" : {
          "min" : 0,
          "max" : 0,
          "mean" : 0.000000,
          "stddev" : 0.000000,
          "N" : 0
        },
        "clat_ns" : {
          "min" : 0,
          "max" : 0,
          "mean" : 0.000000,
          "stddev" : 0.000000,
          "N" : 0
        },
        "lat_ns" : {
          "min" : 0,
          "max" : 0,
          "mean" : 0.000000,
          "stddev" : 0.000000,
          "N" : 0
        },
        "bw_min" : 0,
        "bw_max" : 0,
        "bw_agg" : 0.000000,
        "bw_mean" : 0.000000,
        "bw_dev" : 0.000000,
        "bw_samples" : 0,
        "iops_min" : 0,
        "iops_max" : 0,
        "iops_mean" : 0.000000,
        "iops_stddev" : 0.000000,
        "iops_samples" : 0
      },
      "sync" : {
        "total_ios" : 0,
        "lat_ns" : {
          "min" : 0,
          "max" : 0,
          "mean" : 0.000000,
          "stddev" : 0.000000,
          "N" : 0
        }
      },
      "job_runtime" : 506848,
      "usr_cpu" : 9.374211,
      "sys_cpu" : 22.413820,
      "ctx" : 43364292,
      "majf" : 0,
      "minf" : 28,
      "iodepth_level" : {
        "1" : 0.100000,
        "2" : 0.100000,
        "4" : 99.999313,
        "8" : 0.000000,
        "16" : 0.000000,
        "32" : 0.000000,
        ">=64" : 0.000000
      },
      "iodepth_submit" : {
        "0" : 0.000000,
        "4" : 100.000000,
        "8" : 0.000000,
        "16" : 0.000000,
        "32" : 0.000000,
        "64" : 0.000000,
        ">=64" : 0.000000
      },
      "iodepth_complete" : {
        "0" : 0.000000,
        "4" : 100.000000,
        "8" : 0.000000,
        "16" : 0.000000,
        "32" : 0.000000,
        "64" : 0.000000,
        ">=64" : 0.000000
      },
      "latency_ns" : {
        "2" : 0.000000,
        "4" : 0.000000,
        "10" : 0.000000,
        "20" : 0.000000,
        "50" : 0.000000,
        "100" : 0.000000,
        "250" : 0.000000,
        "500" : 0.000000,
        "750" : 0.000000,
        "1000" : 0.000000
      },
      "latency_us" : {
        "2" : 0.000000,
        "4" : 0.000000,
        "10" : 0.010000,
        "20" : 0.163406,
        "50" : 37.111874,
        "100" : 45.489849,
        "250" : 16.747726,
        "500" : 0.363594,
        "750" : 0.065216,
        "1000" : 0.025589
      },
      "latency_ms" : {
        "2" : 0.027275,
        "4" : 0.010000,
        "10" : 0.010000,
        "20" : 0.000000,
        "50" : 0.000000,
        "100" : 0.000000,
        "250" : 0.000000,
        "500" : 0.000000,
        "750" : 0.000000,
        "1000" : 0.000000,
        "2000" : 0.000000,
        ">=2000" : 0.000000
      },
      "latency_depth" : 4,
      "latency_target" : 0,
      "latency_percentile" : 100.000000,
      "latency_window" : 0
    }
  ],
  "disk_util" : [
    {
      "name" : "nvme2n2",
      "read_ios" : 0,
      "write_ios" : 25853753,
      "read_merges" : 0,
      "write_merges" : 348148,
      "read_ticks" : 0,
      "write_ticks" : 1809002,
      "in_queue" : 1809002,
      "util" : 100.000000
    }
  ]
}
