{
  "fio version" : "fio-3.28-261-gc3773-dirty",
  "timestamp" : 1645913832,
  "timestamp_ms" : 1645913832377,
  "time" : "Sat Feb 26 23:17:12 2022",
  "jobs" : [
    {
      "jobname" : "nvme2n2_overwrite-rand_4K_queue-depth-32",
      "groupid" : 0,
      "error" : 0,
      "eta" : 0,
      "elapsed" : 6,
      "job options" : {
        "name" : "nvme2n2_overwrite-rand_4K_queue-depth-32",
        "filename" : "/dev/nvme2n2",
        "direct" : "1",
        "size" : "107374182400",
        "ioengine" : "libaio",
        "zonemode" : "zbd",
        "iodepth" : "32",
        "rw" : "randwrite",
        "bs" : "4K",
        "max_open_zones" : "14",
        "runtime" : "5s"
      },
      "read" : {
        "io_bytes" : 0,
        "io_kbytes" : 0,
        "bw_bytes" : 0,
        "bw" : 0,
        "iops" : 0.000000,
        "runtime" : 0,
        "total_ios" : 0,
        "short_ios" : 0,
        "drop_ios" : 0,
        "slat_ns" : {
          "min" : 0,
          "max" : 0,
          "mean" : 0.000000,
          "stddev" : 0.000000,
          "N" : 0
        },
        "clat_ns" : {
          "min" : 0,
          "max" : 0,
          "mean" : 0.000000,
          "stddev" : 0.000000,
          "N" : 0
        },
        "lat_ns" : {
          "min" : 0,
          "max" : 0,
          "mean" : 0.000000,
          "stddev" : 0.000000,
          "N" : 0
        },
        "bw_min" : 0,
        "bw_max" : 0,
        "bw_agg" : 0.000000,
        "bw_mean" : 0.000000,
        "bw_dev" : 0.000000,
        "bw_samples" : 0,
        "iops_min" : 0,
        "iops_max" : 0,
        "iops_mean" : 0.000000,
        "iops_stddev" : 0.000000,
        "iops_samples" : 0
      },
      "write" : {
        "io_bytes" : 1530253312,
        "io_kbytes" : 1494388,
        "bw_bytes" : 305989464,
        "bw" : 298817,
        "iops" : 74704.459108,
        "runtime" : 5001,
        "total_ios" : 373597,
        "short_ios" : 0,
        "drop_ios" : 0,
        "slat_ns" : {
          "min" : 1181,
          "max" : 73461,
          "mean" : 4733.106893,
          "stddev" : 3188.204194,
          "N" : 373597
        },
        "clat_ns" : {
          "min" : 15963,
          "max" : 4826832,
          "mean" : 410850.310364,
          "stddev" : 294925.841643,
          "N" : 373597,
          "percentile" : {
            "1.000000" : 32384,
            "5.000000" : 57600,
            "10.000000" : 98816,
            "20.000000" : 175104,
            "30.000000" : 236544,
            "40.000000" : 292864,
            "50.000000" : 350208,
            "60.000000" : 411648,
            "70.000000" : 493568,
            "80.000000" : 602112,
            "90.000000" : 798720,
            "95.000000" : 978944,
            "99.000000" : 1351680,
            "99.500000" : 1515520,
            "99.900000" : 2146304,
            "99.950000" : 2670592,
            "99.990000" : 3555328
          }
        },
        "lat_ns" : {
          "min" : 22427,
          "max" : 4834596,
          "mean" : 415711.389377,
          "stddev" : 294370.035736,
          "N" : 373597
        },
        "bw_min" : 225664,
        "bw_max" : 312512,
        "bw_agg" : 99.799264,
        "bw_mean" : 298218.666667,
        "bw_dev" : 27512.914786,
        "bw_samples" : 9,
        "iops_min" : 56416,
        "iops_max" : 78128,
        "iops_mean" : 74554.666667,
        "iops_stddev" : 6878.228696,
        "iops_samples" : 9
      },
      "trim" : {
        "io_bytes" : 0,
        "io_kbytes" : 0,
        "bw_bytes" : 0,
        "bw" : 0,
        "iops" : 0.000000,
        "runtime" : 0,
        "total_ios" : 0,
        "short_ios" : 0,
        "drop_ios" : 0,
        "slat_ns" : {
          "min" : 0,
          "max" : 0,
          "mean" : 0.000000,
          "stddev" : 0.000000,
          "N" : 0
        },
        "clat_ns" : {
          "min" : 0,
          "max" : 0,
          "mean" : 0.000000,
          "stddev" : 0.000000,
          "N" : 0
        },
        "lat_ns" : {
          "min" : 0,
          "max" : 0,
          "mean" : 0.000000,
          "stddev" : 0.000000,
          "N" : 0
        },
        "bw_min" : 0,
        "bw_max" : 0,
        "bw_agg" : 0.000000,
        "bw_mean" : 0.000000,
        "bw_dev" : 0.000000,
        "bw_samples" : 0,
        "iops_min" : 0,
        "iops_max" : 0,
        "iops_mean" : 0.000000,
        "iops_stddev" : 0.000000,
        "iops_samples" : 0
      },
      "sync" : {
        "total_ios" : 0,
        "lat_ns" : {
          "min" : 0,
          "max" : 0,
          "mean" : 0.000000,
          "stddev" : 0.000000,
          "N" : 0
        }
      },
      "job_runtime" : 5000,
      "usr_cpu" : 10.420000,
      "sys_cpu" : 23.540000,
      "ctx" : 403280,
      "majf" : 0,
      "minf" : 14,
      "iodepth_level" : {
        "1" : 0.100000,
        "2" : 0.100000,
        "4" : 0.100000,
        "8" : 0.100000,
        "16" : 0.100000,
        "32" : 99.987420,
        ">=64" : 0.000000
      },
      "iodepth_submit" : {
        "0" : 0.000000,
        "4" : 100.000000,
        "8" : 0.000000,
        "16" : 0.000000,
        "32" : 0.000000,
        "64" : 0.000000,
        ">=64" : 0.000000
      },
      "iodepth_complete" : {
        "0" : 0.000000,
        "4" : 99.999732,
        "8" : 0.000000,
        "16" : 0.000000,
        "32" : 0.100000,
        "64" : 0.000000,
        ">=64" : 0.000000
      },
      "latency_ns" : {
        "2" : 0.000000,
        "4" : 0.000000,
        "10" : 0.000000,
        "20" : 0.000000,
        "50" : 0.000000,
        "100" : 0.000000,
        "250" : 0.000000,
        "500" : 0.000000,
        "750" : 0.000000,
        "1000" : 0.000000
      },
      "latency_us" : {
        "2" : 0.000000,
        "4" : 0.000000,
        "10" : 0.000000,
        "20" : 0.016595,
        "50" : 3.932312,
        "100" : 6.157169,
        "250" : 22.430319,
        "500" : 38.043132,
        "750" : 17.553139,
        "1000" : 7.260497
      },
      "latency_ms" : {
        "2" : 4.481835,
        "4" : 0.121254,
        "10" : 0.010000,
        "20" : 0.000000,
        "50" : 0.000000,
        "100" : 0.000000,
        "250" : 0.000000,
        "500" : 0.000000,
        "750" : 0.000000,
        "1000" : 0.000000,
        "2000" : 0.000000,
        ">=2000" : 0.000000
      },
      "latency_depth" : 32,
      "latency_target" : 0,
      "latency_percentile" : 100.000000,
      "latency_window" : 0
    }
  ],
  "disk_util" : [
    {
      "name" : "nvme2n2",
      "read_ios" : 5,
      "write_ios" : 229570,
      "read_merges" : 0,
      "write_merges" : 134847,
      "read_ticks" : 0,
      "write_ticks" : 74337,
      "in_queue" : 74337,
      "util" : 98.052600
    }
  ]
}
