{
  "fio version" : "fio-3.28-261-gc3773-dirty",
  "timestamp" : 1645913920,
  "timestamp_ms" : 1645913920403,
  "time" : "Sat Feb 26 23:18:40 2022",
  "jobs" : [
    {
      "jobname" : "nvme2n2_overwrite-rand_4K_queue-depth-64",
      "groupid" : 0,
      "error" : 0,
      "eta" : 0,
      "elapsed" : 6,
      "job options" : {
        "name" : "nvme2n2_overwrite-rand_4K_queue-depth-64",
        "filename" : "/dev/nvme2n2",
        "direct" : "1",
        "size" : "107374182400",
        "ioengine" : "libaio",
        "zonemode" : "zbd",
        "iodepth" : "64",
        "rw" : "randwrite",
        "bs" : "4K",
        "max_open_zones" : "14",
        "runtime" : "5s"
      },
      "read" : {
        "io_bytes" : 0,
        "io_kbytes" : 0,
        "bw_bytes" : 0,
        "bw" : 0,
        "iops" : 0.000000,
        "runtime" : 0,
        "total_ios" : 0,
        "short_ios" : 0,
        "drop_ios" : 0,
        "slat_ns" : {
          "min" : 0,
          "max" : 0,
          "mean" : 0.000000,
          "stddev" : 0.000000,
          "N" : 0
        },
        "clat_ns" : {
          "min" : 0,
          "max" : 0,
          "mean" : 0.000000,
          "stddev" : 0.000000,
          "N" : 0
        },
        "lat_ns" : {
          "min" : 0,
          "max" : 0,
          "mean" : 0.000000,
          "stddev" : 0.000000,
          "N" : 0
        },
        "bw_min" : 0,
        "bw_max" : 0,
        "bw_agg" : 0.000000,
        "bw_mean" : 0.000000,
        "bw_dev" : 0.000000,
        "bw_samples" : 0,
        "iops_min" : 0,
        "iops_max" : 0,
        "iops_mean" : 0.000000,
        "iops_stddev" : 0.000000,
        "iops_samples" : 0
      },
      "write" : {
        "io_bytes" : 1999900672,
        "io_kbytes" : 1953028,
        "bw_bytes" : 399900154,
        "bw" : 390527,
        "iops" : 97631.873625,
        "runtime" : 5001,
        "total_ios" : 488257,
        "short_ios" : 0,
        "drop_ios" : 0,
        "slat_ns" : {
          "min" : 1164,
          "max" : 168169,
          "mean" : 4035.338709,
          "stddev" : 3262.692542,
          "N" : 488257
        },
        "clat_ns" : {
          "min" : 13812,
          "max" : 4709085,
          "mean" : 633233.099099,
          "stddev" : 490166.023616,
          "N" : 488257,
          "percentile" : {
            "1.000000" : 36096,
            "5.000000" : 76288,
            "10.000000" : 124416,
            "20.000000" : 203776,
            "30.000000" : 276480,
            "40.000000" : 366592,
            "50.000000" : 489472,
            "60.000000" : 659456,
            "70.000000" : 856064,
            "80.000000" : 1056768,
            "90.000000" : 1302528,
            "95.000000" : 1548288,
            "99.000000" : 2056192,
            "99.500000" : 2277376,
            "99.900000" : 2932736,
            "99.950000" : 3260416,
            "99.990000" : 3850240
          }
        },
        "lat_ns" : {
          "min" : 22521,
          "max" : 4713712,
          "mean" : 637387.754791,
          "stddev" : 489526.237606,
          "N" : 488257
        },
        "bw_min" : 295176,
        "bw_max" : 410736,
        "bw_agg" : 100.000000,
        "bw_mean" : 391320.000000,
        "bw_dev" : 36775.121155,
        "bw_samples" : 9,
        "iops_min" : 73794,
        "iops_max" : 102684,
        "iops_mean" : 97830.222222,
        "iops_stddev" : 9193.757417,
        "iops_samples" : 9
      },
      "trim" : {
        "io_bytes" : 0,
        "io_kbytes" : 0,
        "bw_bytes" : 0,
        "bw" : 0,
        "iops" : 0.000000,
        "runtime" : 0,
        "total_ios" : 0,
        "short_ios" : 0,
        "drop_ios" : 0,
        "slat_ns" : {
          "min" : 0,
          "max" : 0,
          "mean" : 0.000000,
          "stddev" : 0.000000,
          "N" : 0
        },
        "clat_ns" : {
          "min" : 0,
          "max" : 0,
          "mean" : 0.000000,
          "stddev" : 0.000000,
          "N" : 0
        },
        "lat_ns" : {
          "min" : 0,
          "max" : 0,
          "mean" : 0.000000,
          "stddev" : 0.000000,
          "N" : 0
        },
        "bw_min" : 0,
        "bw_max" : 0,
        "bw_agg" : 0.000000,
        "bw_mean" : 0.000000,
        "bw_dev" : 0.000000,
        "bw_samples" : 0,
        "iops_min" : 0,
        "iops_max" : 0,
        "iops_mean" : 0.000000,
        "iops_stddev" : 0.000000,
        "iops_samples" : 0
      },
      "sync" : {
        "total_ios" : 0,
        "lat_ns" : {
          "min" : 0,
          "max" : 0,
          "mean" : 0.000000,
          "stddev" : 0.000000,
          "N" : 0
        }
      },
      "job_runtime" : 5000,
      "usr_cpu" : 10.460000,
      "sys_cpu" : 28.240000,
      "ctx" : 385129,
      "majf" : 0,
      "minf" : 12,
      "iodepth_level" : {
        "1" : 0.100000,
        "2" : 0.100000,
        "4" : 0.100000,
        "8" : 0.100000,
        "16" : 0.100000,
        "32" : 0.100000,
        ">=64" : 99.983820
      },
      "iodepth_submit" : {
        "0" : 0.000000,
        "4" : 100.000000,
        "8" : 0.000000,
        "16" : 0.000000,
        "32" : 0.000000,
        "64" : 0.000000,
        ">=64" : 0.000000
      },
      "iodepth_complete" : {
        "0" : 0.000000,
        "4" : 99.999795,
        "8" : 0.000000,
        "16" : 0.000000,
        "32" : 0.000000,
        "64" : 0.100000,
        ">=64" : 0.000000
      },
      "latency_ns" : {
        "2" : 0.000000,
        "4" : 0.000000,
        "10" : 0.000000,
        "20" : 0.000000,
        "50" : 0.000000,
        "100" : 0.000000,
        "250" : 0.000000,
        "500" : 0.000000,
        "750" : 0.000000,
        "1000" : 0.000000
      },
      "latency_us" : {
        "2" : 0.000000,
        "4" : 0.000000,
        "10" : 0.000000,
        "20" : 0.010241,
        "50" : 2.460180,
        "100" : 4.939407,
        "250" : 18.863631,
        "500" : 24.481165,
        "750" : 13.741534,
        "1000" : 12.744313
      },
      "latency_ms" : {
        "2" : 21.554632,
        "4" : 1.197730,
        "10" : 0.010000,
        "20" : 0.000000,
        "50" : 0.000000,
        "100" : 0.000000,
        "250" : 0.000000,
        "500" : 0.000000,
        "750" : 0.000000,
        "1000" : 0.000000,
        "2000" : 0.000000,
        ">=2000" : 0.000000
      },
      "latency_depth" : 64,
      "latency_target" : 0,
      "latency_percentile" : 100.000000,
      "latency_window" : 0
    }
  ],
  "disk_util" : [
    {
      "name" : "nvme2n2",
      "read_ios" : 14,
      "write_ios" : 222713,
      "read_merges" : 0,
      "write_merges" : 253650,
      "read_ticks" : 0,
      "write_ticks" : 89119,
      "in_queue" : 89119,
      "util" : 98.052600
    }
  ]
}
