{
  "fio version" : "fio-3.28-261-gc3773-dirty",
  "timestamp" : 1645913668,
  "timestamp_ms" : 1645913668591,
  "time" : "Sat Feb 26 23:14:28 2022",
  "jobs" : [
    {
      "jobname" : "nvme2n2_write_4K_queue-depth-16",
      "groupid" : 0,
      "error" : 0,
      "eta" : 0,
      "elapsed" : 6,
      "job options" : {
        "name" : "nvme2n2_write_4K_queue-depth-16",
        "filename" : "/dev/nvme2n2",
        "direct" : "1",
        "size" : "107374182400",
        "ioengine" : "libaio",
        "zonemode" : "zbd",
        "iodepth" : "16",
        "rw" : "write",
        "bs" : "4K",
        "runtime" : "5s"
      },
      "read" : {
        "io_bytes" : 0,
        "io_kbytes" : 0,
        "bw_bytes" : 0,
        "bw" : 0,
        "iops" : 0.000000,
        "runtime" : 0,
        "total_ios" : 0,
        "short_ios" : 0,
        "drop_ios" : 0,
        "slat_ns" : {
          "min" : 0,
          "max" : 0,
          "mean" : 0.000000,
          "stddev" : 0.000000,
          "N" : 0
        },
        "clat_ns" : {
          "min" : 0,
          "max" : 0,
          "mean" : 0.000000,
          "stddev" : 0.000000,
          "N" : 0
        },
        "lat_ns" : {
          "min" : 0,
          "max" : 0,
          "mean" : 0.000000,
          "stddev" : 0.000000,
          "N" : 0
        },
        "bw_min" : 0,
        "bw_max" : 0,
        "bw_agg" : 0.000000,
        "bw_mean" : 0.000000,
        "bw_dev" : 0.000000,
        "bw_samples" : 0,
        "iops_min" : 0,
        "iops_max" : 0,
        "iops_mean" : 0.000000,
        "iops_stddev" : 0.000000,
        "iops_samples" : 0
      },
      "write" : {
        "io_bytes" : 3732516864,
        "io_kbytes" : 3645036,
        "bw_bytes" : 746354101,
        "bw" : 728861,
        "iops" : 182215.356929,
        "runtime" : 5001,
        "total_ios" : 911259,
        "short_ios" : 0,
        "drop_ios" : 0,
        "slat_ns" : {
          "min" : 1135,
          "max" : 273701,
          "mean" : 1854.716569,
          "stddev" : 1542.638165,
          "N" : 911259
        },
        "clat_ns" : {
          "min" : 30246,
          "max" : 9202495,
          "mean" : 85396.063322,
          "stddev" : 124756.693467,
          "N" : 911259,
          "percentile" : {
            "1.000000" : 62720,
            "5.000000" : 68096,
            "10.000000" : 70144,
            "20.000000" : 74240,
            "30.000000" : 75264,
            "40.000000" : 77312,
            "50.000000" : 78336,
            "60.000000" : 80384,
            "70.000000" : 82432,
            "80.000000" : 85504,
            "90.000000" : 90624,
            "95.000000" : 97792,
            "99.000000" : 211968,
            "99.500000" : 264192,
            "99.900000" : 749568,
            "99.950000" : 1286144,
            "99.990000" : 7897088
          }
        },
        "lat_ns" : {
          "min" : 35112,
          "max" : 9206072,
          "mean" : 87340.753350,
          "stddev" : 124861.110715,
          "N" : 911259
        },
        "bw_min" : 681552,
        "bw_max" : 815792,
        "bw_agg" : 100.000000,
        "bw_mean" : 732770.666667,
        "bw_dev" : 41081.847281,
        "bw_samples" : 9,
        "iops_min" : 170388,
        "iops_max" : 203948,
        "iops_mean" : 183193.111111,
        "iops_stddev" : 10270.835463,
        "iops_samples" : 9
      },
      "trim" : {
        "io_bytes" : 0,
        "io_kbytes" : 0,
        "bw_bytes" : 0,
        "bw" : 0,
        "iops" : 0.000000,
        "runtime" : 0,
        "total_ios" : 0,
        "short_ios" : 0,
        "drop_ios" : 0,
        "slat_ns" : {
          "min" : 0,
          "max" : 0,
          "mean" : 0.000000,
          "stddev" : 0.000000,
          "N" : 0
        },
        "clat_ns" : {
          "min" : 0,
          "max" : 0,
          "mean" : 0.000000,
          "stddev" : 0.000000,
          "N" : 0
        },
        "lat_ns" : {
          "min" : 0,
          "max" : 0,
          "mean" : 0.000000,
          "stddev" : 0.000000,
          "N" : 0
        },
        "bw_min" : 0,
        "bw_max" : 0,
        "bw_agg" : 0.000000,
        "bw_mean" : 0.000000,
        "bw_dev" : 0.000000,
        "bw_samples" : 0,
        "iops_min" : 0,
        "iops_max" : 0,
        "iops_mean" : 0.000000,
        "iops_stddev" : 0.000000,
        "iops_samples" : 0
      },
      "sync" : {
        "total_ios" : 0,
        "lat_ns" : {
          "min" : 0,
          "max" : 0,
          "mean" : 0.000000,
          "stddev" : 0.000000,
          "N" : 0
        }
      },
      "job_runtime" : 5000,
      "usr_cpu" : 17.400000,
      "sys_cpu" : 31.340000,
      "ctx" : 233143,
      "majf" : 0,
      "minf" : 41,
      "iodepth_level" : {
        "1" : 0.100000,
        "2" : 0.100000,
        "4" : 0.100000,
        "8" : 0.100000,
        "16" : 99.998354,
        "32" : 0.000000,
        ">=64" : 0.000000
      },
      "iodepth_submit" : {
        "0" : 0.000000,
        "4" : 100.000000,
        "8" : 0.000000,
        "16" : 0.000000,
        "32" : 0.000000,
        "64" : 0.000000,
        ">=64" : 0.000000
      },
      "iodepth_complete" : {
        "0" : 0.000000,
        "4" : 99.999890,
        "8" : 0.000000,
        "16" : 0.100000,
        "32" : 0.000000,
        "64" : 0.000000,
        ">=64" : 0.000000
      },
      "latency_ns" : {
        "2" : 0.000000,
        "4" : 0.000000,
        "10" : 0.000000,
        "20" : 0.000000,
        "50" : 0.000000,
        "100" : 0.000000,
        "250" : 0.000000,
        "500" : 0.000000,
        "750" : 0.000000,
        "1000" : 0.000000
      },
      "latency_us" : {
        "2" : 0.000000,
        "4" : 0.000000,
        "10" : 0.000000,
        "20" : 0.000000,
        "50" : 0.010000,
        "100" : 95.551320,
        "250" : 3.829427,
        "500" : 0.464412,
        "750" : 0.051138,
        "1000" : 0.031714
      },
      "latency_ms" : {
        "2" : 0.035775,
        "4" : 0.010000,
        "10" : 0.026337,
        "20" : 0.000000,
        "50" : 0.000000,
        "100" : 0.000000,
        "250" : 0.000000,
        "500" : 0.000000,
        "750" : 0.000000,
        "1000" : 0.000000,
        "2000" : 0.000000,
        ">=2000" : 0.000000
      },
      "latency_depth" : 16,
      "latency_target" : 0,
      "latency_percentile" : 100.000000,
      "latency_window" : 0
    }
  ],
  "disk_util" : [
    {
      "name" : "nvme2n2",
      "read_ios" : 0,
      "write_ios" : 113961,
      "read_merges" : 0,
      "write_merges" : 776171,
      "read_ticks" : 0,
      "write_ticks" : 8862,
      "in_queue" : 8862,
      "util" : 98.152610
    }
  ]
}
