{
  "fio version" : "fio-3.28-261-gc3773-dirty",
  "timestamp" : 1645913931,
  "timestamp_ms" : 1645913931705,
  "time" : "Sat Feb 26 23:18:51 2022",
  "jobs" : [
    {
      "jobname" : "nvme2n2_write_4K_queue-depth-128",
      "groupid" : 0,
      "error" : 0,
      "eta" : 0,
      "elapsed" : 6,
      "job options" : {
        "name" : "nvme2n2_write_4K_queue-depth-128",
        "filename" : "/dev/nvme2n2",
        "direct" : "1",
        "size" : "107374182400",
        "ioengine" : "libaio",
        "zonemode" : "zbd",
        "iodepth" : "128",
        "rw" : "write",
        "bs" : "4K",
        "runtime" : "5s"
      },
      "read" : {
        "io_bytes" : 0,
        "io_kbytes" : 0,
        "bw_bytes" : 0,
        "bw" : 0,
        "iops" : 0.000000,
        "runtime" : 0,
        "total_ios" : 0,
        "short_ios" : 0,
        "drop_ios" : 0,
        "slat_ns" : {
          "min" : 0,
          "max" : 0,
          "mean" : 0.000000,
          "stddev" : 0.000000,
          "N" : 0
        },
        "clat_ns" : {
          "min" : 0,
          "max" : 0,
          "mean" : 0.000000,
          "stddev" : 0.000000,
          "N" : 0
        },
        "lat_ns" : {
          "min" : 0,
          "max" : 0,
          "mean" : 0.000000,
          "stddev" : 0.000000,
          "N" : 0
        },
        "bw_min" : 0,
        "bw_max" : 0,
        "bw_agg" : 0.000000,
        "bw_mean" : 0.000000,
        "bw_dev" : 0.000000,
        "bw_samples" : 0,
        "iops_min" : 0,
        "iops_max" : 0,
        "iops_mean" : 0.000000,
        "iops_stddev" : 0.000000,
        "iops_samples" : 0
      },
      "write" : {
        "io_bytes" : 4931932160,
        "io_kbytes" : 4816340,
        "bw_bytes" : 986189194,
        "bw" : 963075,
        "iops" : 240768.846231,
        "runtime" : 5001,
        "total_ios" : 1204085,
        "short_ios" : 0,
        "drop_ios" : 0,
        "slat_ns" : {
          "min" : 1153,
          "max" : 199561,
          "mean" : 1892.360387,
          "stddev" : 2541.786054,
          "N" : 1204085
        },
        "clat_ns" : {
          "min" : 96319,
          "max" : 5843499,
          "mean" : 529017.744299,
          "stddev" : 398238.824948,
          "N" : 1204085,
          "percentile" : {
            "1.000000" : 292864,
            "5.000000" : 305152,
            "10.000000" : 313344,
            "20.000000" : 321536,
            "30.000000" : 325632,
            "40.000000" : 333824,
            "50.000000" : 342016,
            "60.000000" : 370688,
            "70.000000" : 468992,
            "80.000000" : 716800,
            "90.000000" : 1056768,
            "95.000000" : 1253376,
            "99.000000" : 2244608,
            "99.500000" : 2736128,
            "99.900000" : 3653632,
            "99.950000" : 3915776,
            "99.990000" : 5603328
          }
        },
        "lat_ns" : {
          "min" : 97804,
          "max" : 5844811,
          "mean" : 531011.413074,
          "stddev" : 398339.536511,
          "N" : 1204085
        },
        "bw_min" : 855640,
        "bw_max" : 1054480,
        "bw_agg" : 100.000000,
        "bw_mean" : 972679.000000,
        "bw_dev" : 80557.581090,
        "bw_samples" : 9,
        "iops_min" : 213910,
        "iops_max" : 263618,
        "iops_mean" : 243169.666667,
        "iops_stddev" : 20139.257062,
        "iops_samples" : 9
      },
      "trim" : {
        "io_bytes" : 0,
        "io_kbytes" : 0,
        "bw_bytes" : 0,
        "bw" : 0,
        "iops" : 0.000000,
        "runtime" : 0,
        "total_ios" : 0,
        "short_ios" : 0,
        "drop_ios" : 0,
        "slat_ns" : {
          "min" : 0,
          "max" : 0,
          "mean" : 0.000000,
          "stddev" : 0.000000,
          "N" : 0
        },
        "clat_ns" : {
          "min" : 0,
          "max" : 0,
          "mean" : 0.000000,
          "stddev" : 0.000000,
          "N" : 0
        },
        "lat_ns" : {
          "min" : 0,
          "max" : 0,
          "mean" : 0.000000,
          "stddev" : 0.000000,
          "N" : 0
        },
        "bw_min" : 0,
        "bw_max" : 0,
        "bw_agg" : 0.000000,
        "bw_mean" : 0.000000,
        "bw_dev" : 0.000000,
        "bw_samples" : 0,
        "iops_min" : 0,
        "iops_max" : 0,
        "iops_mean" : 0.000000,
        "iops_stddev" : 0.000000,
        "iops_samples" : 0
      },
      "sync" : {
        "total_ios" : 0,
        "lat_ns" : {
          "min" : 0,
          "max" : 0,
          "mean" : 0.000000,
          "stddev" : 0.000000,
          "N" : 0
        }
      },
      "job_runtime" : 5000,
      "usr_cpu" : 20.720000,
      "sys_cpu" : 43.120000,
      "ctx" : 86684,
      "majf" : 0,
      "minf" : 177,
      "iodepth_level" : {
        "1" : 0.100000,
        "2" : 0.100000,
        "4" : 0.100000,
        "8" : 0.100000,
        "16" : 0.100000,
        "32" : 0.100000,
        ">=64" : 99.994768
      },
      "iodepth_submit" : {
        "0" : 0.000000,
        "4" : 100.000000,
        "8" : 0.000000,
        "16" : 0.000000,
        "32" : 0.000000,
        "64" : 0.000000,
        ">=64" : 0.000000
      },
      "iodepth_complete" : {
        "0" : 0.000000,
        "4" : 99.999917,
        "8" : 0.000000,
        "16" : 0.000000,
        "32" : 0.000000,
        "64" : 0.000000,
        ">=64" : 0.100000
      },
      "latency_ns" : {
        "2" : 0.000000,
        "4" : 0.000000,
        "10" : 0.000000,
        "20" : 0.000000,
        "50" : 0.000000,
        "100" : 0.000000,
        "250" : 0.000000,
        "500" : 0.000000,
        "750" : 0.000000,
        "1000" : 0.000000
      },
      "latency_us" : {
        "2" : 0.000000,
        "4" : 0.000000,
        "10" : 0.000000,
        "20" : 0.000000,
        "50" : 0.000000,
        "100" : 0.010000,
        "250" : 0.010000,
        "500" : 71.830228,
        "750" : 9.100105,
        "1000" : 7.597802
      },
      "latency_ms" : {
        "2" : 10.287895,
        "4" : 1.136465,
        "10" : 0.043352,
        "20" : 0.000000,
        "50" : 0.000000,
        "100" : 0.000000,
        "250" : 0.000000,
        "500" : 0.000000,
        "750" : 0.000000,
        "1000" : 0.000000,
        "2000" : 0.000000,
        ">=2000" : 0.000000
      },
      "latency_depth" : 128,
      "latency_target" : 0,
      "latency_percentile" : 100.000000,
      "latency_window" : 0
    }
  ],
  "disk_util" : [
    {
      "name" : "nvme2n2",
      "read_ios" : 0,
      "write_ios" : 42513,
      "read_merges" : 0,
      "write_merges" : 1135167,
      "read_ticks" : 0,
      "write_ticks" : 9367,
      "in_queue" : 9366,
      "util" : 98.032919
    }
  ]
}
