{
  "fio version" : "fio-3.28-93-ga87e-dirty",
  "timestamp" : 1645885243,
  "timestamp_ms" : 1645885243476,
  "time" : "Sat Feb 26 15:20:43 2022",
  "jobs" : [
    {
      "jobname" : "nvme2n2_overwrite-seq_4Ki_queue-depth-32",
      "groupid" : 0,
      "error" : 0,
      "eta" : 0,
      "elapsed" : 11,
      "job options" : {
        "name" : "nvme2n2_overwrite-seq_4Ki_queue-depth-32",
        "filename" : "/dev/nvme2n2",
        "direct" : "1",
        "size" : "107374182400",
        "ioengine" : "libaio",
        "zonemode" : "zbd",
        "iodepth" : "32",
        "rw" : "write",
        "bs" : "4Ki",
        "runtime" : "10s"
      },
      "read" : {
        "io_bytes" : 0,
        "io_kbytes" : 0,
        "bw_bytes" : 0,
        "bw" : 0,
        "iops" : 0.000000,
        "runtime" : 0,
        "total_ios" : 0,
        "short_ios" : 0,
        "drop_ios" : 0,
        "slat_ns" : {
          "min" : 0,
          "max" : 0,
          "mean" : 0.000000,
          "stddev" : 0.000000,
          "N" : 0
        },
        "clat_ns" : {
          "min" : 0,
          "max" : 0,
          "mean" : 0.000000,
          "stddev" : 0.000000,
          "N" : 0
        },
        "lat_ns" : {
          "min" : 0,
          "max" : 0,
          "mean" : 0.000000,
          "stddev" : 0.000000,
          "N" : 0
        },
        "bw_min" : 0,
        "bw_max" : 0,
        "bw_agg" : 0.000000,
        "bw_mean" : 0.000000,
        "bw_dev" : 0.000000,
        "bw_samples" : 0,
        "iops_min" : 0,
        "iops_max" : 0,
        "iops_mean" : 0.000000,
        "iops_stddev" : 0.000000,
        "iops_samples" : 0
      },
      "write" : {
        "io_bytes" : 9255493632,
        "io_kbytes" : 9038568,
        "bw_bytes" : 925456817,
        "bw" : 903766,
        "iops" : 225941.605839,
        "runtime" : 10001,
        "total_ios" : 2259642,
        "short_ios" : 0,
        "drop_ios" : 0,
        "slat_ns" : {
          "min" : 1115,
          "max" : 386220,
          "mean" : 1640.708787,
          "stddev" : 1333.226882,
          "N" : 2259642
        },
        "clat_ns" : {
          "min" : 63213,
          "max" : 8416552,
          "mean" : 138076.046172,
          "stddev" : 151990.472891,
          "N" : 2259642,
          "percentile" : {
            "1.000000" : 94720,
            "5.000000" : 99840,
            "10.000000" : 100864,
            "20.000000" : 102912,
            "30.000000" : 104960,
            "40.000000" : 107008,
            "50.000000" : 109056,
            "60.000000" : 111104,
            "70.000000" : 114176,
            "80.000000" : 121344,
            "90.000000" : 185344,
            "95.000000" : 268288,
            "99.000000" : 626688,
            "99.500000" : 798720,
            "99.900000" : 1695744,
            "99.950000" : 2056192,
            "99.990000" : 7438336
          }
        },
        "lat_ns" : {
          "min" : 64736,
          "max" : 8419577,
          "mean" : 139800.636530,
          "stddev" : 152090.543831,
          "N" : 2259642
        },
        "bw_min" : 754360,
        "bw_max" : 1070040,
        "bw_agg" : 99.689475,
        "bw_mean" : 900960.842105,
        "bw_dev" : 114303.749996,
        "bw_samples" : 19,
        "iops_min" : 188590,
        "iops_max" : 267510,
        "iops_mean" : 225240.105263,
        "iops_stddev" : 28575.959169,
        "iops_samples" : 19
      },
      "trim" : {
        "io_bytes" : 0,
        "io_kbytes" : 0,
        "bw_bytes" : 0,
        "bw" : 0,
        "iops" : 0.000000,
        "runtime" : 0,
        "total_ios" : 0,
        "short_ios" : 0,
        "drop_ios" : 0,
        "slat_ns" : {
          "min" : 0,
          "max" : 0,
          "mean" : 0.000000,
          "stddev" : 0.000000,
          "N" : 0
        },
        "clat_ns" : {
          "min" : 0,
          "max" : 0,
          "mean" : 0.000000,
          "stddev" : 0.000000,
          "N" : 0
        },
        "lat_ns" : {
          "min" : 0,
          "max" : 0,
          "mean" : 0.000000,
          "stddev" : 0.000000,
          "N" : 0
        },
        "bw_min" : 0,
        "bw_max" : 0,
        "bw_agg" : 0.000000,
        "bw_mean" : 0.000000,
        "bw_dev" : 0.000000,
        "bw_samples" : 0,
        "iops_min" : 0,
        "iops_max" : 0,
        "iops_mean" : 0.000000,
        "iops_stddev" : 0.000000,
        "iops_samples" : 0
      },
      "sync" : {
        "total_ios" : 0,
        "lat_ns" : {
          "min" : 0,
          "max" : 0,
          "mean" : 0.000000,
          "stddev" : 0.000000,
          "N" : 0
        }
      },
      "job_runtime" : 10000,
      "usr_cpu" : 21.090000,
      "sys_cpu" : 33.740000,
      "ctx" : 294521,
      "majf" : 0,
      "minf" : 65,
      "iodepth_level" : {
        "1" : 0.100000,
        "2" : 0.100000,
        "4" : 0.100000,
        "8" : 0.100000,
        "16" : 0.100000,
        "32" : 99.987653,
        ">=64" : 0.000000
      },
      "iodepth_submit" : {
        "0" : 0.000000,
        "4" : 100.000000,
        "8" : 0.000000,
        "16" : 0.000000,
        "32" : 0.000000,
        "64" : 0.000000,
        ">=64" : 0.000000
      },
      "iodepth_complete" : {
        "0" : 0.000000,
        "4" : 99.999956,
        "8" : 0.000000,
        "16" : 0.000000,
        "32" : 0.100000,
        "64" : 0.000000,
        ">=64" : 0.000000
      },
      "latency_ns" : {
        "2" : 0.000000,
        "4" : 0.000000,
        "10" : 0.000000,
        "20" : 0.000000,
        "50" : 0.000000,
        "100" : 0.000000,
        "250" : 0.000000,
        "500" : 0.000000,
        "750" : 0.000000,
        "1000" : 0.000000
      },
      "latency_us" : {
        "2" : 0.000000,
        "4" : 0.000000,
        "10" : 0.000000,
        "20" : 0.000000,
        "50" : 0.000000,
        "100" : 5.337925,
        "250" : 88.940682,
        "500" : 3.992137,
        "750" : 1.119071,
        "1000" : 0.283673
      },
      "latency_ms" : {
        "2" : 0.274291,
        "4" : 0.031067,
        "10" : 0.021154,
        "20" : 0.000000,
        "50" : 0.000000,
        "100" : 0.000000,
        "250" : 0.000000,
        "500" : 0.000000,
        "750" : 0.000000,
        "1000" : 0.000000,
        "2000" : 0.000000,
        ">=2000" : 0.000000
      },
      "latency_depth" : 32,
      "latency_target" : 0,
      "latency_percentile" : 100.000000,
      "latency_window" : 0
    }
  ],
  "disk_util" : [
    {
      "name" : "nvme2n2",
      "read_ios" : 31,
      "write_ios" : 145392,
      "read_merges" : 0,
      "write_merges" : 2084375,
      "read_ticks" : 4,
      "write_ticks" : 18460,
      "in_queue" : 18463,
      "util" : 99.148040
    }
  ]
}
