{
  "fio version" : "fio-3.28-93-ga87e-dirty",
  "timestamp" : 1645884989,
  "timestamp_ms" : 1645884989395,
  "time" : "Sat Feb 26 15:16:29 2022",
  "jobs" : [
    {
      "jobname" : "nvme2n2_read_4Ki_queue-depth-8",
      "groupid" : 0,
      "error" : 0,
      "eta" : 0,
      "elapsed" : 11,
      "job options" : {
        "name" : "nvme2n2_read_4Ki_queue-depth-8",
        "filename" : "/dev/nvme2n2",
        "direct" : "1",
        "size" : "107374182400",
        "ioengine" : "libaio",
        "zonemode" : "zbd",
        "iodepth" : "8",
        "rw" : "read",
        "bs" : "4Ki",
        "runtime" : "10s"
      },
      "read" : {
        "io_bytes" : 12426276864,
        "io_kbytes" : 12135036,
        "bw_bytes" : 1242503436,
        "bw" : 1213382,
        "iops" : 303345.565443,
        "runtime" : 10001,
        "total_ios" : 3033759,
        "short_ios" : 0,
        "drop_ios" : 0,
        "slat_ns" : {
          "min" : 1210,
          "max" : 248872,
          "mean" : 2304.090649,
          "stddev" : 807.742981,
          "N" : 3033759
        },
        "clat_ns" : {
          "min" : 8472,
          "max" : 803424,
          "mean" : 23510.651282,
          "stddev" : 9060.867846,
          "N" : 3033759,
          "percentile" : {
            "1.000000" : 21120,
            "5.000000" : 21632,
            "10.000000" : 22144,
            "20.000000" : 22144,
            "30.000000" : 22400,
            "40.000000" : 22400,
            "50.000000" : 22400,
            "60.000000" : 22656,
            "70.000000" : 23168,
            "80.000000" : 23680,
            "90.000000" : 24704,
            "95.000000" : 25216,
            "99.000000" : 36608,
            "99.500000" : 42752,
            "99.900000" : 224256,
            "99.950000" : 242688,
            "99.990000" : 276480
          }
        },
        "lat_ns" : {
          "min" : 11312,
          "max" : 805238,
          "mean" : 25907.296711,
          "stddev" : 9108.312463,
          "N" : 3033759
        },
        "bw_min" : 1093296,
        "bw_max" : 1254128,
        "bw_agg" : 100.000000,
        "bw_mean" : 1214379.789474,
        "bw_dev" : 37100.198585,
        "bw_samples" : 19,
        "iops_min" : 273324,
        "iops_max" : 313530,
        "iops_mean" : 303594.947368,
        "iops_stddev" : 9274.918182,
        "iops_samples" : 19
      },
      "write" : {
        "io_bytes" : 0,
        "io_kbytes" : 0,
        "bw_bytes" : 0,
        "bw" : 0,
        "iops" : 0.000000,
        "runtime" : 0,
        "total_ios" : 0,
        "short_ios" : 0,
        "drop_ios" : 0,
        "slat_ns" : {
          "min" : 0,
          "max" : 0,
          "mean" : 0.000000,
          "stddev" : 0.000000,
          "N" : 0
        },
        "clat_ns" : {
          "min" : 0,
          "max" : 0,
          "mean" : 0.000000,
          "stddev" : 0.000000,
          "N" : 0
        },
        "lat_ns" : {
          "min" : 0,
          "max" : 0,
          "mean" : 0.000000,
          "stddev" : 0.000000,
          "N" : 0
        },
        "bw_min" : 0,
        "bw_max" : 0,
        "bw_agg" : 0.000000,
        "bw_mean" : 0.000000,
        "bw_dev" : 0.000000,
        "bw_samples" : 0,
        "iops_min" : 0,
        "iops_max" : 0,
        "iops_mean" : 0.000000,
        "iops_stddev" : 0.000000,
        "iops_samples" : 0
      },
      "trim" : {
        "io_bytes" : 0,
        "io_kbytes" : 0,
        "bw_bytes" : 0,
        "bw" : 0,
        "iops" : 0.000000,
        "runtime" : 0,
        "total_ios" : 0,
        "short_ios" : 0,
        "drop_ios" : 0,
        "slat_ns" : {
          "min" : 0,
          "max" : 0,
          "mean" : 0.000000,
          "stddev" : 0.000000,
          "N" : 0
        },
        "clat_ns" : {
          "min" : 0,
          "max" : 0,
          "mean" : 0.000000,
          "stddev" : 0.000000,
          "N" : 0
        },
        "lat_ns" : {
          "min" : 0,
          "max" : 0,
          "mean" : 0.000000,
          "stddev" : 0.000000,
          "N" : 0
        },
        "bw_min" : 0,
        "bw_max" : 0,
        "bw_agg" : 0.000000,
        "bw_mean" : 0.000000,
        "bw_dev" : 0.000000,
        "bw_samples" : 0,
        "iops_min" : 0,
        "iops_max" : 0,
        "iops_mean" : 0.000000,
        "iops_stddev" : 0.000000,
        "iops_samples" : 0
      },
      "sync" : {
        "total_ios" : 0,
        "lat_ns" : {
          "min" : 0,
          "max" : 0,
          "mean" : 0.000000,
          "stddev" : 0.000000,
          "N" : 0
        }
      },
      "job_runtime" : 10000,
      "usr_cpu" : 28.130000,
      "sys_cpu" : 70.570000,
      "ctx" : 7271,
      "majf" : 0,
      "minf" : 25,
      "iodepth_level" : {
        "1" : 0.100000,
        "2" : 0.100000,
        "4" : 0.100000,
        "8" : 99.999769,
        "16" : 0.000000,
        "32" : 0.000000,
        ">=64" : 0.000000
      },
      "iodepth_submit" : {
        "0" : 0.000000,
        "4" : 100.000000,
        "8" : 0.000000,
        "16" : 0.000000,
        "32" : 0.000000,
        "64" : 0.000000,
        ">=64" : 0.000000
      },
      "iodepth_complete" : {
        "0" : 0.000000,
        "4" : 99.999967,
        "8" : 0.100000,
        "16" : 0.000000,
        "32" : 0.000000,
        "64" : 0.000000,
        ">=64" : 0.000000
      },
      "latency_ns" : {
        "2" : 0.000000,
        "4" : 0.000000,
        "10" : 0.000000,
        "20" : 0.000000,
        "50" : 0.000000,
        "100" : 0.000000,
        "250" : 0.000000,
        "500" : 0.000000,
        "750" : 0.000000,
        "1000" : 0.000000
      },
      "latency_us" : {
        "2" : 0.000000,
        "4" : 0.000000,
        "10" : 0.010000,
        "20" : 0.049477,
        "50" : 99.709469,
        "100" : 0.054289,
        "250" : 0.167515,
        "500" : 0.017536,
        "750" : 0.010000,
        "1000" : 0.010000
      },
      "latency_ms" : {
        "2" : 0.000000,
        "4" : 0.000000,
        "10" : 0.000000,
        "20" : 0.000000,
        "50" : 0.000000,
        "100" : 0.000000,
        "250" : 0.000000,
        "500" : 0.000000,
        "750" : 0.000000,
        "1000" : 0.000000,
        "2000" : 0.000000,
        ">=2000" : 0.000000
      },
      "latency_depth" : 8,
      "latency_target" : 0,
      "latency_percentile" : 100.000000,
      "latency_window" : 0
    }
  ],
  "disk_util" : [
    {
      "name" : "nvme2n2",
      "read_ios" : 3002009,
      "write_ios" : 0,
      "read_merges" : 0,
      "write_merges" : 0,
      "read_ticks" : 27681,
      "write_ticks" : 0,
      "in_queue" : 27681,
      "util" : 99.168253
    }
  ]
}
