{
  "fio version" : "fio-3.28-261-gc3773-dirty",
  "timestamp" : 1645928441,
  "timestamp_ms" : 1645928441567,
  "time" : "Sun Feb 27 03:20:41 2022",
  "jobs" : [
    {
      "jobname" : "nvme2n2_read_4K_queue-depth-512",
      "groupid" : 0,
      "error" : 0,
      "eta" : 0,
      "elapsed" : 69,
      "job options" : {
        "name" : "nvme2n2_read_4K_queue-depth-512",
        "filename" : "/dev/nvme2n2",
        "direct" : "1",
        "size" : "107374182400",
        "ioengine" : "libaio",
        "zonemode" : "zbd",
        "iodepth" : "512",
        "rw" : "read",
        "bs" : "4K",
        "runtime" : "10m"
      },
      "read" : {
        "io_bytes" : 56465817600,
        "io_kbytes" : 55142400,
        "bw_bytes" : 828551982,
        "bw" : 809132,
        "iops" : 202283.198826,
        "runtime" : 68150,
        "total_ios" : 13785600,
        "short_ios" : 0,
        "drop_ios" : 0,
        "slat_ns" : {
          "min" : 1589,
          "max" : 131354,
          "mean" : 3883.352414,
          "stddev" : 7124.499950,
          "N" : 13785600
        },
        "clat_ns" : {
          "min" : 62904,
          "max" : 6470902,
          "mean" : 2526529.031537,
          "stddev" : 418784.293402,
          "N" : 13785600,
          "percentile" : {
            "1.000000" : 1875968,
            "5.000000" : 1974272,
            "10.000000" : 2056192,
            "20.000000" : 2113536,
            "30.000000" : 2211840,
            "40.000000" : 2342912,
            "50.000000" : 2473984,
            "60.000000" : 2605056,
            "70.000000" : 2768896,
            "80.000000" : 2932736,
            "90.000000" : 3129344,
            "95.000000" : 3260416,
            "99.000000" : 3457024,
            "99.500000" : 3555328,
            "99.900000" : 3751936,
            "99.950000" : 3883008,
            "99.990000" : 4882432
          }
        },
        "lat_ns" : {
          "min" : 64962,
          "max" : 6476901,
          "mean" : 2530528.620768,
          "stddev" : 418801.313493,
          "N" : 13785600
        },
        "bw_min" : 765520,
        "bw_max" : 987048,
        "bw_agg" : 100.000000,
        "bw_mean" : 809516.823529,
        "bw_dev" : 36064.304330,
        "bw_samples" : 136,
        "iops_min" : 191382,
        "iops_max" : 246762,
        "iops_mean" : 202379.308824,
        "iops_stddev" : 9016.125282,
        "iops_samples" : 136
      },
      "write" : {
        "io_bytes" : 0,
        "io_kbytes" : 0,
        "bw_bytes" : 0,
        "bw" : 0,
        "iops" : 0.000000,
        "runtime" : 0,
        "total_ios" : 0,
        "short_ios" : 0,
        "drop_ios" : 0,
        "slat_ns" : {
          "min" : 0,
          "max" : 0,
          "mean" : 0.000000,
          "stddev" : 0.000000,
          "N" : 0
        },
        "clat_ns" : {
          "min" : 0,
          "max" : 0,
          "mean" : 0.000000,
          "stddev" : 0.000000,
          "N" : 0
        },
        "lat_ns" : {
          "min" : 0,
          "max" : 0,
          "mean" : 0.000000,
          "stddev" : 0.000000,
          "N" : 0
        },
        "bw_min" : 0,
        "bw_max" : 0,
        "bw_agg" : 0.000000,
        "bw_mean" : 0.000000,
        "bw_dev" : 0.000000,
        "bw_samples" : 0,
        "iops_min" : 0,
        "iops_max" : 0,
        "iops_mean" : 0.000000,
        "iops_stddev" : 0.000000,
        "iops_samples" : 0
      },
      "trim" : {
        "io_bytes" : 0,
        "io_kbytes" : 0,
        "bw_bytes" : 0,
        "bw" : 0,
        "iops" : 0.000000,
        "runtime" : 0,
        "total_ios" : 0,
        "short_ios" : 0,
        "drop_ios" : 0,
        "slat_ns" : {
          "min" : 0,
          "max" : 0,
          "mean" : 0.000000,
          "stddev" : 0.000000,
          "N" : 0
        },
        "clat_ns" : {
          "min" : 0,
          "max" : 0,
          "mean" : 0.000000,
          "stddev" : 0.000000,
          "N" : 0
        },
        "lat_ns" : {
          "min" : 0,
          "max" : 0,
          "mean" : 0.000000,
          "stddev" : 0.000000,
          "N" : 0
        },
        "bw_min" : 0,
        "bw_max" : 0,
        "bw_agg" : 0.000000,
        "bw_mean" : 0.000000,
        "bw_dev" : 0.000000,
        "bw_samples" : 0,
        "iops_min" : 0,
        "iops_max" : 0,
        "iops_mean" : 0.000000,
        "iops_stddev" : 0.000000,
        "iops_samples" : 0
      },
      "sync" : {
        "total_ios" : 0,
        "lat_ns" : {
          "min" : 0,
          "max" : 0,
          "mean" : 0.000000,
          "stddev" : 0.000000,
          "N" : 0
        }
      },
      "job_runtime" : 68150,
      "usr_cpu" : 21.545121,
      "sys_cpu" : 57.732942,
      "ctx" : 363189,
      "majf" : 0,
      "minf" : 535,
      "iodepth_level" : {
        "1" : 0.100000,
        "2" : 0.100000,
        "4" : 0.100000,
        "8" : 0.100000,
        "16" : 0.100000,
        "32" : 0.100000,
        ">=64" : 99.999543
      },
      "iodepth_submit" : {
        "0" : 0.000000,
        "4" : 100.000000,
        "8" : 0.000000,
        "16" : 0.000000,
        "32" : 0.000000,
        "64" : 0.000000,
        ">=64" : 0.000000
      },
      "iodepth_complete" : {
        "0" : 0.000000,
        "4" : 99.999993,
        "8" : 0.000000,
        "16" : 0.000000,
        "32" : 0.000000,
        "64" : 0.000000,
        ">=64" : 0.100000
      },
      "latency_ns" : {
        "2" : 0.000000,
        "4" : 0.000000,
        "10" : 0.000000,
        "20" : 0.000000,
        "50" : 0.000000,
        "100" : 0.000000,
        "250" : 0.000000,
        "500" : 0.000000,
        "750" : 0.000000,
        "1000" : 0.000000
      },
      "latency_us" : {
        "2" : 0.000000,
        "4" : 0.000000,
        "10" : 0.000000,
        "20" : 0.000000,
        "50" : 0.000000,
        "100" : 0.010000,
        "250" : 0.010000,
        "500" : 0.010000,
        "750" : 0.010000,
        "1000" : 0.010000
      },
      "latency_ms" : {
        "2" : 6.152913,
        "4" : 93.811223,
        "10" : 0.034159,
        "20" : 0.000000,
        "50" : 0.000000,
        "100" : 0.000000,
        "250" : 0.000000,
        "500" : 0.000000,
        "750" : 0.000000,
        "1000" : 0.000000,
        "2000" : 0.000000,
        ">=2000" : 0.000000
      },
      "latency_depth" : 512,
      "latency_target" : 0,
      "latency_percentile" : 100.000000,
      "latency_window" : 0
    }
  ],
  "disk_util" : [
    {
      "name" : "nvme2n2",
      "read_ios" : 13782074,
      "write_ios" : 0,
      "read_merges" : 0,
      "write_merges" : 0,
      "read_ticks" : 16228337,
      "write_ticks" : 0,
      "in_queue" : 16228338,
      "util" : 99.963333
    }
  ]
}
