{
  "fio version" : "fio-3.28-93-ga87e-dirty",
  "timestamp" : 1645885606,
  "timestamp_ms" : 1645885606827,
  "time" : "Sat Feb 26 15:26:46 2022",
  "jobs" : [
    {
      "jobname" : "nvme2n2_overwrite-rand_4Ki_queue-depth-256",
      "groupid" : 0,
      "error" : 0,
      "eta" : 0,
      "elapsed" : 11,
      "job options" : {
        "name" : "nvme2n2_overwrite-rand_4Ki_queue-depth-256",
        "filename" : "/dev/nvme2n2",
        "direct" : "1",
        "size" : "107374182400",
        "ioengine" : "libaio",
        "zonemode" : "zbd",
        "iodepth" : "256",
        "rw" : "randwrite",
        "bs" : "4Ki",
        "max_open_zones" : "14",
        "runtime" : "10s"
      },
      "read" : {
        "io_bytes" : 0,
        "io_kbytes" : 0,
        "bw_bytes" : 0,
        "bw" : 0,
        "iops" : 0.000000,
        "runtime" : 0,
        "total_ios" : 0,
        "short_ios" : 0,
        "drop_ios" : 0,
        "slat_ns" : {
          "min" : 0,
          "max" : 0,
          "mean" : 0.000000,
          "stddev" : 0.000000,
          "N" : 0
        },
        "clat_ns" : {
          "min" : 0,
          "max" : 0,
          "mean" : 0.000000,
          "stddev" : 0.000000,
          "N" : 0
        },
        "lat_ns" : {
          "min" : 0,
          "max" : 0,
          "mean" : 0.000000,
          "stddev" : 0.000000,
          "N" : 0
        },
        "bw_min" : 0,
        "bw_max" : 0,
        "bw_agg" : 0.000000,
        "bw_mean" : 0.000000,
        "bw_dev" : 0.000000,
        "bw_samples" : 0,
        "iops_min" : 0,
        "iops_max" : 0,
        "iops_mean" : 0.000000,
        "iops_stddev" : 0.000000,
        "iops_samples" : 0
      },
      "write" : {
        "io_bytes" : 8545656832,
        "io_kbytes" : 8345368,
        "bw_bytes" : 854480235,
        "bw" : 834453,
        "iops" : 208613.338666,
        "runtime" : 10001,
        "total_ios" : 2086342,
        "short_ios" : 0,
        "drop_ios" : 0,
        "slat_ns" : {
          "min" : 1168,
          "max" : 412769,
          "mean" : 2813.537437,
          "stddev" : 3136.450707,
          "N" : 2086342
        },
        "clat_ns" : {
          "min" : 18606,
          "max" : 6982653,
          "mean" : 1205553.947830,
          "stddev" : 581845.930915,
          "N" : 2086342,
          "percentile" : {
            "1.000000" : 207872,
            "5.000000" : 423936,
            "10.000000" : 569344,
            "20.000000" : 774144,
            "30.000000" : 921600,
            "40.000000" : 1044480,
            "50.000000" : 1155072,
            "60.000000" : 1269760,
            "70.000000" : 1384448,
            "80.000000" : 1531904,
            "90.000000" : 1810432,
            "95.000000" : 2146304,
            "99.000000" : 3358720,
            "99.500000" : 4177920,
            "99.900000" : 4882432,
            "99.950000" : 5144576,
            "99.990000" : 5865472
          }
        },
        "lat_ns" : {
          "min" : 24496,
          "max" : 6984156,
          "mean" : 1208499.992477,
          "stddev" : 581895.389217,
          "N" : 2086342
        },
        "bw_min" : 636686,
        "bw_max" : 939960,
        "bw_agg" : 100.000000,
        "bw_mean" : 834977.578947,
        "bw_dev" : 74746.508653,
        "bw_samples" : 19,
        "iops_min" : 159171,
        "iops_max" : 234988,
        "iops_mean" : 208744.789474,
        "iops_stddev" : 18686.492158,
        "iops_samples" : 19
      },
      "trim" : {
        "io_bytes" : 0,
        "io_kbytes" : 0,
        "bw_bytes" : 0,
        "bw" : 0,
        "iops" : 0.000000,
        "runtime" : 0,
        "total_ios" : 0,
        "short_ios" : 0,
        "drop_ios" : 0,
        "slat_ns" : {
          "min" : 0,
          "max" : 0,
          "mean" : 0.000000,
          "stddev" : 0.000000,
          "N" : 0
        },
        "clat_ns" : {
          "min" : 0,
          "max" : 0,
          "mean" : 0.000000,
          "stddev" : 0.000000,
          "N" : 0
        },
        "lat_ns" : {
          "min" : 0,
          "max" : 0,
          "mean" : 0.000000,
          "stddev" : 0.000000,
          "N" : 0
        },
        "bw_min" : 0,
        "bw_max" : 0,
        "bw_agg" : 0.000000,
        "bw_mean" : 0.000000,
        "bw_dev" : 0.000000,
        "bw_samples" : 0,
        "iops_min" : 0,
        "iops_max" : 0,
        "iops_mean" : 0.000000,
        "iops_stddev" : 0.000000,
        "iops_samples" : 0
      },
      "sync" : {
        "total_ios" : 0,
        "lat_ns" : {
          "min" : 0,
          "max" : 0,
          "mean" : 0.000000,
          "stddev" : 0.000000,
          "N" : 0
        }
      },
      "job_runtime" : 10000,
      "usr_cpu" : 22.140000,
      "sys_cpu" : 45.630000,
      "ctx" : 620633,
      "majf" : 0,
      "minf" : 1135,
      "iodepth_level" : {
        "1" : 0.100000,
        "2" : 0.100000,
        "4" : 0.100000,
        "8" : 0.100000,
        "16" : 0.100000,
        "32" : 0.100000,
        ">=64" : 99.993194
      },
      "iodepth_submit" : {
        "0" : 0.000000,
        "4" : 100.000000,
        "8" : 0.000000,
        "16" : 0.000000,
        "32" : 0.000000,
        "64" : 0.000000,
        ">=64" : 0.000000
      },
      "iodepth_complete" : {
        "0" : 0.000000,
        "4" : 99.999952,
        "8" : 0.000000,
        "16" : 0.000000,
        "32" : 0.000000,
        "64" : 0.000000,
        ">=64" : 0.100000
      },
      "latency_ns" : {
        "2" : 0.000000,
        "4" : 0.000000,
        "10" : 0.000000,
        "20" : 0.000000,
        "50" : 0.000000,
        "100" : 0.000000,
        "250" : 0.000000,
        "500" : 0.000000,
        "750" : 0.000000,
        "1000" : 0.000000
      },
      "latency_us" : {
        "2" : 0.000000,
        "4" : 0.000000,
        "10" : 0.000000,
        "20" : 0.010000,
        "50" : 0.021521,
        "100" : 0.141156,
        "250" : 1.355626,
        "500" : 5.898458,
        "750" : 11.290047,
        "1000" : 17.437649
      },
      "latency_ms" : {
        "2" : 57.203229,
        "4" : 6.070337,
        "10" : 0.581928,
        "20" : 0.000000,
        "50" : 0.000000,
        "100" : 0.000000,
        "250" : 0.000000,
        "500" : 0.000000,
        "750" : 0.000000,
        "1000" : 0.000000,
        "2000" : 0.000000,
        ">=2000" : 0.000000
      },
      "latency_depth" : 256,
      "latency_target" : 0,
      "latency_percentile" : 100.000000,
      "latency_window" : 0
    }
  ],
  "disk_util" : [
    {
      "name" : "nvme2n2",
      "read_ios" : 0,
      "write_ios" : 375613,
      "read_merges" : 0,
      "write_merges" : 1683816,
      "read_ticks" : 0,
      "write_ticks" : 237102,
      "in_queue" : 237102,
      "util" : 99.047619
    }
  ]
}
