{
  "fio version" : "fio-3.28-261-gc3773-dirty",
  "timestamp" : 1645914261,
  "timestamp_ms" : 1645914261111,
  "time" : "Sat Feb 26 23:24:21 2022",
  "jobs" : [
    {
      "jobname" : "nvme2n2_randread_4K_queue-depth-1024",
      "groupid" : 0,
      "error" : 0,
      "eta" : 0,
      "elapsed" : 6,
      "job options" : {
        "name" : "nvme2n2_randread_4K_queue-depth-1024",
        "filename" : "/dev/nvme2n2",
        "direct" : "1",
        "size" : "107374182400",
        "ioengine" : "libaio",
        "zonemode" : "zbd",
        "iodepth" : "1024",
        "rw" : "randread",
        "bs" : "4K",
        "runtime" : "5s"
      },
      "read" : {
        "io_bytes" : 5056778240,
        "io_kbytes" : 4938260,
        "bw_bytes" : 1011153417,
        "bw" : 987454,
        "iops" : 246863.627275,
        "runtime" : 5001,
        "total_ios" : 1234565,
        "short_ios" : 0,
        "drop_ios" : 0,
        "slat_ns" : {
          "min" : 1610,
          "max" : 189703,
          "mean" : 2724.273142,
          "stddev" : 1170.145339,
          "N" : 1234565
        },
        "clat_ns" : {
          "min" : 144719,
          "max" : 9532214,
          "mean" : 4138996.290106,
          "stddev" : 108405.746336,
          "N" : 1234565,
          "percentile" : {
            "1.000000" : 4079616,
            "5.000000" : 4079616,
            "10.000000" : 4112384,
            "20.000000" : 4112384,
            "30.000000" : 4112384,
            "40.000000" : 4112384,
            "50.000000" : 4145152,
            "60.000000" : 4145152,
            "70.000000" : 4145152,
            "80.000000" : 4145152,
            "90.000000" : 4177920,
            "95.000000" : 4227072,
            "99.000000" : 4227072,
            "99.500000" : 4292608,
            "99.900000" : 4358144,
            "99.950000" : 5341184,
            "99.990000" : 8716288
          }
        },
        "lat_ns" : {
          "min" : 146576,
          "max" : 9592298,
          "mean" : 4141838.027119,
          "stddev" : 108522.241232,
          "N" : 1234565
        },
        "bw_min" : 966528,
        "bw_max" : 991784,
        "bw_agg" : 99.990935,
        "bw_mean" : 987365.333333,
        "bw_dev" : 7938.001764,
        "bw_samples" : 9,
        "iops_min" : 241632,
        "iops_max" : 247948,
        "iops_mean" : 246841.777778,
        "iops_stddev" : 1984.768864,
        "iops_samples" : 9
      },
      "write" : {
        "io_bytes" : 0,
        "io_kbytes" : 0,
        "bw_bytes" : 0,
        "bw" : 0,
        "iops" : 0.000000,
        "runtime" : 0,
        "total_ios" : 0,
        "short_ios" : 0,
        "drop_ios" : 0,
        "slat_ns" : {
          "min" : 0,
          "max" : 0,
          "mean" : 0.000000,
          "stddev" : 0.000000,
          "N" : 0
        },
        "clat_ns" : {
          "min" : 0,
          "max" : 0,
          "mean" : 0.000000,
          "stddev" : 0.000000,
          "N" : 0
        },
        "lat_ns" : {
          "min" : 0,
          "max" : 0,
          "mean" : 0.000000,
          "stddev" : 0.000000,
          "N" : 0
        },
        "bw_min" : 0,
        "bw_max" : 0,
        "bw_agg" : 0.000000,
        "bw_mean" : 0.000000,
        "bw_dev" : 0.000000,
        "bw_samples" : 0,
        "iops_min" : 0,
        "iops_max" : 0,
        "iops_mean" : 0.000000,
        "iops_stddev" : 0.000000,
        "iops_samples" : 0
      },
      "trim" : {
        "io_bytes" : 0,
        "io_kbytes" : 0,
        "bw_bytes" : 0,
        "bw" : 0,
        "iops" : 0.000000,
        "runtime" : 0,
        "total_ios" : 0,
        "short_ios" : 0,
        "drop_ios" : 0,
        "slat_ns" : {
          "min" : 0,
          "max" : 0,
          "mean" : 0.000000,
          "stddev" : 0.000000,
          "N" : 0
        },
        "clat_ns" : {
          "min" : 0,
          "max" : 0,
          "mean" : 0.000000,
          "stddev" : 0.000000,
          "N" : 0
        },
        "lat_ns" : {
          "min" : 0,
          "max" : 0,
          "mean" : 0.000000,
          "stddev" : 0.000000,
          "N" : 0
        },
        "bw_min" : 0,
        "bw_max" : 0,
        "bw_agg" : 0.000000,
        "bw_mean" : 0.000000,
        "bw_dev" : 0.000000,
        "bw_samples" : 0,
        "iops_min" : 0,
        "iops_max" : 0,
        "iops_mean" : 0.000000,
        "iops_stddev" : 0.000000,
        "iops_samples" : 0
      },
      "sync" : {
        "total_ios" : 0,
        "lat_ns" : {
          "min" : 0,
          "max" : 0,
          "mean" : 0.000000,
          "stddev" : 0.000000,
          "N" : 0
        }
      },
      "job_runtime" : 5000,
      "usr_cpu" : 35.220000,
      "sys_cpu" : 64.700000,
      "ctx" : 545,
      "majf" : 0,
      "minf" : 1038,
      "iodepth_level" : {
        "1" : 0.100000,
        "2" : 0.100000,
        "4" : 0.100000,
        "8" : 0.100000,
        "16" : 0.100000,
        "32" : 0.100000,
        ">=64" : 99.994897
      },
      "iodepth_submit" : {
        "0" : 0.000000,
        "4" : 100.000000,
        "8" : 0.000000,
        "16" : 0.000000,
        "32" : 0.000000,
        "64" : 0.000000,
        ">=64" : 0.000000
      },
      "iodepth_complete" : {
        "0" : 0.000000,
        "4" : 99.999919,
        "8" : 0.000000,
        "16" : 0.000000,
        "32" : 0.000000,
        "64" : 0.000000,
        ">=64" : 0.100000
      },
      "latency_ns" : {
        "2" : 0.000000,
        "4" : 0.000000,
        "10" : 0.000000,
        "20" : 0.000000,
        "50" : 0.000000,
        "100" : 0.000000,
        "250" : 0.000000,
        "500" : 0.000000,
        "750" : 0.000000,
        "1000" : 0.000000
      },
      "latency_us" : {
        "2" : 0.000000,
        "4" : 0.000000,
        "10" : 0.000000,
        "20" : 0.000000,
        "50" : 0.000000,
        "100" : 0.000000,
        "250" : 0.010000,
        "500" : 0.010000,
        "750" : 0.010000,
        "1000" : 0.010000
      },
      "latency_ms" : {
        "2" : 0.020007,
        "4" : 0.040095,
        "10" : 99.922807,
        "20" : 0.000000,
        "50" : 0.000000,
        "100" : 0.000000,
        "250" : 0.000000,
        "500" : 0.000000,
        "750" : 0.000000,
        "1000" : 0.000000,
        "2000" : 0.000000,
        ">=2000" : 0.000000
      },
      "latency_depth" : 1024,
      "latency_target" : 0,
      "latency_percentile" : 100.000000,
      "latency_window" : 0
    }
  ],
  "disk_util" : [
    {
      "name" : "nvme2n2",
      "read_ios" : 1205262,
      "write_ios" : 0,
      "read_merges" : 0,
      "write_merges" : 0,
      "read_ticks" : 120822,
      "write_ticks" : 0,
      "in_queue" : 120823,
      "util" : 98.193497
    }
  ]
}
