{
  "fio version" : "fio-3.28-261-gc3773-dirty",
  "timestamp" : 1645913663,
  "timestamp_ms" : 1645913663143,
  "time" : "Sat Feb 26 23:14:23 2022",
  "jobs" : [
    {
      "jobname" : "nvme2n2_randwrite_4K_queue-depth-16",
      "groupid" : 0,
      "error" : 0,
      "eta" : 0,
      "elapsed" : 6,
      "job options" : {
        "name" : "nvme2n2_randwrite_4K_queue-depth-16",
        "filename" : "/dev/nvme2n2",
        "direct" : "1",
        "size" : "107374182400",
        "ioengine" : "libaio",
        "zonemode" : "zbd",
        "iodepth" : "16",
        "rw" : "randwrite",
        "bs" : "4K",
        "max_open_zones" : "14",
        "runtime" : "5s"
      },
      "read" : {
        "io_bytes" : 0,
        "io_kbytes" : 0,
        "bw_bytes" : 0,
        "bw" : 0,
        "iops" : 0.000000,
        "runtime" : 0,
        "total_ios" : 0,
        "short_ios" : 0,
        "drop_ios" : 0,
        "slat_ns" : {
          "min" : 0,
          "max" : 0,
          "mean" : 0.000000,
          "stddev" : 0.000000,
          "N" : 0
        },
        "clat_ns" : {
          "min" : 0,
          "max" : 0,
          "mean" : 0.000000,
          "stddev" : 0.000000,
          "N" : 0
        },
        "lat_ns" : {
          "min" : 0,
          "max" : 0,
          "mean" : 0.000000,
          "stddev" : 0.000000,
          "N" : 0
        },
        "bw_min" : 0,
        "bw_max" : 0,
        "bw_agg" : 0.000000,
        "bw_mean" : 0.000000,
        "bw_dev" : 0.000000,
        "bw_samples" : 0,
        "iops_min" : 0,
        "iops_max" : 0,
        "iops_mean" : 0.000000,
        "iops_stddev" : 0.000000,
        "iops_samples" : 0
      },
      "write" : {
        "io_bytes" : 1244860416,
        "io_kbytes" : 1215684,
        "bw_bytes" : 248922298,
        "bw" : 243088,
        "iops" : 60772.045591,
        "runtime" : 5001,
        "total_ios" : 303921,
        "short_ios" : 0,
        "drop_ios" : 0,
        "slat_ns" : {
          "min" : 1213,
          "max" : 365007,
          "mean" : 5533.020617,
          "stddev" : 3043.792805,
          "N" : 303921
        },
        "clat_ns" : {
          "min" : 14258,
          "max" : 16034214,
          "mean" : 256528.361742,
          "stddev" : 204687.666746,
          "N" : 303921,
          "percentile" : {
            "1.000000" : 30336,
            "5.000000" : 47360,
            "10.000000" : 71168,
            "20.000000" : 116224,
            "30.000000" : 156672,
            "40.000000" : 195584,
            "50.000000" : 234496,
            "60.000000" : 272384,
            "70.000000" : 313344,
            "80.000000" : 362496,
            "90.000000" : 448512,
            "95.000000" : 528384,
            "99.000000" : 765952,
            "99.500000" : 987136,
            "99.900000" : 1957888,
            "99.950000" : 2473984,
            "99.990000" : 4112384
          }
        },
        "lat_ns" : {
          "min" : 22403,
          "max" : 16038833,
          "mean" : 262191.714827,
          "stddev" : 204298.051816,
          "N" : 303921
        },
        "bw_min" : 238000,
        "bw_max" : 246680,
        "bw_agg" : 100.000000,
        "bw_mean" : 243264.888889,
        "bw_dev" : 3138.887559,
        "bw_samples" : 9,
        "iops_min" : 59500,
        "iops_max" : 61670,
        "iops_mean" : 60816.222222,
        "iops_stddev" : 784.721890,
        "iops_samples" : 9
      },
      "trim" : {
        "io_bytes" : 0,
        "io_kbytes" : 0,
        "bw_bytes" : 0,
        "bw" : 0,
        "iops" : 0.000000,
        "runtime" : 0,
        "total_ios" : 0,
        "short_ios" : 0,
        "drop_ios" : 0,
        "slat_ns" : {
          "min" : 0,
          "max" : 0,
          "mean" : 0.000000,
          "stddev" : 0.000000,
          "N" : 0
        },
        "clat_ns" : {
          "min" : 0,
          "max" : 0,
          "mean" : 0.000000,
          "stddev" : 0.000000,
          "N" : 0
        },
        "lat_ns" : {
          "min" : 0,
          "max" : 0,
          "mean" : 0.000000,
          "stddev" : 0.000000,
          "N" : 0
        },
        "bw_min" : 0,
        "bw_max" : 0,
        "bw_agg" : 0.000000,
        "bw_mean" : 0.000000,
        "bw_dev" : 0.000000,
        "bw_samples" : 0,
        "iops_min" : 0,
        "iops_max" : 0,
        "iops_mean" : 0.000000,
        "iops_stddev" : 0.000000,
        "iops_samples" : 0
      },
      "sync" : {
        "total_ios" : 0,
        "lat_ns" : {
          "min" : 0,
          "max" : 0,
          "mean" : 0.000000,
          "stddev" : 0.000000,
          "N" : 0
        }
      },
      "job_runtime" : 5000,
      "usr_cpu" : 8.300000,
      "sys_cpu" : 23.400000,
      "ctx" : 420792,
      "majf" : 0,
      "minf" : 854,
      "iodepth_level" : {
        "1" : 0.100000,
        "2" : 0.100000,
        "4" : 0.100000,
        "8" : 0.100000,
        "16" : 99.995065,
        "32" : 0.000000,
        ">=64" : 0.000000
      },
      "iodepth_submit" : {
        "0" : 0.000000,
        "4" : 100.000000,
        "8" : 0.000000,
        "16" : 0.000000,
        "32" : 0.000000,
        "64" : 0.000000,
        ">=64" : 0.000000
      },
      "iodepth_complete" : {
        "0" : 0.000000,
        "4" : 99.999671,
        "8" : 0.000000,
        "16" : 0.100000,
        "32" : 0.000000,
        "64" : 0.000000,
        ">=64" : 0.000000
      },
      "latency_ns" : {
        "2" : 0.000000,
        "4" : 0.000000,
        "10" : 0.000000,
        "20" : 0.000000,
        "50" : 0.000000,
        "100" : 0.000000,
        "250" : 0.000000,
        "500" : 0.000000,
        "750" : 0.000000,
        "1000" : 0.000000
      },
      "latency_us" : {
        "2" : 0.000000,
        "4" : 0.000000,
        "10" : 0.000000,
        "20" : 0.026652,
        "50" : 5.630411,
        "100" : 10.394807,
        "250" : 38.296465,
        "500" : 39.212822,
        "750" : 5.355668,
        "1000" : 0.593575
      },
      "latency_ms" : {
        "2" : 0.397801,
        "4" : 0.080613,
        "10" : 0.010000,
        "20" : 0.010000,
        "50" : 0.000000,
        "100" : 0.000000,
        "250" : 0.000000,
        "500" : 0.000000,
        "750" : 0.000000,
        "1000" : 0.000000,
        "2000" : 0.000000,
        ">=2000" : 0.000000
      },
      "latency_depth" : 16,
      "latency_target" : 0,
      "latency_percentile" : 100.000000,
      "latency_window" : 0
    }
  ],
  "disk_util" : [
    {
      "name" : "nvme2n2",
      "read_ios" : 0,
      "write_ios" : 239067,
      "read_merges" : 0,
      "write_merges" : 57464,
      "read_ticks" : 0,
      "write_ticks" : 54649,
      "in_queue" : 54649,
      "util" : 97.991968
    }
  ]
}
