{
  "fio version" : "fio-3.28-261-gc3773-dirty",
  "timestamp" : 1645922112,
  "timestamp_ms" : 1645922112596,
  "time" : "Sun Feb 27 01:35:12 2022",
  "jobs" : [
    {
      "jobname" : "nvme2n2_overwrite-rand_4K_queue-depth-4",
      "groupid" : 0,
      "error" : 0,
      "eta" : 0,
      "elapsed" : 509,
      "job options" : {
        "name" : "nvme2n2_overwrite-rand_4K_queue-depth-4",
        "filename" : "/dev/nvme2n2",
        "direct" : "1",
        "size" : "107374182400",
        "ioengine" : "libaio",
        "zonemode" : "zbd",
        "iodepth" : "4",
        "rw" : "randwrite",
        "bs" : "4K",
        "max_open_zones" : "14",
        "runtime" : "10m"
      },
      "read" : {
        "io_bytes" : 0,
        "io_kbytes" : 0,
        "bw_bytes" : 0,
        "bw" : 0,
        "iops" : 0.000000,
        "runtime" : 0,
        "total_ios" : 0,
        "short_ios" : 0,
        "drop_ios" : 0,
        "slat_ns" : {
          "min" : 0,
          "max" : 0,
          "mean" : 0.000000,
          "stddev" : 0.000000,
          "N" : 0
        },
        "clat_ns" : {
          "min" : 0,
          "max" : 0,
          "mean" : 0.000000,
          "stddev" : 0.000000,
          "N" : 0
        },
        "lat_ns" : {
          "min" : 0,
          "max" : 0,
          "mean" : 0.000000,
          "stddev" : 0.000000,
          "N" : 0
        },
        "bw_min" : 0,
        "bw_max" : 0,
        "bw_agg" : 0.000000,
        "bw_mean" : 0.000000,
        "bw_dev" : 0.000000,
        "bw_samples" : 0,
        "iops_min" : 0,
        "iops_max" : 0,
        "iops_mean" : 0.000000,
        "iops_stddev" : 0.000000,
        "iops_samples" : 0
      },
      "write" : {
        "io_bytes" : 107374182400,
        "io_kbytes" : 104857600,
        "bw_bytes" : 211072744,
        "bw" : 206125,
        "iops" : 51531.431649,
        "runtime" : 508707,
        "total_ios" : 26214400,
        "short_ios" : 0,
        "drop_ios" : 0,
        "slat_ns" : {
          "min" : 1270,
          "max" : 428731,
          "mean" : 5594.725774,
          "stddev" : 1386.629988,
          "N" : 26214400
        },
        "clat_ns" : {
          "min" : 6693,
          "max" : 9409302,
          "mean" : 70679.337828,
          "stddev" : 51099.831799,
          "N" : 26214400,
          "percentile" : {
            "1.000000" : 23680,
            "5.000000" : 29824,
            "10.000000" : 33536,
            "20.000000" : 39680,
            "30.000000" : 45312,
            "40.000000" : 51968,
            "50.000000" : 59648,
            "60.000000" : 69120,
            "70.000000" : 80384,
            "80.000000" : 94720,
            "90.000000" : 118272,
            "95.000000" : 140288,
            "99.000000" : 197632,
            "99.500000" : 250880,
            "99.900000" : 561152,
            "99.950000" : 815104,
            "99.990000" : 1679360
          }
        },
        "lat_ns" : {
          "min" : 18008,
          "max" : 9413855,
          "mean" : 76391.775501,
          "stddev" : 50977.641271,
          "N" : 26214400
        },
        "bw_min" : 127488,
        "bw_max" : 210784,
        "bw_agg" : 100.000000,
        "bw_mean" : 206267.914454,
        "bw_dev" : 5086.695961,
        "bw_samples" : 1017,
        "iops_min" : 31872,
        "iops_max" : 52696,
        "iops_mean" : 51566.901672,
        "iops_stddev" : 1271.681531,
        "iops_samples" : 1017
      },
      "trim" : {
        "io_bytes" : 0,
        "io_kbytes" : 0,
        "bw_bytes" : 0,
        "bw" : 0,
        "iops" : 0.000000,
        "runtime" : 0,
        "total_ios" : 0,
        "short_ios" : 0,
        "drop_ios" : 0,
        "slat_ns" : {
          "min" : 0,
          "max" : 0,
          "mean" : 0.000000,
          "stddev" : 0.000000,
          "N" : 0
        },
        "clat_ns" : {
          "min" : 0,
          "max" : 0,
          "mean" : 0.000000,
          "stddev" : 0.000000,
          "N" : 0
        },
        "lat_ns" : {
          "min" : 0,
          "max" : 0,
          "mean" : 0.000000,
          "stddev" : 0.000000,
          "N" : 0
        },
        "bw_min" : 0,
        "bw_max" : 0,
        "bw_agg" : 0.000000,
        "bw_mean" : 0.000000,
        "bw_dev" : 0.000000,
        "bw_samples" : 0,
        "iops_min" : 0,
        "iops_max" : 0,
        "iops_mean" : 0.000000,
        "iops_stddev" : 0.000000,
        "iops_samples" : 0
      },
      "sync" : {
        "total_ios" : 0,
        "lat_ns" : {
          "min" : 0,
          "max" : 0,
          "mean" : 0.000000,
          "stddev" : 0.000000,
          "N" : 0
        }
      },
      "job_runtime" : 508706,
      "usr_cpu" : 10.327576,
      "sys_cpu" : 22.309939,
      "ctx" : 43221110,
      "majf" : 0,
      "minf" : 870,
      "iodepth_level" : {
        "1" : 0.100000,
        "2" : 0.100000,
        "4" : 99.998940,
        "8" : 0.000000,
        "16" : 0.000000,
        "32" : 0.000000,
        ">=64" : 0.000000
      },
      "iodepth_submit" : {
        "0" : 0.000000,
        "4" : 100.000000,
        "8" : 0.000000,
        "16" : 0.000000,
        "32" : 0.000000,
        "64" : 0.000000,
        ">=64" : 0.000000
      },
      "iodepth_complete" : {
        "0" : 0.000000,
        "4" : 100.000000,
        "8" : 0.000000,
        "16" : 0.000000,
        "32" : 0.000000,
        "64" : 0.000000,
        ">=64" : 0.000000
      },
      "latency_ns" : {
        "2" : 0.000000,
        "4" : 0.000000,
        "10" : 0.000000,
        "20" : 0.000000,
        "50" : 0.000000,
        "100" : 0.000000,
        "250" : 0.000000,
        "500" : 0.000000,
        "750" : 0.000000,
        "1000" : 0.000000
      },
      "latency_us" : {
        "2" : 0.000000,
        "4" : 0.000000,
        "10" : 0.010000,
        "20" : 0.216854,
        "50" : 37.225540,
        "100" : 45.121494,
        "250" : 16.936325,
        "500" : 0.374825,
        "750" : 0.065624,
        "1000" : 0.025188
      },
      "latency_ms" : {
        "2" : 0.029064,
        "4" : 0.010000,
        "10" : 0.010000,
        "20" : 0.000000,
        "50" : 0.000000,
        "100" : 0.000000,
        "250" : 0.000000,
        "500" : 0.000000,
        "750" : 0.000000,
        "1000" : 0.000000,
        "2000" : 0.000000,
        ">=2000" : 0.000000
      },
      "latency_depth" : 4,
      "latency_target" : 0,
      "latency_percentile" : 100.000000,
      "latency_window" : 0
    }
  ],
  "disk_util" : [
    {
      "name" : "nvme2n2",
      "read_ios" : 27,
      "write_ios" : 25866456,
      "read_merges" : 0,
      "write_merges" : 343221,
      "read_ticks" : 6,
      "write_ticks" : 1810542,
      "in_queue" : 1810549,
      "util" : 100.000000
    }
  ]
}
