{
  "fio version" : "fio-3.28-261-gc3773-dirty",
  "timestamp" : 1645913827,
  "timestamp_ms" : 1645913827002,
  "time" : "Sat Feb 26 23:17:07 2022",
  "jobs" : [
    {
      "jobname" : "nvme2n2_overwrite-seq_4K_queue-depth-32",
      "groupid" : 0,
      "error" : 0,
      "eta" : 0,
      "elapsed" : 6,
      "job options" : {
        "name" : "nvme2n2_overwrite-seq_4K_queue-depth-32",
        "filename" : "/dev/nvme2n2",
        "direct" : "1",
        "size" : "107374182400",
        "ioengine" : "libaio",
        "zonemode" : "zbd",
        "iodepth" : "32",
        "rw" : "write",
        "bs" : "4K",
        "runtime" : "5s"
      },
      "read" : {
        "io_bytes" : 0,
        "io_kbytes" : 0,
        "bw_bytes" : 0,
        "bw" : 0,
        "iops" : 0.000000,
        "runtime" : 0,
        "total_ios" : 0,
        "short_ios" : 0,
        "drop_ios" : 0,
        "slat_ns" : {
          "min" : 0,
          "max" : 0,
          "mean" : 0.000000,
          "stddev" : 0.000000,
          "N" : 0
        },
        "clat_ns" : {
          "min" : 0,
          "max" : 0,
          "mean" : 0.000000,
          "stddev" : 0.000000,
          "N" : 0
        },
        "lat_ns" : {
          "min" : 0,
          "max" : 0,
          "mean" : 0.000000,
          "stddev" : 0.000000,
          "N" : 0
        },
        "bw_min" : 0,
        "bw_max" : 0,
        "bw_agg" : 0.000000,
        "bw_mean" : 0.000000,
        "bw_dev" : 0.000000,
        "bw_samples" : 0,
        "iops_min" : 0,
        "iops_max" : 0,
        "iops_mean" : 0.000000,
        "iops_stddev" : 0.000000,
        "iops_samples" : 0
      },
      "write" : {
        "io_bytes" : 4559015936,
        "io_kbytes" : 4452164,
        "bw_bytes" : 911620863,
        "bw" : 890254,
        "iops" : 222563.687263,
        "runtime" : 5001,
        "total_ios" : 1113041,
        "short_ios" : 0,
        "drop_ios" : 0,
        "slat_ns" : {
          "min" : 1112,
          "max" : 58253,
          "mean" : 1623.437908,
          "stddev" : 1257.376798,
          "N" : 1113041
        },
        "clat_ns" : {
          "min" : 66258,
          "max" : 10322013,
          "mean" : 140072.352890,
          "stddev" : 155102.709875,
          "N" : 1113041,
          "percentile" : {
            "1.000000" : 94720,
            "5.000000" : 99840,
            "10.000000" : 100864,
            "20.000000" : 102912,
            "30.000000" : 104960,
            "40.000000" : 107008,
            "50.000000" : 109056,
            "60.000000" : 112128,
            "70.000000" : 115200,
            "80.000000" : 123392,
            "90.000000" : 189440,
            "95.000000" : 288768,
            "99.000000" : 634880,
            "99.500000" : 806912,
            "99.900000" : 1712128,
            "99.950000" : 2113536,
            "99.990000" : 6848512
          }
        },
        "lat_ns" : {
          "min" : 67581,
          "max" : 10323510,
          "mean" : 141782.562211,
          "stddev" : 155177.943949,
          "N" : 1113041
        },
        "bw_min" : 776616,
        "bw_max" : 1061896,
        "bw_agg" : 99.761445,
        "bw_mean" : 888131.555556,
        "bw_dev" : 123001.415609,
        "bw_samples" : 9,
        "iops_min" : 194154,
        "iops_max" : 265474,
        "iops_mean" : 222033.111111,
        "iops_stddev" : 30750.257806,
        "iops_samples" : 9
      },
      "trim" : {
        "io_bytes" : 0,
        "io_kbytes" : 0,
        "bw_bytes" : 0,
        "bw" : 0,
        "iops" : 0.000000,
        "runtime" : 0,
        "total_ios" : 0,
        "short_ios" : 0,
        "drop_ios" : 0,
        "slat_ns" : {
          "min" : 0,
          "max" : 0,
          "mean" : 0.000000,
          "stddev" : 0.000000,
          "N" : 0
        },
        "clat_ns" : {
          "min" : 0,
          "max" : 0,
          "mean" : 0.000000,
          "stddev" : 0.000000,
          "N" : 0
        },
        "lat_ns" : {
          "min" : 0,
          "max" : 0,
          "mean" : 0.000000,
          "stddev" : 0.000000,
          "N" : 0
        },
        "bw_min" : 0,
        "bw_max" : 0,
        "bw_agg" : 0.000000,
        "bw_mean" : 0.000000,
        "bw_dev" : 0.000000,
        "bw_samples" : 0,
        "iops_min" : 0,
        "iops_max" : 0,
        "iops_mean" : 0.000000,
        "iops_stddev" : 0.000000,
        "iops_samples" : 0
      },
      "sync" : {
        "total_ios" : 0,
        "lat_ns" : {
          "min" : 0,
          "max" : 0,
          "mean" : 0.000000,
          "stddev" : 0.000000,
          "N" : 0
        }
      },
      "job_runtime" : 5000,
      "usr_cpu" : 18.720000,
      "sys_cpu" : 34.540000,
      "ctx" : 144313,
      "majf" : 0,
      "minf" : 60,
      "iodepth_level" : {
        "1" : 0.100000,
        "2" : 0.100000,
        "4" : 0.100000,
        "8" : 0.100000,
        "16" : 0.100000,
        "32" : 99.986074,
        ">=64" : 0.000000
      },
      "iodepth_submit" : {
        "0" : 0.000000,
        "4" : 100.000000,
        "8" : 0.000000,
        "16" : 0.000000,
        "32" : 0.000000,
        "64" : 0.000000,
        ">=64" : 0.000000
      },
      "iodepth_complete" : {
        "0" : 0.000000,
        "4" : 99.999910,
        "8" : 0.000000,
        "16" : 0.000000,
        "32" : 0.100000,
        "64" : 0.000000,
        ">=64" : 0.000000
      },
      "latency_ns" : {
        "2" : 0.000000,
        "4" : 0.000000,
        "10" : 0.000000,
        "20" : 0.000000,
        "50" : 0.000000,
        "100" : 0.000000,
        "250" : 0.000000,
        "500" : 0.000000,
        "750" : 0.000000,
        "1000" : 0.000000
      },
      "latency_us" : {
        "2" : 0.000000,
        "4" : 0.000000,
        "10" : 0.000000,
        "20" : 0.000000,
        "50" : 0.000000,
        "100" : 4.929198,
        "250" : 88.791518,
        "500" : 4.419154,
        "750" : 1.261858,
        "1000" : 0.236290
      },
      "latency_ms" : {
        "2" : 0.299001,
        "4" : 0.045731,
        "10" : 0.014375,
        "20" : 0.010000,
        "50" : 0.000000,
        "100" : 0.000000,
        "250" : 0.000000,
        "500" : 0.000000,
        "750" : 0.000000,
        "1000" : 0.000000,
        "2000" : 0.000000,
        ">=2000" : 0.000000
      },
      "latency_depth" : 32,
      "latency_target" : 0,
      "latency_percentile" : 100.000000,
      "latency_window" : 0
    }
  ],
  "disk_util" : [
    {
      "name" : "nvme2n2",
      "read_ios" : 48,
      "write_ios" : 70710,
      "read_merges" : 0,
      "write_merges" : 1019241,
      "read_ticks" : 3,
      "write_ticks" : 9161,
      "in_queue" : 9165,
      "util" : 98.213210
    }
  ]
}
