{
  "fio version" : "fio-3.28-261-gc3773-dirty",
  "timestamp" : 1645920815,
  "timestamp_ms" : 1645920815447,
  "time" : "Sun Feb 27 01:13:35 2022",
  "jobs" : [
    {
      "jobname" : "nvme2n2_read_4K_queue-depth-4",
      "groupid" : 0,
      "error" : 0,
      "eta" : 0,
      "elapsed" : 58,
      "job options" : {
        "name" : "nvme2n2_read_4K_queue-depth-4",
        "filename" : "/dev/nvme2n2",
        "direct" : "1",
        "size" : "107374182400",
        "ioengine" : "libaio",
        "zonemode" : "zbd",
        "iodepth" : "4",
        "rw" : "read",
        "bs" : "4K",
        "runtime" : "10m"
      },
      "read" : {
        "io_bytes" : 56465817600,
        "io_kbytes" : 55142400,
        "bw_bytes" : 993084957,
        "bw" : 969809,
        "iops" : 242452.382209,
        "runtime" : 56859,
        "total_ios" : 13785600,
        "short_ios" : 0,
        "drop_ios" : 0,
        "slat_ns" : {
          "min" : 1589,
          "max" : 81374,
          "mean" : 2979.060375,
          "stddev" : 976.826800,
          "N" : 13785600
        },
        "clat_ns" : {
          "min" : 7769,
          "max" : 805831,
          "mean" : 12926.794518,
          "stddev" : 4975.520962,
          "N" : 13785600,
          "percentile" : {
            "1.000000" : 10816,
            "5.000000" : 10944,
            "10.000000" : 11072,
            "20.000000" : 11456,
            "30.000000" : 12352,
            "40.000000" : 12480,
            "50.000000" : 12608,
            "60.000000" : 12736,
            "70.000000" : 13632,
            "80.000000" : 13888,
            "90.000000" : 14016,
            "95.000000" : 14272,
            "99.000000" : 14784,
            "99.500000" : 18816,
            "99.900000" : 111104,
            "99.950000" : 121344,
            "99.990000" : 127488
          }
        },
        "lat_ns" : {
          "min" : 11266,
          "max" : 808001,
          "mean" : 16023.582317,
          "stddev" : 4892.380684,
          "N" : 13785600
        },
        "bw_min" : 944960,
        "bw_max" : 987912,
        "bw_agg" : 100.000000,
        "bw_mean" : 970629.309735,
        "bw_dev" : 16262.489938,
        "bw_samples" : 113,
        "iops_min" : 236240,
        "iops_max" : 246978,
        "iops_mean" : 242657.309735,
        "iops_stddev" : 4065.685198,
        "iops_samples" : 113
      },
      "write" : {
        "io_bytes" : 0,
        "io_kbytes" : 0,
        "bw_bytes" : 0,
        "bw" : 0,
        "iops" : 0.000000,
        "runtime" : 0,
        "total_ios" : 0,
        "short_ios" : 0,
        "drop_ios" : 0,
        "slat_ns" : {
          "min" : 0,
          "max" : 0,
          "mean" : 0.000000,
          "stddev" : 0.000000,
          "N" : 0
        },
        "clat_ns" : {
          "min" : 0,
          "max" : 0,
          "mean" : 0.000000,
          "stddev" : 0.000000,
          "N" : 0
        },
        "lat_ns" : {
          "min" : 0,
          "max" : 0,
          "mean" : 0.000000,
          "stddev" : 0.000000,
          "N" : 0
        },
        "bw_min" : 0,
        "bw_max" : 0,
        "bw_agg" : 0.000000,
        "bw_mean" : 0.000000,
        "bw_dev" : 0.000000,
        "bw_samples" : 0,
        "iops_min" : 0,
        "iops_max" : 0,
        "iops_mean" : 0.000000,
        "iops_stddev" : 0.000000,
        "iops_samples" : 0
      },
      "trim" : {
        "io_bytes" : 0,
        "io_kbytes" : 0,
        "bw_bytes" : 0,
        "bw" : 0,
        "iops" : 0.000000,
        "runtime" : 0,
        "total_ios" : 0,
        "short_ios" : 0,
        "drop_ios" : 0,
        "slat_ns" : {
          "min" : 0,
          "max" : 0,
          "mean" : 0.000000,
          "stddev" : 0.000000,
          "N" : 0
        },
        "clat_ns" : {
          "min" : 0,
          "max" : 0,
          "mean" : 0.000000,
          "stddev" : 0.000000,
          "N" : 0
        },
        "lat_ns" : {
          "min" : 0,
          "max" : 0,
          "mean" : 0.000000,
          "stddev" : 0.000000,
          "N" : 0
        },
        "bw_min" : 0,
        "bw_max" : 0,
        "bw_agg" : 0.000000,
        "bw_mean" : 0.000000,
        "bw_dev" : 0.000000,
        "bw_samples" : 0,
        "iops_min" : 0,
        "iops_max" : 0,
        "iops_mean" : 0.000000,
        "iops_stddev" : 0.000000,
        "iops_samples" : 0
      },
      "sync" : {
        "total_ios" : 0,
        "lat_ns" : {
          "min" : 0,
          "max" : 0,
          "mean" : 0.000000,
          "stddev" : 0.000000,
          "N" : 0
        }
      },
      "job_runtime" : 56858,
      "usr_cpu" : 25.255901,
      "sys_cpu" : 73.562208,
      "ctx" : 35118,
      "majf" : 0,
      "minf" : 25,
      "iodepth_level" : {
        "1" : 0.100000,
        "2" : 0.100000,
        "4" : 99.999978,
        "8" : 0.000000,
        "16" : 0.000000,
        "32" : 0.000000,
        ">=64" : 0.000000
      },
      "iodepth_submit" : {
        "0" : 0.000000,
        "4" : 100.000000,
        "8" : 0.000000,
        "16" : 0.000000,
        "32" : 0.000000,
        "64" : 0.000000,
        ">=64" : 0.000000
      },
      "iodepth_complete" : {
        "0" : 0.000000,
        "4" : 100.000000,
        "8" : 0.000000,
        "16" : 0.000000,
        "32" : 0.000000,
        "64" : 0.000000,
        ">=64" : 0.000000
      },
      "latency_ns" : {
        "2" : 0.000000,
        "4" : 0.000000,
        "10" : 0.000000,
        "20" : 0.000000,
        "50" : 0.000000,
        "100" : 0.000000,
        "250" : 0.000000,
        "500" : 0.000000,
        "750" : 0.000000,
        "1000" : 0.000000
      },
      "latency_us" : {
        "2" : 0.000000,
        "4" : 0.000000,
        "10" : 0.042225,
        "20" : 99.565452,
        "50" : 0.183206,
        "100" : 0.045352,
        "250" : 0.161857,
        "500" : 0.010000,
        "750" : 0.010000,
        "1000" : 0.010000
      },
      "latency_ms" : {
        "2" : 0.000000,
        "4" : 0.000000,
        "10" : 0.000000,
        "20" : 0.000000,
        "50" : 0.000000,
        "100" : 0.000000,
        "250" : 0.000000,
        "500" : 0.000000,
        "750" : 0.000000,
        "1000" : 0.000000,
        "2000" : 0.000000,
        ">=2000" : 0.000000
      },
      "latency_depth" : 4,
      "latency_target" : 0,
      "latency_percentile" : 100.000000,
      "latency_window" : 0
    }
  ],
  "disk_util" : [
    {
      "name" : "nvme2n2",
      "read_ios" : 13731091,
      "write_ios" : 0,
      "read_merges" : 0,
      "write_merges" : 0,
      "read_ticks" : 125134,
      "write_ticks" : 0,
      "in_queue" : 125134,
      "util" : 100.000000
    }
  ]
}
