{
  "fio version" : "fio-3.28-93-ga87e-dirty",
  "timestamp" : 1645884647,
  "timestamp_ms" : 1645884647399,
  "time" : "Sat Feb 26 15:10:47 2022",
  "jobs" : [
    {
      "jobname" : "nvme2n2_randread_4Ki_queue-depth-1",
      "groupid" : 0,
      "error" : 0,
      "eta" : 0,
      "elapsed" : 11,
      "job options" : {
        "name" : "nvme2n2_randread_4Ki_queue-depth-1",
        "filename" : "/dev/nvme2n2",
        "direct" : "1",
        "size" : "107374182400",
        "ioengine" : "libaio",
        "zonemode" : "zbd",
        "iodepth" : "1",
        "rw" : "randread",
        "bs" : "4Ki",
        "runtime" : "10s"
      },
      "read" : {
        "io_bytes" : 436142080,
        "io_kbytes" : 425920,
        "bw_bytes" : 43609847,
        "bw" : 42587,
        "iops" : 10646.935306,
        "runtime" : 10001,
        "total_ios" : 106480,
        "short_ios" : 0,
        "drop_ios" : 0,
        "slat_ns" : {
          "min" : 2062,
          "max" : 240350,
          "mean" : 5557.724587,
          "stddev" : 3271.174907,
          "N" : 106480
        },
        "clat_ns" : {
          "min" : 6182,
          "max" : 165316,
          "mean" : 86728.407645,
          "stddev" : 6019.935744,
          "N" : 106480,
          "percentile" : {
            "1.000000" : 71168,
            "5.000000" : 81408,
            "10.000000" : 81408,
            "20.000000" : 82432,
            "30.000000" : 82432,
            "40.000000" : 83456,
            "50.000000" : 84480,
            "60.000000" : 84480,
            "70.000000" : 92672,
            "80.000000" : 93696,
            "90.000000" : 94720,
            "95.000000" : 95744,
            "99.000000" : 97792,
            "99.500000" : 101888,
            "99.900000" : 107008,
            "99.950000" : 111104,
            "99.990000" : 117248
          }
        },
        "lat_ns" : {
          "min" : 33239,
          "max" : 246918,
          "mean" : 92580.304301,
          "stddev" : 6173.745254,
          "N" : 106480
        },
        "bw_min" : 42536,
        "bw_max" : 42720,
        "bw_agg" : 100.000000,
        "bw_mean" : 42636.210526,
        "bw_dev" : 55.320861,
        "bw_samples" : 19,
        "iops_min" : 10634,
        "iops_max" : 10680,
        "iops_mean" : 10659.052632,
        "iops_stddev" : 13.830215,
        "iops_samples" : 19
      },
      "write" : {
        "io_bytes" : 0,
        "io_kbytes" : 0,
        "bw_bytes" : 0,
        "bw" : 0,
        "iops" : 0.000000,
        "runtime" : 0,
        "total_ios" : 0,
        "short_ios" : 0,
        "drop_ios" : 0,
        "slat_ns" : {
          "min" : 0,
          "max" : 0,
          "mean" : 0.000000,
          "stddev" : 0.000000,
          "N" : 0
        },
        "clat_ns" : {
          "min" : 0,
          "max" : 0,
          "mean" : 0.000000,
          "stddev" : 0.000000,
          "N" : 0
        },
        "lat_ns" : {
          "min" : 0,
          "max" : 0,
          "mean" : 0.000000,
          "stddev" : 0.000000,
          "N" : 0
        },
        "bw_min" : 0,
        "bw_max" : 0,
        "bw_agg" : 0.000000,
        "bw_mean" : 0.000000,
        "bw_dev" : 0.000000,
        "bw_samples" : 0,
        "iops_min" : 0,
        "iops_max" : 0,
        "iops_mean" : 0.000000,
        "iops_stddev" : 0.000000,
        "iops_samples" : 0
      },
      "trim" : {
        "io_bytes" : 0,
        "io_kbytes" : 0,
        "bw_bytes" : 0,
        "bw" : 0,
        "iops" : 0.000000,
        "runtime" : 0,
        "total_ios" : 0,
        "short_ios" : 0,
        "drop_ios" : 0,
        "slat_ns" : {
          "min" : 0,
          "max" : 0,
          "mean" : 0.000000,
          "stddev" : 0.000000,
          "N" : 0
        },
        "clat_ns" : {
          "min" : 0,
          "max" : 0,
          "mean" : 0.000000,
          "stddev" : 0.000000,
          "N" : 0
        },
        "lat_ns" : {
          "min" : 0,
          "max" : 0,
          "mean" : 0.000000,
          "stddev" : 0.000000,
          "N" : 0
        },
        "bw_min" : 0,
        "bw_max" : 0,
        "bw_agg" : 0.000000,
        "bw_mean" : 0.000000,
        "bw_dev" : 0.000000,
        "bw_samples" : 0,
        "iops_min" : 0,
        "iops_max" : 0,
        "iops_mean" : 0.000000,
        "iops_stddev" : 0.000000,
        "iops_samples" : 0
      },
      "sync" : {
        "total_ios" : 0,
        "lat_ns" : {
          "min" : 0,
          "max" : 0,
          "mean" : 0.000000,
          "stddev" : 0.000000,
          "N" : 0
        }
      },
      "job_runtime" : 10000,
      "usr_cpu" : 3.790000,
      "sys_cpu" : 9.820000,
      "ctx" : 106481,
      "majf" : 0,
      "minf" : 14,
      "iodepth_level" : {
        "1" : 100.000000,
        "2" : 0.000000,
        "4" : 0.000000,
        "8" : 0.000000,
        "16" : 0.000000,
        "32" : 0.000000,
        ">=64" : 0.000000
      },
      "iodepth_submit" : {
        "0" : 0.000000,
        "4" : 100.000000,
        "8" : 0.000000,
        "16" : 0.000000,
        "32" : 0.000000,
        "64" : 0.000000,
        ">=64" : 0.000000
      },
      "iodepth_complete" : {
        "0" : 0.000000,
        "4" : 100.000000,
        "8" : 0.000000,
        "16" : 0.000000,
        "32" : 0.000000,
        "64" : 0.000000,
        ">=64" : 0.000000
      },
      "latency_ns" : {
        "2" : 0.000000,
        "4" : 0.000000,
        "10" : 0.000000,
        "20" : 0.000000,
        "50" : 0.000000,
        "100" : 0.000000,
        "250" : 0.000000,
        "500" : 0.000000,
        "750" : 0.000000,
        "1000" : 0.000000
      },
      "latency_us" : {
        "2" : 0.000000,
        "4" : 0.000000,
        "10" : 0.010000,
        "20" : 0.000000,
        "50" : 0.010000,
        "100" : 99.212998,
        "250" : 0.783246,
        "500" : 0.000000,
        "750" : 0.000000,
        "1000" : 0.000000
      },
      "latency_ms" : {
        "2" : 0.000000,
        "4" : 0.000000,
        "10" : 0.000000,
        "20" : 0.000000,
        "50" : 0.000000,
        "100" : 0.000000,
        "250" : 0.000000,
        "500" : 0.000000,
        "750" : 0.000000,
        "1000" : 0.000000,
        "2000" : 0.000000,
        ">=2000" : 0.000000
      },
      "latency_depth" : 1,
      "latency_target" : 0,
      "latency_percentile" : 100.000000,
      "latency_window" : 0
    }
  ],
  "disk_util" : [
    {
      "name" : "nvme2n2",
      "read_ios" : 105219,
      "write_ios" : 0,
      "read_merges" : 0,
      "write_merges" : 0,
      "read_ticks" : 9057,
      "write_ticks" : 0,
      "in_queue" : 9056,
      "util" : 99.067856
    }
  ]
}
