{
  "fio version" : "fio-3.28-93-ga87e-dirty",
  "timestamp" : 1645885041,
  "timestamp_ms" : 1645885041782,
  "time" : "Sat Feb 26 15:17:21 2022",
  "jobs" : [
    {
      "jobname" : "nvme2n2_write_4Ki_queue-depth-16",
      "groupid" : 0,
      "error" : 0,
      "eta" : 0,
      "elapsed" : 11,
      "job options" : {
        "name" : "nvme2n2_write_4Ki_queue-depth-16",
        "filename" : "/dev/nvme2n2",
        "direct" : "1",
        "size" : "107374182400",
        "ioengine" : "libaio",
        "zonemode" : "zbd",
        "iodepth" : "16",
        "rw" : "write",
        "bs" : "4Ki",
        "runtime" : "10s"
      },
      "read" : {
        "io_bytes" : 0,
        "io_kbytes" : 0,
        "bw_bytes" : 0,
        "bw" : 0,
        "iops" : 0.000000,
        "runtime" : 0,
        "total_ios" : 0,
        "short_ios" : 0,
        "drop_ios" : 0,
        "slat_ns" : {
          "min" : 0,
          "max" : 0,
          "mean" : 0.000000,
          "stddev" : 0.000000,
          "N" : 0
        },
        "clat_ns" : {
          "min" : 0,
          "max" : 0,
          "mean" : 0.000000,
          "stddev" : 0.000000,
          "N" : 0
        },
        "lat_ns" : {
          "min" : 0,
          "max" : 0,
          "mean" : 0.000000,
          "stddev" : 0.000000,
          "N" : 0
        },
        "bw_min" : 0,
        "bw_max" : 0,
        "bw_agg" : 0.000000,
        "bw_mean" : 0.000000,
        "bw_dev" : 0.000000,
        "bw_samples" : 0,
        "iops_min" : 0,
        "iops_max" : 0,
        "iops_mean" : 0.000000,
        "iops_stddev" : 0.000000,
        "iops_samples" : 0
      },
      "write" : {
        "io_bytes" : 7519358976,
        "io_kbytes" : 7343124,
        "bw_bytes" : 751860711,
        "bw" : 734238,
        "iops" : 183559.744026,
        "runtime" : 10001,
        "total_ios" : 1835781,
        "short_ios" : 0,
        "drop_ios" : 0,
        "slat_ns" : {
          "min" : 1112,
          "max" : 121935,
          "mean" : 1781.891128,
          "stddev" : 1213.284322,
          "N" : 1835781
        },
        "clat_ns" : {
          "min" : 37912,
          "max" : 5439062,
          "mean" : 84880.417634,
          "stddev" : 57290.885674,
          "N" : 1835781,
          "percentile" : {
            "1.000000" : 59648,
            "5.000000" : 68096,
            "10.000000" : 70144,
            "20.000000" : 75264,
            "30.000000" : 77312,
            "40.000000" : 79360,
            "50.000000" : 80384,
            "60.000000" : 81408,
            "70.000000" : 83456,
            "80.000000" : 85504,
            "90.000000" : 90624,
            "95.000000" : 96768,
            "99.000000" : 201728,
            "99.500000" : 264192,
            "99.900000" : 937984,
            "99.950000" : 1466368,
            "99.990000" : 2146304
          }
        },
        "lat_ns" : {
          "min" : 43376,
          "max" : 5442531,
          "mean" : 86752.668844,
          "stddev" : 57318.624521,
          "N" : 1835781
        },
        "bw_min" : 679256,
        "bw_max" : 789856,
        "bw_agg" : 100.000000,
        "bw_mean" : 734494.263158,
        "bw_dev" : 33685.662067,
        "bw_samples" : 19,
        "iops_min" : 169812,
        "iops_max" : 197464,
        "iops_mean" : 183623.421053,
        "iops_stddev" : 8421.421926,
        "iops_samples" : 19
      },
      "trim" : {
        "io_bytes" : 0,
        "io_kbytes" : 0,
        "bw_bytes" : 0,
        "bw" : 0,
        "iops" : 0.000000,
        "runtime" : 0,
        "total_ios" : 0,
        "short_ios" : 0,
        "drop_ios" : 0,
        "slat_ns" : {
          "min" : 0,
          "max" : 0,
          "mean" : 0.000000,
          "stddev" : 0.000000,
          "N" : 0
        },
        "clat_ns" : {
          "min" : 0,
          "max" : 0,
          "mean" : 0.000000,
          "stddev" : 0.000000,
          "N" : 0
        },
        "lat_ns" : {
          "min" : 0,
          "max" : 0,
          "mean" : 0.000000,
          "stddev" : 0.000000,
          "N" : 0
        },
        "bw_min" : 0,
        "bw_max" : 0,
        "bw_agg" : 0.000000,
        "bw_mean" : 0.000000,
        "bw_dev" : 0.000000,
        "bw_samples" : 0,
        "iops_min" : 0,
        "iops_max" : 0,
        "iops_mean" : 0.000000,
        "iops_stddev" : 0.000000,
        "iops_samples" : 0
      },
      "sync" : {
        "total_ios" : 0,
        "lat_ns" : {
          "min" : 0,
          "max" : 0,
          "mean" : 0.000000,
          "stddev" : 0.000000,
          "N" : 0
        }
      },
      "job_runtime" : 10000,
      "usr_cpu" : 18.180000,
      "sys_cpu" : 28.790000,
      "ctx" : 461539,
      "majf" : 0,
      "minf" : 18,
      "iodepth_level" : {
        "1" : 0.100000,
        "2" : 0.100000,
        "4" : 0.100000,
        "8" : 0.100000,
        "16" : 99.999183,
        "32" : 0.000000,
        ">=64" : 0.000000
      },
      "iodepth_submit" : {
        "0" : 0.000000,
        "4" : 100.000000,
        "8" : 0.000000,
        "16" : 0.000000,
        "32" : 0.000000,
        "64" : 0.000000,
        ">=64" : 0.000000
      },
      "iodepth_complete" : {
        "0" : 0.000000,
        "4" : 99.999946,
        "8" : 0.000000,
        "16" : 0.100000,
        "32" : 0.000000,
        "64" : 0.000000,
        ">=64" : 0.000000
      },
      "latency_ns" : {
        "2" : 0.000000,
        "4" : 0.000000,
        "10" : 0.000000,
        "20" : 0.000000,
        "50" : 0.000000,
        "100" : 0.000000,
        "250" : 0.000000,
        "500" : 0.000000,
        "750" : 0.000000,
        "1000" : 0.000000
      },
      "latency_us" : {
        "2" : 0.000000,
        "4" : 0.000000,
        "10" : 0.000000,
        "20" : 0.000000,
        "50" : 0.010000,
        "100" : 95.874181,
        "250" : 3.540183,
        "500" : 0.385776,
        "750" : 0.061173,
        "1000" : 0.040201
      },
      "latency_ms" : {
        "2" : 0.081110,
        "4" : 0.011657,
        "10" : 0.010000,
        "20" : 0.000000,
        "50" : 0.000000,
        "100" : 0.000000,
        "250" : 0.000000,
        "500" : 0.000000,
        "750" : 0.000000,
        "1000" : 0.000000,
        "2000" : 0.000000,
        ">=2000" : 0.000000
      },
      "latency_depth" : 16,
      "latency_target" : 0,
      "latency_percentile" : 100.000000,
      "latency_window" : 0
    }
  ],
  "disk_util" : [
    {
      "name" : "nvme2n2",
      "read_ios" : 0,
      "write_ios" : 227773,
      "read_merges" : 0,
      "write_merges" : 1584542,
      "read_ticks" : 0,
      "write_ticks" : 18233,
      "in_queue" : 18234,
      "util" : 99.107948
    }
  ]
}
