{
  "fio version" : "fio-3.28-93-ga87e-dirty",
  "timestamp" : 1645885510,
  "timestamp_ms" : 1645885510378,
  "time" : "Sat Feb 26 15:25:10 2022",
  "jobs" : [
    {
      "jobname" : "nvme2n2_write_4Ki_queue-depth-256",
      "groupid" : 0,
      "error" : 0,
      "eta" : 0,
      "elapsed" : 11,
      "job options" : {
        "name" : "nvme2n2_write_4Ki_queue-depth-256",
        "filename" : "/dev/nvme2n2",
        "direct" : "1",
        "size" : "107374182400",
        "ioengine" : "libaio",
        "zonemode" : "zbd",
        "iodepth" : "256",
        "rw" : "write",
        "bs" : "4Ki",
        "runtime" : "10s"
      },
      "read" : {
        "io_bytes" : 0,
        "io_kbytes" : 0,
        "bw_bytes" : 0,
        "bw" : 0,
        "iops" : 0.000000,
        "runtime" : 0,
        "total_ios" : 0,
        "short_ios" : 0,
        "drop_ios" : 0,
        "slat_ns" : {
          "min" : 0,
          "max" : 0,
          "mean" : 0.000000,
          "stddev" : 0.000000,
          "N" : 0
        },
        "clat_ns" : {
          "min" : 0,
          "max" : 0,
          "mean" : 0.000000,
          "stddev" : 0.000000,
          "N" : 0
        },
        "lat_ns" : {
          "min" : 0,
          "max" : 0,
          "mean" : 0.000000,
          "stddev" : 0.000000,
          "N" : 0
        },
        "bw_min" : 0,
        "bw_max" : 0,
        "bw_agg" : 0.000000,
        "bw_mean" : 0.000000,
        "bw_dev" : 0.000000,
        "bw_samples" : 0,
        "iops_min" : 0,
        "iops_max" : 0,
        "iops_mean" : 0.000000,
        "iops_stddev" : 0.000000,
        "iops_samples" : 0
      },
      "write" : {
        "io_bytes" : 10077757440,
        "io_kbytes" : 9841560,
        "bw_bytes" : 1007674976,
        "bw" : 984057,
        "iops" : 246014.398560,
        "runtime" : 10001,
        "total_ios" : 2460390,
        "short_ios" : 0,
        "drop_ios" : 0,
        "slat_ns" : {
          "min" : 1131,
          "max" : 226245,
          "mean" : 1756.376478,
          "stddev" : 2530.922999,
          "N" : 2460390
        },
        "clat_ns" : {
          "min" : 132739,
          "max" : 6572201,
          "mean" : 1038208.137225,
          "stddev" : 567482.269155,
          "N" : 2460390,
          "percentile" : {
            "1.000000" : 569344,
            "5.000000" : 585728,
            "10.000000" : 602112,
            "20.000000" : 626688,
            "30.000000" : 643072,
            "40.000000" : 675840,
            "50.000000" : 724992,
            "60.000000" : 937984,
            "70.000000" : 1302528,
            "80.000000" : 1499136,
            "90.000000" : 1712128,
            "95.000000" : 1957888,
            "99.000000" : 3293184,
            "99.500000" : 3784704,
            "99.900000" : 4292608,
            "99.950000" : 4554752,
            "99.990000" : 6324224
          }
        },
        "lat_ns" : {
          "min" : 138725,
          "max" : 6573513,
          "mean" : 1040067.610643,
          "stddev" : 567583.724990,
          "N" : 2460390
        },
        "bw_min" : 888408,
        "bw_max" : 1079800,
        "bw_agg" : 99.753206,
        "bw_mean" : 981629.052632,
        "bw_dev" : 64986.721992,
        "bw_samples" : 19,
        "iops_min" : 222102,
        "iops_max" : 269950,
        "iops_mean" : 245407.368421,
        "iops_stddev" : 16246.708426,
        "iops_samples" : 19
      },
      "trim" : {
        "io_bytes" : 0,
        "io_kbytes" : 0,
        "bw_bytes" : 0,
        "bw" : 0,
        "iops" : 0.000000,
        "runtime" : 0,
        "total_ios" : 0,
        "short_ios" : 0,
        "drop_ios" : 0,
        "slat_ns" : {
          "min" : 0,
          "max" : 0,
          "mean" : 0.000000,
          "stddev" : 0.000000,
          "N" : 0
        },
        "clat_ns" : {
          "min" : 0,
          "max" : 0,
          "mean" : 0.000000,
          "stddev" : 0.000000,
          "N" : 0
        },
        "lat_ns" : {
          "min" : 0,
          "max" : 0,
          "mean" : 0.000000,
          "stddev" : 0.000000,
          "N" : 0
        },
        "bw_min" : 0,
        "bw_max" : 0,
        "bw_agg" : 0.000000,
        "bw_mean" : 0.000000,
        "bw_dev" : 0.000000,
        "bw_samples" : 0,
        "iops_min" : 0,
        "iops_max" : 0,
        "iops_mean" : 0.000000,
        "iops_stddev" : 0.000000,
        "iops_samples" : 0
      },
      "sync" : {
        "total_ios" : 0,
        "lat_ns" : {
          "min" : 0,
          "max" : 0,
          "mean" : 0.000000,
          "stddev" : 0.000000,
          "N" : 0
        }
      },
      "job_runtime" : 10000,
      "usr_cpu" : 22.840000,
      "sys_cpu" : 41.040000,
      "ctx" : 103731,
      "majf" : 0,
      "minf" : 318,
      "iodepth_level" : {
        "1" : 0.100000,
        "2" : 0.100000,
        "4" : 0.100000,
        "8" : 0.100000,
        "16" : 0.100000,
        "32" : 0.100000,
        ">=64" : 99.997439
      },
      "iodepth_submit" : {
        "0" : 0.000000,
        "4" : 100.000000,
        "8" : 0.000000,
        "16" : 0.000000,
        "32" : 0.000000,
        "64" : 0.000000,
        ">=64" : 0.000000
      },
      "iodepth_complete" : {
        "0" : 0.000000,
        "4" : 99.999959,
        "8" : 0.000000,
        "16" : 0.000000,
        "32" : 0.000000,
        "64" : 0.000000,
        ">=64" : 0.100000
      },
      "latency_ns" : {
        "2" : 0.000000,
        "4" : 0.000000,
        "10" : 0.000000,
        "20" : 0.000000,
        "50" : 0.000000,
        "100" : 0.000000,
        "250" : 0.000000,
        "500" : 0.000000,
        "750" : 0.000000,
        "1000" : 0.000000
      },
      "latency_us" : {
        "2" : 0.000000,
        "4" : 0.000000,
        "10" : 0.000000,
        "20" : 0.000000,
        "50" : 0.000000,
        "100" : 0.000000,
        "250" : 0.010000,
        "500" : 0.010000,
        "750" : 51.975622,
        "1000" : 9.372742
      },
      "latency_ms" : {
        "2" : 34.052650,
        "4" : 4.313259,
        "10" : 0.283573,
        "20" : 0.000000,
        "50" : 0.000000,
        "100" : 0.000000,
        "250" : 0.000000,
        "500" : 0.000000,
        "750" : 0.000000,
        "1000" : 0.000000,
        "2000" : 0.000000,
        ">=2000" : 0.000000
      },
      "latency_depth" : 256,
      "latency_target" : 0,
      "latency_percentile" : 100.000000,
      "latency_window" : 0
    }
  ],
  "disk_util" : [
    {
      "name" : "nvme2n2",
      "read_ios" : 3,
      "write_ios" : 51285,
      "read_merges" : 0,
      "write_merges" : 2378330,
      "read_ticks" : 0,
      "write_ticks" : 22962,
      "in_queue" : 22962,
      "util" : 99.117883
    }
  ]
}
