{
  "fio version" : "fio-3.28-93-ga87e-dirty",
  "timestamp" : 1645885832,
  "timestamp_ms" : 1645885832643,
  "time" : "Sat Feb 26 15:30:32 2022",
  "jobs" : [
    {
      "jobname" : "nvme2n2_overwrite-seq_4Ki_queue-depth-1024",
      "groupid" : 0,
      "error" : 0,
      "eta" : 0,
      "elapsed" : 11,
      "job options" : {
        "name" : "nvme2n2_overwrite-seq_4Ki_queue-depth-1024",
        "filename" : "/dev/nvme2n2",
        "direct" : "1",
        "size" : "107374182400",
        "ioengine" : "libaio",
        "zonemode" : "zbd",
        "iodepth" : "1024",
        "rw" : "write",
        "bs" : "4Ki",
        "runtime" : "10s"
      },
      "read" : {
        "io_bytes" : 0,
        "io_kbytes" : 0,
        "bw_bytes" : 0,
        "bw" : 0,
        "iops" : 0.000000,
        "runtime" : 0,
        "total_ios" : 0,
        "short_ios" : 0,
        "drop_ios" : 0,
        "slat_ns" : {
          "min" : 0,
          "max" : 0,
          "mean" : 0.000000,
          "stddev" : 0.000000,
          "N" : 0
        },
        "clat_ns" : {
          "min" : 0,
          "max" : 0,
          "mean" : 0.000000,
          "stddev" : 0.000000,
          "N" : 0
        },
        "lat_ns" : {
          "min" : 0,
          "max" : 0,
          "mean" : 0.000000,
          "stddev" : 0.000000,
          "N" : 0
        },
        "bw_min" : 0,
        "bw_max" : 0,
        "bw_agg" : 0.000000,
        "bw_mean" : 0.000000,
        "bw_dev" : 0.000000,
        "bw_samples" : 0,
        "iops_min" : 0,
        "iops_max" : 0,
        "iops_mean" : 0.000000,
        "iops_stddev" : 0.000000,
        "iops_samples" : 0
      },
      "write" : {
        "io_bytes" : 10369880064,
        "io_kbytes" : 10126836,
        "bw_bytes" : 1036366186,
        "bw" : 1012076,
        "iops" : 253019.088547,
        "runtime" : 10006,
        "total_ios" : 2531709,
        "short_ios" : 0,
        "drop_ios" : 0,
        "slat_ns" : {
          "min" : 1125,
          "max" : 177936,
          "mean" : 1748.832556,
          "stddev" : 2998.837618,
          "N" : 2531709
        },
        "clat_ns" : {
          "min" : 2081424,
          "max" : 13123433,
          "mean" : 3988489.149957,
          "stddev" : 825988.851833,
          "N" : 2531709,
          "percentile" : {
            "1.000000" : 2572288,
            "5.000000" : 3063808,
            "10.000000" : 3260416,
            "20.000000" : 3424256,
            "30.000000" : 3522560,
            "40.000000" : 3686400,
            "50.000000" : 3850240,
            "60.000000" : 4046848,
            "70.000000" : 4227072,
            "80.000000" : 4423680,
            "90.000000" : 4751360,
            "95.000000" : 5275648,
            "99.000000" : 6914048,
            "99.500000" : 8028160,
            "99.900000" : 10944512,
            "99.950000" : 12124160,
            "99.990000" : 12779520
          }
        },
        "lat_ns" : {
          "min" : 2083296,
          "max" : 13127529,
          "mean" : 3990333.118908,
          "stddev" : 826111.883598,
          "N" : 2531709
        },
        "bw_min" : 968960,
        "bw_max" : 1075064,
        "bw_agg" : 100.000000,
        "bw_mean" : 1013481.684211,
        "bw_dev" : 35073.906232,
        "bw_samples" : 19,
        "iops_min" : 242240,
        "iops_max" : 268764,
        "iops_mean" : 253370.842105,
        "iops_stddev" : 8767.851385,
        "iops_samples" : 19
      },
      "trim" : {
        "io_bytes" : 0,
        "io_kbytes" : 0,
        "bw_bytes" : 0,
        "bw" : 0,
        "iops" : 0.000000,
        "runtime" : 0,
        "total_ios" : 0,
        "short_ios" : 0,
        "drop_ios" : 0,
        "slat_ns" : {
          "min" : 0,
          "max" : 0,
          "mean" : 0.000000,
          "stddev" : 0.000000,
          "N" : 0
        },
        "clat_ns" : {
          "min" : 0,
          "max" : 0,
          "mean" : 0.000000,
          "stddev" : 0.000000,
          "N" : 0
        },
        "lat_ns" : {
          "min" : 0,
          "max" : 0,
          "mean" : 0.000000,
          "stddev" : 0.000000,
          "N" : 0
        },
        "bw_min" : 0,
        "bw_max" : 0,
        "bw_agg" : 0.000000,
        "bw_mean" : 0.000000,
        "bw_dev" : 0.000000,
        "bw_samples" : 0,
        "iops_min" : 0,
        "iops_max" : 0,
        "iops_mean" : 0.000000,
        "iops_stddev" : 0.000000,
        "iops_samples" : 0
      },
      "sync" : {
        "total_ios" : 0,
        "lat_ns" : {
          "min" : 0,
          "max" : 0,
          "mean" : 0.000000,
          "stddev" : 0.000000,
          "N" : 0
        }
      },
      "job_runtime" : 10005,
      "usr_cpu" : 24.947526,
      "sys_cpu" : 41.649175,
      "ctx" : 51446,
      "majf" : 0,
      "minf" : 2343,
      "iodepth_level" : {
        "1" : 0.100000,
        "2" : 0.100000,
        "4" : 0.100000,
        "8" : 0.100000,
        "16" : 0.100000,
        "32" : 0.100000,
        ">=64" : 99.975116
      },
      "iodepth_submit" : {
        "0" : 0.000000,
        "4" : 100.000000,
        "8" : 0.000000,
        "16" : 0.000000,
        "32" : 0.000000,
        "64" : 0.000000,
        ">=64" : 0.000000
      },
      "iodepth_complete" : {
        "0" : 0.000000,
        "4" : 99.999960,
        "8" : 0.000000,
        "16" : 0.000000,
        "32" : 0.000000,
        "64" : 0.000000,
        ">=64" : 0.100000
      },
      "latency_ns" : {
        "2" : 0.000000,
        "4" : 0.000000,
        "10" : 0.000000,
        "20" : 0.000000,
        "50" : 0.000000,
        "100" : 0.000000,
        "250" : 0.000000,
        "500" : 0.000000,
        "750" : 0.000000,
        "1000" : 0.000000
      },
      "latency_us" : {
        "2" : 0.000000,
        "4" : 0.000000,
        "10" : 0.000000,
        "20" : 0.000000,
        "50" : 0.000000,
        "100" : 0.000000,
        "250" : 0.000000,
        "500" : 0.000000,
        "750" : 0.000000,
        "1000" : 0.000000
      },
      "latency_ms" : {
        "2" : 0.000000,
        "4" : 56.658802,
        "10" : 43.185808,
        "20" : 0.155389,
        "50" : 0.000000,
        "100" : 0.000000,
        "250" : 0.000000,
        "500" : 0.000000,
        "750" : 0.000000,
        "1000" : 0.000000,
        "2000" : 0.000000,
        ">=2000" : 0.000000
      },
      "latency_depth" : 1024,
      "latency_target" : 0,
      "latency_percentile" : 100.000000,
      "latency_window" : 0
    }
  ],
  "disk_util" : [
    {
      "name" : "nvme2n2",
      "read_ios" : 48,
      "write_ios" : 25762,
      "read_merges" : 0,
      "write_merges" : 2475054,
      "read_ticks" : 3,
      "write_ticks" : 74573,
      "in_queue" : 74575,
      "util" : 99.157979
    }
  ]
}
