{
  "fio version" : "fio-3.28-261-gc3773-dirty",
  "timestamp" : 1645913816,
  "timestamp_ms" : 1645913816287,
  "time" : "Sat Feb 26 23:16:56 2022",
  "jobs" : [
    {
      "jobname" : "nvme2n2_read_4K_queue-depth-32",
      "groupid" : 0,
      "error" : 0,
      "eta" : 0,
      "elapsed" : 6,
      "job options" : {
        "name" : "nvme2n2_read_4K_queue-depth-32",
        "filename" : "/dev/nvme2n2",
        "direct" : "1",
        "size" : "107374182400",
        "ioengine" : "libaio",
        "zonemode" : "zbd",
        "iodepth" : "32",
        "rw" : "read",
        "bs" : "4K",
        "runtime" : "5s"
      },
      "read" : {
        "io_bytes" : 5240467456,
        "io_kbytes" : 5117644,
        "bw_bytes" : 1047883914,
        "bw" : 1023324,
        "iops" : 255831.033793,
        "runtime" : 5001,
        "total_ios" : 1279411,
        "short_ios" : 0,
        "drop_ios" : 0,
        "slat_ns" : {
          "min" : 1566,
          "max" : 95930,
          "mean" : 2877.868848,
          "stddev" : 843.523898,
          "N" : 1279411
        },
        "clat_ns" : {
          "min" : 7804,
          "max" : 1127033,
          "mean" : 121605.544826,
          "stddev" : 13204.336877,
          "N" : 1279411,
          "percentile" : {
            "1.000000" : 118272,
            "5.000000" : 119296,
            "10.000000" : 119296,
            "20.000000" : 120320,
            "30.000000" : 120320,
            "40.000000" : 120320,
            "50.000000" : 121344,
            "60.000000" : 121344,
            "70.000000" : 121344,
            "80.000000" : 122368,
            "90.000000" : 122368,
            "95.000000" : 123392,
            "99.000000" : 128512,
            "99.500000" : 130560,
            "99.900000" : 342016,
            "99.950000" : 460800,
            "99.990000" : 618496
          }
        },
        "lat_ns" : {
          "min" : 10154,
          "max" : 1131878,
          "mean" : 124595.585103,
          "stddev" : 13215.271758,
          "N" : 1279411
        },
        "bw_min" : 1010856,
        "bw_max" : 1029272,
        "bw_agg" : 100.000000,
        "bw_mean" : 1023888.888889,
        "bw_dev" : 5969.803272,
        "bw_samples" : 9,
        "iops_min" : 252714,
        "iops_max" : 257318,
        "iops_mean" : 255972.000000,
        "iops_stddev" : 1492.530402,
        "iops_samples" : 9
      },
      "write" : {
        "io_bytes" : 0,
        "io_kbytes" : 0,
        "bw_bytes" : 0,
        "bw" : 0,
        "iops" : 0.000000,
        "runtime" : 0,
        "total_ios" : 0,
        "short_ios" : 0,
        "drop_ios" : 0,
        "slat_ns" : {
          "min" : 0,
          "max" : 0,
          "mean" : 0.000000,
          "stddev" : 0.000000,
          "N" : 0
        },
        "clat_ns" : {
          "min" : 0,
          "max" : 0,
          "mean" : 0.000000,
          "stddev" : 0.000000,
          "N" : 0
        },
        "lat_ns" : {
          "min" : 0,
          "max" : 0,
          "mean" : 0.000000,
          "stddev" : 0.000000,
          "N" : 0
        },
        "bw_min" : 0,
        "bw_max" : 0,
        "bw_agg" : 0.000000,
        "bw_mean" : 0.000000,
        "bw_dev" : 0.000000,
        "bw_samples" : 0,
        "iops_min" : 0,
        "iops_max" : 0,
        "iops_mean" : 0.000000,
        "iops_stddev" : 0.000000,
        "iops_samples" : 0
      },
      "trim" : {
        "io_bytes" : 0,
        "io_kbytes" : 0,
        "bw_bytes" : 0,
        "bw" : 0,
        "iops" : 0.000000,
        "runtime" : 0,
        "total_ios" : 0,
        "short_ios" : 0,
        "drop_ios" : 0,
        "slat_ns" : {
          "min" : 0,
          "max" : 0,
          "mean" : 0.000000,
          "stddev" : 0.000000,
          "N" : 0
        },
        "clat_ns" : {
          "min" : 0,
          "max" : 0,
          "mean" : 0.000000,
          "stddev" : 0.000000,
          "N" : 0
        },
        "lat_ns" : {
          "min" : 0,
          "max" : 0,
          "mean" : 0.000000,
          "stddev" : 0.000000,
          "N" : 0
        },
        "bw_min" : 0,
        "bw_max" : 0,
        "bw_agg" : 0.000000,
        "bw_mean" : 0.000000,
        "bw_dev" : 0.000000,
        "bw_samples" : 0,
        "iops_min" : 0,
        "iops_max" : 0,
        "iops_mean" : 0.000000,
        "iops_stddev" : 0.000000,
        "iops_samples" : 0
      },
      "sync" : {
        "total_ios" : 0,
        "lat_ns" : {
          "min" : 0,
          "max" : 0,
          "mean" : 0.000000,
          "stddev" : 0.000000,
          "N" : 0
        }
      },
      "job_runtime" : 5000,
      "usr_cpu" : 24.220000,
      "sys_cpu" : 75.480000,
      "ctx" : 1782,
      "majf" : 0,
      "minf" : 47,
      "iodepth_level" : {
        "1" : 0.100000,
        "2" : 0.100000,
        "4" : 0.100000,
        "8" : 0.100000,
        "16" : 0.100000,
        "32" : 99.997577,
        ">=64" : 0.000000
      },
      "iodepth_submit" : {
        "0" : 0.000000,
        "4" : 100.000000,
        "8" : 0.000000,
        "16" : 0.000000,
        "32" : 0.000000,
        "64" : 0.000000,
        ">=64" : 0.000000
      },
      "iodepth_complete" : {
        "0" : 0.000000,
        "4" : 99.999922,
        "8" : 0.000000,
        "16" : 0.000000,
        "32" : 0.100000,
        "64" : 0.000000,
        ">=64" : 0.000000
      },
      "latency_ns" : {
        "2" : 0.000000,
        "4" : 0.000000,
        "10" : 0.000000,
        "20" : 0.000000,
        "50" : 0.000000,
        "100" : 0.000000,
        "250" : 0.000000,
        "500" : 0.000000,
        "750" : 0.000000,
        "1000" : 0.000000
      },
      "latency_us" : {
        "2" : 0.000000,
        "4" : 0.000000,
        "10" : 0.010000,
        "20" : 0.010000,
        "50" : 0.010000,
        "100" : 0.045724,
        "250" : 99.774193,
        "500" : 0.135140,
        "750" : 0.029076,
        "1000" : 0.010000
      },
      "latency_ms" : {
        "2" : 0.010000,
        "4" : 0.000000,
        "10" : 0.000000,
        "20" : 0.000000,
        "50" : 0.000000,
        "100" : 0.000000,
        "250" : 0.000000,
        "500" : 0.000000,
        "750" : 0.000000,
        "1000" : 0.000000,
        "2000" : 0.000000,
        ">=2000" : 0.000000
      },
      "latency_depth" : 32,
      "latency_target" : 0,
      "latency_percentile" : 100.000000,
      "latency_window" : 0
    }
  ],
  "disk_util" : [
    {
      "name" : "nvme2n2",
      "read_ios" : 1249984,
      "write_ios" : 0,
      "read_merges" : 0,
      "write_merges" : 0,
      "read_ticks" : 11407,
      "write_ticks" : 0,
      "in_queue" : 11408,
      "util" : 98.113208
    }
  ]
}
