{
  "fio version" : "fio-3.28-93-ga87e-dirty",
  "timestamp" : 1645885253,
  "timestamp_ms" : 1645885253863,
  "time" : "Sat Feb 26 15:20:53 2022",
  "jobs" : [
    {
      "jobname" : "nvme2n2_overwrite-rand_4Ki_queue-depth-32",
      "groupid" : 0,
      "error" : 0,
      "eta" : 0,
      "elapsed" : 11,
      "job options" : {
        "name" : "nvme2n2_overwrite-rand_4Ki_queue-depth-32",
        "filename" : "/dev/nvme2n2",
        "direct" : "1",
        "size" : "107374182400",
        "ioengine" : "libaio",
        "zonemode" : "zbd",
        "iodepth" : "32",
        "rw" : "randwrite",
        "bs" : "4Ki",
        "max_open_zones" : "14",
        "runtime" : "10s"
      },
      "read" : {
        "io_bytes" : 0,
        "io_kbytes" : 0,
        "bw_bytes" : 0,
        "bw" : 0,
        "iops" : 0.000000,
        "runtime" : 0,
        "total_ios" : 0,
        "short_ios" : 0,
        "drop_ios" : 0,
        "slat_ns" : {
          "min" : 0,
          "max" : 0,
          "mean" : 0.000000,
          "stddev" : 0.000000,
          "N" : 0
        },
        "clat_ns" : {
          "min" : 0,
          "max" : 0,
          "mean" : 0.000000,
          "stddev" : 0.000000,
          "N" : 0
        },
        "lat_ns" : {
          "min" : 0,
          "max" : 0,
          "mean" : 0.000000,
          "stddev" : 0.000000,
          "N" : 0
        },
        "bw_min" : 0,
        "bw_max" : 0,
        "bw_agg" : 0.000000,
        "bw_mean" : 0.000000,
        "bw_dev" : 0.000000,
        "bw_samples" : 0,
        "iops_min" : 0,
        "iops_max" : 0,
        "iops_mean" : 0.000000,
        "iops_stddev" : 0.000000,
        "iops_samples" : 0
      },
      "write" : {
        "io_bytes" : 3108282368,
        "io_kbytes" : 3035432,
        "bw_bytes" : 310797157,
        "bw" : 303512,
        "iops" : 75878.212179,
        "runtime" : 10001,
        "total_ios" : 758858,
        "short_ios" : 0,
        "drop_ios" : 0,
        "slat_ns" : {
          "min" : 1199,
          "max" : 469653,
          "mean" : 4534.646201,
          "stddev" : 2959.622218,
          "N" : 758858
        },
        "clat_ns" : {
          "min" : 14391,
          "max" : 4400315,
          "mean" : 410536.557406,
          "stddev" : 296614.694774,
          "N" : 758858,
          "percentile" : {
            "1.000000" : 32128,
            "5.000000" : 57088,
            "10.000000" : 98816,
            "20.000000" : 173056,
            "30.000000" : 232448,
            "40.000000" : 288768,
            "50.000000" : 346112,
            "60.000000" : 407552,
            "70.000000" : 489472,
            "80.000000" : 602112,
            "90.000000" : 806912,
            "95.000000" : 987136,
            "99.000000" : 1368064,
            "99.500000" : 1531904,
            "99.900000" : 2146304,
            "99.950000" : 2473984,
            "99.990000" : 3096576
          }
        },
        "lat_ns" : {
          "min" : 20585,
          "max" : 4402132,
          "mean" : 415203.624772,
          "stddev" : 296013.262077,
          "N" : 758858
        },
        "bw_min" : 230440,
        "bw_max" : 311616,
        "bw_agg" : 99.975010,
        "bw_mean" : 303437.473684,
        "bw_dev" : 17883.581258,
        "bw_samples" : 19,
        "iops_min" : 57610,
        "iops_max" : 77904,
        "iops_mean" : 75859.368421,
        "iops_stddev" : 4470.894718,
        "iops_samples" : 19
      },
      "trim" : {
        "io_bytes" : 0,
        "io_kbytes" : 0,
        "bw_bytes" : 0,
        "bw" : 0,
        "iops" : 0.000000,
        "runtime" : 0,
        "total_ios" : 0,
        "short_ios" : 0,
        "drop_ios" : 0,
        "slat_ns" : {
          "min" : 0,
          "max" : 0,
          "mean" : 0.000000,
          "stddev" : 0.000000,
          "N" : 0
        },
        "clat_ns" : {
          "min" : 0,
          "max" : 0,
          "mean" : 0.000000,
          "stddev" : 0.000000,
          "N" : 0
        },
        "lat_ns" : {
          "min" : 0,
          "max" : 0,
          "mean" : 0.000000,
          "stddev" : 0.000000,
          "N" : 0
        },
        "bw_min" : 0,
        "bw_max" : 0,
        "bw_agg" : 0.000000,
        "bw_mean" : 0.000000,
        "bw_dev" : 0.000000,
        "bw_samples" : 0,
        "iops_min" : 0,
        "iops_max" : 0,
        "iops_mean" : 0.000000,
        "iops_stddev" : 0.000000,
        "iops_samples" : 0
      },
      "sync" : {
        "total_ios" : 0,
        "lat_ns" : {
          "min" : 0,
          "max" : 0,
          "mean" : 0.000000,
          "stddev" : 0.000000,
          "N" : 0
        }
      },
      "job_runtime" : 10000,
      "usr_cpu" : 10.140000,
      "sys_cpu" : 24.030000,
      "ctx" : 822186,
      "majf" : 0,
      "minf" : 881,
      "iodepth_level" : {
        "1" : 0.100000,
        "2" : 0.100000,
        "4" : 0.100000,
        "8" : 0.100000,
        "16" : 0.100000,
        "32" : 99.993806,
        ">=64" : 0.000000
      },
      "iodepth_submit" : {
        "0" : 0.000000,
        "4" : 100.000000,
        "8" : 0.000000,
        "16" : 0.000000,
        "32" : 0.000000,
        "64" : 0.000000,
        ">=64" : 0.000000
      },
      "iodepth_complete" : {
        "0" : 0.000000,
        "4" : 99.999868,
        "8" : 0.000000,
        "16" : 0.000000,
        "32" : 0.100000,
        "64" : 0.000000,
        ">=64" : 0.000000
      },
      "latency_ns" : {
        "2" : 0.000000,
        "4" : 0.000000,
        "10" : 0.000000,
        "20" : 0.000000,
        "50" : 0.000000,
        "100" : 0.000000,
        "250" : 0.000000,
        "500" : 0.000000,
        "750" : 0.000000,
        "1000" : 0.000000
      },
      "latency_us" : {
        "2" : 0.000000,
        "4" : 0.000000,
        "10" : 0.000000,
        "20" : 0.018053,
        "50" : 3.966223,
        "100" : 6.194440,
        "250" : 22.878589,
        "500" : 37.934633,
        "750" : 16.716566,
        "1000" : 7.504566
      },
      "latency_ms" : {
        "2" : 4.655812,
        "4" : 0.130723,
        "10" : 0.010000,
        "20" : 0.000000,
        "50" : 0.000000,
        "100" : 0.000000,
        "250" : 0.000000,
        "500" : 0.000000,
        "750" : 0.000000,
        "1000" : 0.000000,
        "2000" : 0.000000,
        ">=2000" : 0.000000
      },
      "latency_depth" : 32,
      "latency_target" : 0,
      "latency_percentile" : 100.000000,
      "latency_window" : 0
    }
  ],
  "disk_util" : [
    {
      "name" : "nvme2n2",
      "read_ios" : 0,
      "write_ios" : 470270,
      "read_merges" : 0,
      "write_merges" : 279160,
      "read_ticks" : 0,
      "write_ticks" : 154550,
      "in_queue" : 154550,
      "util" : 99.087719
    }
  ]
}
