{
  "fio version" : "fio-3.28-261-gc3773-dirty",
  "timestamp" : 1645926052,
  "timestamp_ms" : 1645926052211,
  "time" : "Sun Feb 27 02:40:52 2022",
  "jobs" : [
    {
      "jobname" : "nvme2n2_overwrite-rand_4K_queue-depth-32",
      "groupid" : 0,
      "error" : 0,
      "eta" : 0,
      "elapsed" : 340,
      "job options" : {
        "name" : "nvme2n2_overwrite-rand_4K_queue-depth-32",
        "filename" : "/dev/nvme2n2",
        "direct" : "1",
        "size" : "107374182400",
        "ioengine" : "libaio",
        "zonemode" : "zbd",
        "iodepth" : "32",
        "rw" : "randwrite",
        "bs" : "4K",
        "max_open_zones" : "14",
        "runtime" : "10m"
      },
      "read" : {
        "io_bytes" : 0,
        "io_kbytes" : 0,
        "bw_bytes" : 0,
        "bw" : 0,
        "iops" : 0.000000,
        "runtime" : 0,
        "total_ios" : 0,
        "short_ios" : 0,
        "drop_ios" : 0,
        "slat_ns" : {
          "min" : 0,
          "max" : 0,
          "mean" : 0.000000,
          "stddev" : 0.000000,
          "N" : 0
        },
        "clat_ns" : {
          "min" : 0,
          "max" : 0,
          "mean" : 0.000000,
          "stddev" : 0.000000,
          "N" : 0
        },
        "lat_ns" : {
          "min" : 0,
          "max" : 0,
          "mean" : 0.000000,
          "stddev" : 0.000000,
          "N" : 0
        },
        "bw_min" : 0,
        "bw_max" : 0,
        "bw_agg" : 0.000000,
        "bw_mean" : 0.000000,
        "bw_dev" : 0.000000,
        "bw_samples" : 0,
        "iops_min" : 0,
        "iops_max" : 0,
        "iops_mean" : 0.000000,
        "iops_stddev" : 0.000000,
        "iops_samples" : 0
      },
      "write" : {
        "io_bytes" : 107374182400,
        "io_kbytes" : 104857600,
        "bw_bytes" : 316530715,
        "bw" : 309112,
        "iops" : 77278.006733,
        "runtime" : 339222,
        "total_ios" : 26214400,
        "short_ios" : 0,
        "drop_ios" : 0,
        "slat_ns" : {
          "min" : 1151,
          "max" : 292666,
          "mean" : 4523.165363,
          "stddev" : 2795.488458,
          "N" : 26214400
        },
        "clat_ns" : {
          "min" : 9143,
          "max" : 6146840,
          "mean" : 407036.807727,
          "stddev" : 298453.031524,
          "N" : 26214400,
          "percentile" : {
            "1.000000" : 32640,
            "5.000000" : 57600,
            "10.000000" : 98816,
            "20.000000" : 171008,
            "30.000000" : 230400,
            "40.000000" : 284672,
            "50.000000" : 342016,
            "60.000000" : 403456,
            "70.000000" : 481280,
            "80.000000" : 602112,
            "90.000000" : 798720,
            "95.000000" : 978944,
            "99.000000" : 1368064,
            "99.500000" : 1548288,
            "99.900000" : 2310144,
            "99.950000" : 2703360,
            "99.990000" : 3424256
          }
        },
        "lat_ns" : {
          "min" : 20864,
          "max" : 6148364,
          "mean" : 411678.945403,
          "stddev" : 297787.552252,
          "N" : 26214400
        },
        "bw_min" : 207176,
        "bw_max" : 327296,
        "bw_agg" : 100.000000,
        "bw_mean" : 309284.775811,
        "bw_dev" : 5764.360162,
        "bw_samples" : 678,
        "iops_min" : 51794,
        "iops_max" : 81824,
        "iops_mean" : 77321.148968,
        "iops_stddev" : 1441.100619,
        "iops_samples" : 678
      },
      "trim" : {
        "io_bytes" : 0,
        "io_kbytes" : 0,
        "bw_bytes" : 0,
        "bw" : 0,
        "iops" : 0.000000,
        "runtime" : 0,
        "total_ios" : 0,
        "short_ios" : 0,
        "drop_ios" : 0,
        "slat_ns" : {
          "min" : 0,
          "max" : 0,
          "mean" : 0.000000,
          "stddev" : 0.000000,
          "N" : 0
        },
        "clat_ns" : {
          "min" : 0,
          "max" : 0,
          "mean" : 0.000000,
          "stddev" : 0.000000,
          "N" : 0
        },
        "lat_ns" : {
          "min" : 0,
          "max" : 0,
          "mean" : 0.000000,
          "stddev" : 0.000000,
          "N" : 0
        },
        "bw_min" : 0,
        "bw_max" : 0,
        "bw_agg" : 0.000000,
        "bw_mean" : 0.000000,
        "bw_dev" : 0.000000,
        "bw_samples" : 0,
        "iops_min" : 0,
        "iops_max" : 0,
        "iops_mean" : 0.000000,
        "iops_stddev" : 0.000000,
        "iops_samples" : 0
      },
      "sync" : {
        "total_ios" : 0,
        "lat_ns" : {
          "min" : 0,
          "max" : 0,
          "mean" : 0.000000,
          "stddev" : 0.000000,
          "N" : 0
        }
      },
      "job_runtime" : 339221,
      "usr_cpu" : 9.311629,
      "sys_cpu" : 24.342833,
      "ctx" : 28053962,
      "majf" : 0,
      "minf" : 24,
      "iodepth_level" : {
        "1" : 0.100000,
        "2" : 0.100000,
        "4" : 0.100000,
        "8" : 0.100000,
        "16" : 0.100000,
        "32" : 99.989456,
        ">=64" : 0.000000
      },
      "iodepth_submit" : {
        "0" : 0.000000,
        "4" : 100.000000,
        "8" : 0.000000,
        "16" : 0.000000,
        "32" : 0.000000,
        "64" : 0.000000,
        ">=64" : 0.000000
      },
      "iodepth_complete" : {
        "0" : 0.000000,
        "4" : 99.999996,
        "8" : 0.000000,
        "16" : 0.000000,
        "32" : 0.100000,
        "64" : 0.000000,
        ">=64" : 0.000000
      },
      "latency_ns" : {
        "2" : 0.000000,
        "4" : 0.000000,
        "10" : 0.000000,
        "20" : 0.000000,
        "50" : 0.000000,
        "100" : 0.000000,
        "250" : 0.000000,
        "500" : 0.000000,
        "750" : 0.000000,
        "1000" : 0.000000
      },
      "latency_us" : {
        "2" : 0.000000,
        "4" : 0.000000,
        "10" : 0.010000,
        "20" : 0.014675,
        "50" : 3.893112,
        "100" : 6.269981,
        "250" : 23.439857,
        "500" : 38.100529,
        "750" : 16.236320,
        "1000" : 7.428768
      },
      "latency_ms" : {
        "2" : 4.442371,
        "4" : 0.171837,
        "10" : 0.010000,
        "20" : 0.000000,
        "50" : 0.000000,
        "100" : 0.000000,
        "250" : 0.000000,
        "500" : 0.000000,
        "750" : 0.000000,
        "1000" : 0.000000,
        "2000" : 0.000000,
        ">=2000" : 0.000000
      },
      "latency_depth" : 32,
      "latency_target" : 0,
      "latency_percentile" : 100.000000,
      "latency_window" : 0
    }
  ],
  "disk_util" : [
    {
      "name" : "nvme2n2",
      "read_ios" : 5,
      "write_ios" : 16245254,
      "read_merges" : 0,
      "write_merges" : 9957559,
      "read_ticks" : 0,
      "write_ticks" : 5328638,
      "in_queue" : 5328638,
      "util" : 100.000000
    }
  ]
}
