{
  "fio version" : "fio-3.28-93-ga87e-dirty",
  "timestamp" : 1645884870,
  "timestamp_ms" : 1645884870839,
  "time" : "Sat Feb 26 15:14:30 2022",
  "jobs" : [
    {
      "jobname" : "nvme2n2_read_4Ki_queue-depth-4",
      "groupid" : 0,
      "error" : 0,
      "eta" : 0,
      "elapsed" : 11,
      "job options" : {
        "name" : "nvme2n2_read_4Ki_queue-depth-4",
        "filename" : "/dev/nvme2n2",
        "direct" : "1",
        "size" : "107374182400",
        "ioengine" : "libaio",
        "zonemode" : "zbd",
        "iodepth" : "4",
        "rw" : "read",
        "bs" : "4Ki",
        "runtime" : "10s"
      },
      "read" : {
        "io_bytes" : 9843253248,
        "io_kbytes" : 9612552,
        "bw_bytes" : 984226902,
        "bw" : 961159,
        "iops" : 240289.771023,
        "runtime" : 10001,
        "total_ios" : 2403138,
        "short_ios" : 0,
        "drop_ios" : 0,
        "slat_ns" : {
          "min" : 1607,
          "max" : 82080,
          "mean" : 2937.568798,
          "stddev" : 944.262538,
          "N" : 2403138
        },
        "clat_ns" : {
          "min" : 8288,
          "max" : 637519,
          "mean" : 13062.823996,
          "stddev" : 5135.125982,
          "N" : 2403138,
          "percentile" : {
            "1.000000" : 10816,
            "5.000000" : 11072,
            "10.000000" : 11200,
            "20.000000" : 12096,
            "30.000000" : 12480,
            "40.000000" : 12608,
            "50.000000" : 12736,
            "60.000000" : 12864,
            "70.000000" : 13760,
            "80.000000" : 14016,
            "90.000000" : 14144,
            "95.000000" : 14400,
            "99.000000" : 14912,
            "99.500000" : 19584,
            "99.900000" : 111104,
            "99.950000" : 121344,
            "99.990000" : 123392
          }
        },
        "lat_ns" : {
          "min" : 11388,
          "max" : 639741,
          "mean" : 16133.487822,
          "stddev" : 5077.675645,
          "N" : 2403138
        },
        "bw_min" : 927848,
        "bw_max" : 982560,
        "bw_agg" : 99.994373,
        "bw_mean" : 961105.263158,
        "bw_dev" : 18785.905121,
        "bw_samples" : 19,
        "iops_min" : 231962,
        "iops_max" : 245640,
        "iops_mean" : 240276.421053,
        "iops_stddev" : 4696.408821,
        "iops_samples" : 19
      },
      "write" : {
        "io_bytes" : 0,
        "io_kbytes" : 0,
        "bw_bytes" : 0,
        "bw" : 0,
        "iops" : 0.000000,
        "runtime" : 0,
        "total_ios" : 0,
        "short_ios" : 0,
        "drop_ios" : 0,
        "slat_ns" : {
          "min" : 0,
          "max" : 0,
          "mean" : 0.000000,
          "stddev" : 0.000000,
          "N" : 0
        },
        "clat_ns" : {
          "min" : 0,
          "max" : 0,
          "mean" : 0.000000,
          "stddev" : 0.000000,
          "N" : 0
        },
        "lat_ns" : {
          "min" : 0,
          "max" : 0,
          "mean" : 0.000000,
          "stddev" : 0.000000,
          "N" : 0
        },
        "bw_min" : 0,
        "bw_max" : 0,
        "bw_agg" : 0.000000,
        "bw_mean" : 0.000000,
        "bw_dev" : 0.000000,
        "bw_samples" : 0,
        "iops_min" : 0,
        "iops_max" : 0,
        "iops_mean" : 0.000000,
        "iops_stddev" : 0.000000,
        "iops_samples" : 0
      },
      "trim" : {
        "io_bytes" : 0,
        "io_kbytes" : 0,
        "bw_bytes" : 0,
        "bw" : 0,
        "iops" : 0.000000,
        "runtime" : 0,
        "total_ios" : 0,
        "short_ios" : 0,
        "drop_ios" : 0,
        "slat_ns" : {
          "min" : 0,
          "max" : 0,
          "mean" : 0.000000,
          "stddev" : 0.000000,
          "N" : 0
        },
        "clat_ns" : {
          "min" : 0,
          "max" : 0,
          "mean" : 0.000000,
          "stddev" : 0.000000,
          "N" : 0
        },
        "lat_ns" : {
          "min" : 0,
          "max" : 0,
          "mean" : 0.000000,
          "stddev" : 0.000000,
          "N" : 0
        },
        "bw_min" : 0,
        "bw_max" : 0,
        "bw_agg" : 0.000000,
        "bw_mean" : 0.000000,
        "bw_dev" : 0.000000,
        "bw_samples" : 0,
        "iops_min" : 0,
        "iops_max" : 0,
        "iops_mean" : 0.000000,
        "iops_stddev" : 0.000000,
        "iops_samples" : 0
      },
      "sync" : {
        "total_ios" : 0,
        "lat_ns" : {
          "min" : 0,
          "max" : 0,
          "mean" : 0.000000,
          "stddev" : 0.000000,
          "N" : 0
        }
      },
      "job_runtime" : 10000,
      "usr_cpu" : 28.110000,
      "sys_cpu" : 70.690000,
      "ctx" : 6232,
      "majf" : 0,
      "minf" : 22,
      "iodepth_level" : {
        "1" : 0.100000,
        "2" : 0.100000,
        "4" : 99.999875,
        "8" : 0.000000,
        "16" : 0.000000,
        "32" : 0.000000,
        ">=64" : 0.000000
      },
      "iodepth_submit" : {
        "0" : 0.000000,
        "4" : 100.000000,
        "8" : 0.000000,
        "16" : 0.000000,
        "32" : 0.000000,
        "64" : 0.000000,
        ">=64" : 0.000000
      },
      "iodepth_complete" : {
        "0" : 0.000000,
        "4" : 100.000000,
        "8" : 0.000000,
        "16" : 0.000000,
        "32" : 0.000000,
        "64" : 0.000000,
        ">=64" : 0.000000
      },
      "latency_ns" : {
        "2" : 0.000000,
        "4" : 0.000000,
        "10" : 0.000000,
        "20" : 0.000000,
        "50" : 0.000000,
        "100" : 0.000000,
        "250" : 0.000000,
        "500" : 0.000000,
        "750" : 0.000000,
        "1000" : 0.000000
      },
      "latency_us" : {
        "2" : 0.000000,
        "4" : 0.000000,
        "10" : 0.034455,
        "20" : 99.500320,
        "50" : 0.248883,
        "100" : 0.040780,
        "250" : 0.173065,
        "500" : 0.010000,
        "750" : 0.010000,
        "1000" : 0.000000
      },
      "latency_ms" : {
        "2" : 0.000000,
        "4" : 0.000000,
        "10" : 0.000000,
        "20" : 0.000000,
        "50" : 0.000000,
        "100" : 0.000000,
        "250" : 0.000000,
        "500" : 0.000000,
        "750" : 0.000000,
        "1000" : 0.000000,
        "2000" : 0.000000,
        ">=2000" : 0.000000
      },
      "latency_depth" : 4,
      "latency_target" : 0,
      "latency_percentile" : 100.000000,
      "latency_window" : 0
    }
  ],
  "disk_util" : [
    {
      "name" : "nvme2n2",
      "read_ios" : 2375153,
      "write_ios" : 0,
      "read_merges" : 0,
      "write_merges" : 0,
      "read_ticks" : 21624,
      "write_ticks" : 0,
      "in_queue" : 21624,
      "util" : 99.098016
    }
  ]
}
