{
  "fio version" : "fio-3.28-261-gc3773-dirty",
  "timestamp" : 1645926310,
  "timestamp_ms" : 1645926310853,
  "time" : "Sun Feb 27 02:45:10 2022",
  "jobs" : [
    {
      "jobname" : "nvme2n2_randwrite_4K_queue-depth-64",
      "groupid" : 0,
      "error" : 0,
      "eta" : 0,
      "elapsed" : 258,
      "job options" : {
        "name" : "nvme2n2_randwrite_4K_queue-depth-64",
        "filename" : "/dev/nvme2n2",
        "direct" : "1",
        "size" : "107374182400",
        "ioengine" : "libaio",
        "zonemode" : "zbd",
        "iodepth" : "64",
        "rw" : "randwrite",
        "bs" : "4K",
        "max_open_zones" : "14",
        "runtime" : "10m"
      },
      "read" : {
        "io_bytes" : 0,
        "io_kbytes" : 0,
        "bw_bytes" : 0,
        "bw" : 0,
        "iops" : 0.000000,
        "runtime" : 0,
        "total_ios" : 0,
        "short_ios" : 0,
        "drop_ios" : 0,
        "slat_ns" : {
          "min" : 0,
          "max" : 0,
          "mean" : 0.000000,
          "stddev" : 0.000000,
          "N" : 0
        },
        "clat_ns" : {
          "min" : 0,
          "max" : 0,
          "mean" : 0.000000,
          "stddev" : 0.000000,
          "N" : 0
        },
        "lat_ns" : {
          "min" : 0,
          "max" : 0,
          "mean" : 0.000000,
          "stddev" : 0.000000,
          "N" : 0
        },
        "bw_min" : 0,
        "bw_max" : 0,
        "bw_agg" : 0.000000,
        "bw_mean" : 0.000000,
        "bw_dev" : 0.000000,
        "bw_samples" : 0,
        "iops_min" : 0,
        "iops_max" : 0,
        "iops_mean" : 0.000000,
        "iops_stddev" : 0.000000,
        "iops_samples" : 0
      },
      "write" : {
        "io_bytes" : 107374182400,
        "io_kbytes" : 104857600,
        "bw_bytes" : 416684514,
        "bw" : 406918,
        "iops" : 101729.617715,
        "runtime" : 257687,
        "total_ios" : 26214400,
        "short_ios" : 0,
        "drop_ios" : 0,
        "slat_ns" : {
          "min" : 1182,
          "max" : 293862,
          "mean" : 3846.537624,
          "stddev" : 2835.607858,
          "N" : 26214400
        },
        "clat_ns" : {
          "min" : 10358,
          "max" : 8530826,
          "mean" : 622403.398289,
          "stddev" : 487835.308687,
          "N" : 26214400,
          "percentile" : {
            "1.000000" : 35584,
            "5.000000" : 76288,
            "10.000000" : 124416,
            "20.000000" : 203776,
            "30.000000" : 276480,
            "40.000000" : 358400,
            "50.000000" : 477184,
            "60.000000" : 643072,
            "70.000000" : 831488,
            "80.000000" : 1028096,
            "90.000000" : 1302528,
            "95.000000" : 1531904,
            "99.000000" : 2072576,
            "99.500000" : 2342912,
            "99.900000" : 3162112,
            "99.950000" : 3489792,
            "99.990000" : 4227072
          }
        },
        "lat_ns" : {
          "min" : 20796,
          "max" : 8535562,
          "mean" : 626366.886795,
          "stddev" : 487066.823325,
          "N" : 26214400
        },
        "bw_min" : 362680,
        "bw_max" : 444360,
        "bw_agg" : 100.000000,
        "bw_mean" : 407155.790291,
        "bw_dev" : 6746.279300,
        "bw_samples" : 515,
        "iops_min" : 90670,
        "iops_max" : 111090,
        "iops_mean" : 101788.957282,
        "iops_stddev" : 1686.573690,
        "iops_samples" : 515
      },
      "trim" : {
        "io_bytes" : 0,
        "io_kbytes" : 0,
        "bw_bytes" : 0,
        "bw" : 0,
        "iops" : 0.000000,
        "runtime" : 0,
        "total_ios" : 0,
        "short_ios" : 0,
        "drop_ios" : 0,
        "slat_ns" : {
          "min" : 0,
          "max" : 0,
          "mean" : 0.000000,
          "stddev" : 0.000000,
          "N" : 0
        },
        "clat_ns" : {
          "min" : 0,
          "max" : 0,
          "mean" : 0.000000,
          "stddev" : 0.000000,
          "N" : 0
        },
        "lat_ns" : {
          "min" : 0,
          "max" : 0,
          "mean" : 0.000000,
          "stddev" : 0.000000,
          "N" : 0
        },
        "bw_min" : 0,
        "bw_max" : 0,
        "bw_agg" : 0.000000,
        "bw_mean" : 0.000000,
        "bw_dev" : 0.000000,
        "bw_samples" : 0,
        "iops_min" : 0,
        "iops_max" : 0,
        "iops_mean" : 0.000000,
        "iops_stddev" : 0.000000,
        "iops_samples" : 0
      },
      "sync" : {
        "total_ios" : 0,
        "lat_ns" : {
          "min" : 0,
          "max" : 0,
          "mean" : 0.000000,
          "stddev" : 0.000000,
          "N" : 0
        }
      },
      "job_runtime" : 257686,
      "usr_cpu" : 12.504754,
      "sys_cpu" : 28.021701,
      "ctx" : 20328547,
      "majf" : 0,
      "minf" : 1831,
      "iodepth_level" : {
        "1" : 0.100000,
        "2" : 0.100000,
        "4" : 0.100000,
        "8" : 0.100000,
        "16" : 0.100000,
        "32" : 0.100000,
        ">=64" : 99.979332
      },
      "iodepth_submit" : {
        "0" : 0.000000,
        "4" : 100.000000,
        "8" : 0.000000,
        "16" : 0.000000,
        "32" : 0.000000,
        "64" : 0.000000,
        ">=64" : 0.000000
      },
      "iodepth_complete" : {
        "0" : 0.000000,
        "4" : 99.999996,
        "8" : 0.000000,
        "16" : 0.000000,
        "32" : 0.000000,
        "64" : 0.100000,
        ">=64" : 0.000000
      },
      "latency_ns" : {
        "2" : 0.000000,
        "4" : 0.000000,
        "10" : 0.000000,
        "20" : 0.000000,
        "50" : 0.000000,
        "100" : 0.000000,
        "250" : 0.000000,
        "500" : 0.000000,
        "750" : 0.000000,
        "1000" : 0.000000
      },
      "latency_us" : {
        "2" : 0.000000,
        "4" : 0.000000,
        "10" : 0.000000,
        "20" : 0.011147,
        "50" : 2.452976,
        "100" : 4.894928,
        "250" : 19.178310,
        "500" : 25.049316,
        "750" : 14.157116,
        "1000" : 12.880592
      },
      "latency_ms" : {
        "2" : 20.168873,
        "4" : 1.190388,
        "10" : 0.016354,
        "20" : 0.000000,
        "50" : 0.000000,
        "100" : 0.000000,
        "250" : 0.000000,
        "500" : 0.000000,
        "750" : 0.000000,
        "1000" : 0.000000,
        "2000" : 0.000000,
        ">=2000" : 0.000000
      },
      "latency_depth" : 64,
      "latency_target" : 0,
      "latency_percentile" : 100.000000,
      "latency_window" : 0
    }
  ],
  "disk_util" : [
    {
      "name" : "nvme2n2",
      "read_ios" : 0,
      "write_ios" : 11957588,
      "read_merges" : 0,
      "write_merges" : 14247151,
      "read_ticks" : 0,
      "write_ticks" : 4841033,
      "in_queue" : 4841034,
      "util" : 100.000000
    }
  ]
}
