{
  "fio version" : "fio-3.28-261-gc3773-dirty",
  "timestamp" : 1645927130,
  "timestamp_ms" : 1645927130559,
  "time" : "Sun Feb 27 02:58:50 2022",
  "jobs" : [
    {
      "jobname" : "nvme2n2_write_4K_queue-depth-128",
      "groupid" : 0,
      "error" : 0,
      "eta" : 0,
      "elapsed" : 58,
      "job options" : {
        "name" : "nvme2n2_write_4K_queue-depth-128",
        "filename" : "/dev/nvme2n2",
        "direct" : "1",
        "size" : "107374182400",
        "ioengine" : "libaio",
        "zonemode" : "zbd",
        "iodepth" : "128",
        "rw" : "write",
        "bs" : "4K",
        "runtime" : "10m"
      },
      "read" : {
        "io_bytes" : 0,
        "io_kbytes" : 0,
        "bw_bytes" : 0,
        "bw" : 0,
        "iops" : 0.000000,
        "runtime" : 0,
        "total_ios" : 0,
        "short_ios" : 0,
        "drop_ios" : 0,
        "slat_ns" : {
          "min" : 0,
          "max" : 0,
          "mean" : 0.000000,
          "stddev" : 0.000000,
          "N" : 0
        },
        "clat_ns" : {
          "min" : 0,
          "max" : 0,
          "mean" : 0.000000,
          "stddev" : 0.000000,
          "N" : 0
        },
        "lat_ns" : {
          "min" : 0,
          "max" : 0,
          "mean" : 0.000000,
          "stddev" : 0.000000,
          "N" : 0
        },
        "bw_min" : 0,
        "bw_max" : 0,
        "bw_agg" : 0.000000,
        "bw_mean" : 0.000000,
        "bw_dev" : 0.000000,
        "bw_samples" : 0,
        "iops_min" : 0,
        "iops_max" : 0,
        "iops_mean" : 0.000000,
        "iops_stddev" : 0.000000,
        "iops_samples" : 0
      },
      "write" : {
        "io_bytes" : 56465817600,
        "io_kbytes" : 55142400,
        "bw_bytes" : 990976089,
        "bw" : 967750,
        "iops" : 241937.521938,
        "runtime" : 56980,
        "total_ios" : 13785600,
        "short_ios" : 0,
        "drop_ios" : 0,
        "slat_ns" : {
          "min" : 853,
          "max" : 395988,
          "mean" : 1803.619790,
          "stddev" : 2369.339467,
          "N" : 13785600
        },
        "clat_ns" : {
          "min" : 58668,
          "max" : 5753949,
          "mean" : 526723.987945,
          "stddev" : 380169.361860,
          "N" : 13785600,
          "percentile" : {
            "1.000000" : 280576,
            "5.000000" : 292864,
            "10.000000" : 301056,
            "20.000000" : 317440,
            "30.000000" : 321536,
            "40.000000" : 329728,
            "50.000000" : 337920,
            "60.000000" : 374784,
            "70.000000" : 481280,
            "80.000000" : 741376,
            "90.000000" : 1056768,
            "95.000000" : 1253376,
            "99.000000" : 2039808,
            "99.500000" : 2637824,
            "99.900000" : 3096576,
            "99.950000" : 3293184,
            "99.990000" : 3817472
          }
        },
        "lat_ns" : {
          "min" : 64164,
          "max" : 5755382,
          "mean" : 528628.558027,
          "stddev" : 380182.720311,
          "N" : 13785600
        },
        "bw_min" : 841040,
        "bw_max" : 1076832,
        "bw_agg" : 100.000000,
        "bw_mean" : 969279.008850,
        "bw_dev" : 72086.816478,
        "bw_samples" : 113,
        "iops_min" : 210260,
        "iops_max" : 269208,
        "iops_mean" : 242319.823009,
        "iops_stddev" : 18021.775201,
        "iops_samples" : 113
      },
      "trim" : {
        "io_bytes" : 0,
        "io_kbytes" : 0,
        "bw_bytes" : 0,
        "bw" : 0,
        "iops" : 0.000000,
        "runtime" : 0,
        "total_ios" : 0,
        "short_ios" : 0,
        "drop_ios" : 0,
        "slat_ns" : {
          "min" : 0,
          "max" : 0,
          "mean" : 0.000000,
          "stddev" : 0.000000,
          "N" : 0
        },
        "clat_ns" : {
          "min" : 0,
          "max" : 0,
          "mean" : 0.000000,
          "stddev" : 0.000000,
          "N" : 0
        },
        "lat_ns" : {
          "min" : 0,
          "max" : 0,
          "mean" : 0.000000,
          "stddev" : 0.000000,
          "N" : 0
        },
        "bw_min" : 0,
        "bw_max" : 0,
        "bw_agg" : 0.000000,
        "bw_mean" : 0.000000,
        "bw_dev" : 0.000000,
        "bw_samples" : 0,
        "iops_min" : 0,
        "iops_max" : 0,
        "iops_mean" : 0.000000,
        "iops_stddev" : 0.000000,
        "iops_samples" : 0
      },
      "sync" : {
        "total_ios" : 0,
        "lat_ns" : {
          "min" : 0,
          "max" : 0,
          "mean" : 0.000000,
          "stddev" : 0.000000,
          "N" : 0
        }
      },
      "job_runtime" : 56979,
      "usr_cpu" : 20.719914,
      "sys_cpu" : 41.522315,
      "ctx" : 958394,
      "majf" : 0,
      "minf" : 22,
      "iodepth_level" : {
        "1" : 0.100000,
        "2" : 0.100000,
        "4" : 0.100000,
        "8" : 0.100000,
        "16" : 0.100000,
        "32" : 0.100000,
        ">=64" : 99.999543
      },
      "iodepth_submit" : {
        "0" : 0.000000,
        "4" : 100.000000,
        "8" : 0.000000,
        "16" : 0.000000,
        "32" : 0.000000,
        "64" : 0.000000,
        ">=64" : 0.000000
      },
      "iodepth_complete" : {
        "0" : 0.000000,
        "4" : 99.999993,
        "8" : 0.000000,
        "16" : 0.000000,
        "32" : 0.000000,
        "64" : 0.000000,
        ">=64" : 0.100000
      },
      "latency_ns" : {
        "2" : 0.000000,
        "4" : 0.000000,
        "10" : 0.000000,
        "20" : 0.000000,
        "50" : 0.000000,
        "100" : 0.000000,
        "250" : 0.000000,
        "500" : 0.000000,
        "750" : 0.000000,
        "1000" : 0.000000
      },
      "latency_us" : {
        "2" : 0.000000,
        "4" : 0.000000,
        "10" : 0.000000,
        "20" : 0.000000,
        "50" : 0.000000,
        "100" : 0.010000,
        "250" : 0.038025,
        "500" : 70.970694,
        "750" : 9.273945,
        "1000" : 7.915433
      },
      "latency_ms" : {
        "2" : 10.767794,
        "4" : 1.029553,
        "10" : 0.010000,
        "20" : 0.000000,
        "50" : 0.000000,
        "100" : 0.000000,
        "250" : 0.000000,
        "500" : 0.000000,
        "750" : 0.000000,
        "1000" : 0.000000,
        "2000" : 0.000000,
        ">=2000" : 0.000000
      },
      "latency_depth" : 128,
      "latency_target" : 0,
      "latency_percentile" : 100.000000,
      "latency_window" : 0
    }
  ],
  "disk_util" : [
    {
      "name" : "nvme2n2",
      "read_ios" : 0,
      "write_ios" : 478220,
      "read_merges" : 0,
      "write_merges" : 13287914,
      "read_ticks" : 0,
      "write_ticks" : 109546,
      "in_queue" : 109546,
      "util" : 99.915695
    }
  ]
}
