{
  "fio version" : "fio-3.28-261-gc3773-dirty",
  "timestamp" : 1645913490,
  "timestamp_ms" : 1645913490183,
  "time" : "Sat Feb 26 23:11:30 2022",
  "jobs" : [
    {
      "jobname" : "nvme2n2_randwrite_4K_queue-depth-4",
      "groupid" : 0,
      "error" : 0,
      "eta" : 0,
      "elapsed" : 6,
      "job options" : {
        "name" : "nvme2n2_randwrite_4K_queue-depth-4",
        "filename" : "/dev/nvme2n2",
        "direct" : "1",
        "size" : "107374182400",
        "ioengine" : "libaio",
        "zonemode" : "zbd",
        "iodepth" : "4",
        "rw" : "randwrite",
        "bs" : "4K",
        "max_open_zones" : "14",
        "runtime" : "5s"
      },
      "read" : {
        "io_bytes" : 0,
        "io_kbytes" : 0,
        "bw_bytes" : 0,
        "bw" : 0,
        "iops" : 0.000000,
        "runtime" : 0,
        "total_ios" : 0,
        "short_ios" : 0,
        "drop_ios" : 0,
        "slat_ns" : {
          "min" : 0,
          "max" : 0,
          "mean" : 0.000000,
          "stddev" : 0.000000,
          "N" : 0
        },
        "clat_ns" : {
          "min" : 0,
          "max" : 0,
          "mean" : 0.000000,
          "stddev" : 0.000000,
          "N" : 0
        },
        "lat_ns" : {
          "min" : 0,
          "max" : 0,
          "mean" : 0.000000,
          "stddev" : 0.000000,
          "N" : 0
        },
        "bw_min" : 0,
        "bw_max" : 0,
        "bw_agg" : 0.000000,
        "bw_mean" : 0.000000,
        "bw_dev" : 0.000000,
        "bw_samples" : 0,
        "iops_min" : 0,
        "iops_max" : 0,
        "iops_mean" : 0.000000,
        "iops_stddev" : 0.000000,
        "iops_samples" : 0
      },
      "write" : {
        "io_bytes" : 1057472512,
        "io_kbytes" : 1032688,
        "bw_bytes" : 211452211,
        "bw" : 206496,
        "iops" : 51624.075185,
        "runtime" : 5001,
        "total_ios" : 258172,
        "short_ios" : 0,
        "drop_ios" : 0,
        "slat_ns" : {
          "min" : 1339,
          "max" : 193608,
          "mean" : 5637.258979,
          "stddev" : 1654.086517,
          "N" : 258172
        },
        "clat_ns" : {
          "min" : 6663,
          "max" : 12901321,
          "mean" : 70838.629433,
          "stddev" : 73651.077487,
          "N" : 258172,
          "percentile" : {
            "1.000000" : 24192,
            "5.000000" : 30080,
            "10.000000" : 34048,
            "20.000000" : 40192,
            "30.000000" : 45312,
            "40.000000" : 51456,
            "50.000000" : 59136,
            "60.000000" : 68096,
            "70.000000" : 79360,
            "80.000000" : 94720,
            "90.000000" : 117248,
            "95.000000" : 138240,
            "99.000000" : 197632,
            "99.500000" : 259072,
            "99.900000" : 700416,
            "99.950000" : 1003520,
            "99.990000" : 1974272
          }
        },
        "lat_ns" : {
          "min" : 19458,
          "max" : 12905191,
          "mean" : 76590.647437,
          "stddev" : 73563.728028,
          "N" : 258172
        },
        "bw_min" : 199320,
        "bw_max" : 209480,
        "bw_agg" : 99.949006,
        "bw_mean" : 206391.111111,
        "bw_dev" : 2912.155063,
        "bw_samples" : 9,
        "iops_min" : 49830,
        "iops_max" : 52370,
        "iops_mean" : 51597.777778,
        "iops_stddev" : 728.038766,
        "iops_samples" : 9
      },
      "trim" : {
        "io_bytes" : 0,
        "io_kbytes" : 0,
        "bw_bytes" : 0,
        "bw" : 0,
        "iops" : 0.000000,
        "runtime" : 0,
        "total_ios" : 0,
        "short_ios" : 0,
        "drop_ios" : 0,
        "slat_ns" : {
          "min" : 0,
          "max" : 0,
          "mean" : 0.000000,
          "stddev" : 0.000000,
          "N" : 0
        },
        "clat_ns" : {
          "min" : 0,
          "max" : 0,
          "mean" : 0.000000,
          "stddev" : 0.000000,
          "N" : 0
        },
        "lat_ns" : {
          "min" : 0,
          "max" : 0,
          "mean" : 0.000000,
          "stddev" : 0.000000,
          "N" : 0
        },
        "bw_min" : 0,
        "bw_max" : 0,
        "bw_agg" : 0.000000,
        "bw_mean" : 0.000000,
        "bw_dev" : 0.000000,
        "bw_samples" : 0,
        "iops_min" : 0,
        "iops_max" : 0,
        "iops_mean" : 0.000000,
        "iops_stddev" : 0.000000,
        "iops_samples" : 0
      },
      "sync" : {
        "total_ios" : 0,
        "lat_ns" : {
          "min" : 0,
          "max" : 0,
          "mean" : 0.000000,
          "stddev" : 0.000000,
          "N" : 0
        }
      },
      "job_runtime" : 5000,
      "usr_cpu" : 8.660000,
      "sys_cpu" : 22.580000,
      "ctx" : 426543,
      "majf" : 0,
      "minf" : 12,
      "iodepth_level" : {
        "1" : 0.100000,
        "2" : 0.100000,
        "4" : 99.998838,
        "8" : 0.000000,
        "16" : 0.000000,
        "32" : 0.000000,
        ">=64" : 0.000000
      },
      "iodepth_submit" : {
        "0" : 0.000000,
        "4" : 100.000000,
        "8" : 0.000000,
        "16" : 0.000000,
        "32" : 0.000000,
        "64" : 0.000000,
        ">=64" : 0.000000
      },
      "iodepth_complete" : {
        "0" : 0.000000,
        "4" : 100.000000,
        "8" : 0.000000,
        "16" : 0.000000,
        "32" : 0.000000,
        "64" : 0.000000,
        ">=64" : 0.000000
      },
      "latency_ns" : {
        "2" : 0.000000,
        "4" : 0.000000,
        "10" : 0.000000,
        "20" : 0.000000,
        "50" : 0.000000,
        "100" : 0.000000,
        "250" : 0.000000,
        "500" : 0.000000,
        "750" : 0.000000,
        "1000" : 0.000000
      },
      "latency_us" : {
        "2" : 0.000000,
        "4" : 0.000000,
        "10" : 0.010000,
        "20" : 0.163070,
        "50" : 37.479277,
        "100" : 45.417009,
        "250" : 16.403793,
        "500" : 0.367972,
        "750" : 0.077855,
        "1000" : 0.040671
      },
      "latency_ms" : {
        "2" : 0.040671,
        "4" : 0.010000,
        "10" : 0.000000,
        "20" : 0.010000,
        "50" : 0.000000,
        "100" : 0.000000,
        "250" : 0.000000,
        "500" : 0.000000,
        "750" : 0.000000,
        "1000" : 0.000000,
        "2000" : 0.000000,
        ">=2000" : 0.000000
      },
      "latency_depth" : 4,
      "latency_target" : 0,
      "latency_percentile" : 100.000000,
      "latency_window" : 0
    }
  ],
  "disk_util" : [
    {
      "name" : "nvme2n2",
      "read_ios" : 0,
      "write_ios" : 248732,
      "read_merges" : 0,
      "write_merges" : 3202,
      "read_ticks" : 0,
      "write_ticks" : 17451,
      "in_queue" : 17451,
      "util" : 98.032919
    }
  ]
}
