{
  "fio version" : "fio-3.28-261-gc3773-dirty",
  "timestamp" : 1645929139,
  "timestamp_ms" : 1645929139005,
  "time" : "Sun Feb 27 03:32:19 2022",
  "jobs" : [
    {
      "jobname" : "nvme2n2_overwrite-seq_4K_queue-depth-1024",
      "groupid" : 0,
      "error" : 0,
      "eta" : 0,
      "elapsed" : 55,
      "job options" : {
        "name" : "nvme2n2_overwrite-seq_4K_queue-depth-1024",
        "filename" : "/dev/nvme2n2",
        "direct" : "1",
        "size" : "107374182400",
        "ioengine" : "libaio",
        "zonemode" : "zbd",
        "iodepth" : "1024",
        "rw" : "write",
        "bs" : "4K",
        "runtime" : "10m"
      },
      "read" : {
        "io_bytes" : 0,
        "io_kbytes" : 0,
        "bw_bytes" : 0,
        "bw" : 0,
        "iops" : 0.000000,
        "runtime" : 0,
        "total_ios" : 0,
        "short_ios" : 0,
        "drop_ios" : 0,
        "slat_ns" : {
          "min" : 0,
          "max" : 0,
          "mean" : 0.000000,
          "stddev" : 0.000000,
          "N" : 0
        },
        "clat_ns" : {
          "min" : 0,
          "max" : 0,
          "mean" : 0.000000,
          "stddev" : 0.000000,
          "N" : 0
        },
        "lat_ns" : {
          "min" : 0,
          "max" : 0,
          "mean" : 0.000000,
          "stddev" : 0.000000,
          "N" : 0
        },
        "bw_min" : 0,
        "bw_max" : 0,
        "bw_agg" : 0.000000,
        "bw_mean" : 0.000000,
        "bw_dev" : 0.000000,
        "bw_samples" : 0,
        "iops_min" : 0,
        "iops_max" : 0,
        "iops_mean" : 0.000000,
        "iops_stddev" : 0.000000,
        "iops_samples" : 0
      },
      "write" : {
        "io_bytes" : 56465817600,
        "io_kbytes" : 55142400,
        "bw_bytes" : 1033774877,
        "bw" : 1009545,
        "iops" : 252386.444774,
        "runtime" : 54621,
        "total_ios" : 13785600,
        "short_ios" : 0,
        "drop_ios" : 0,
        "slat_ns" : {
          "min" : 868,
          "max" : 198476,
          "mean" : 1680.488309,
          "stddev" : 2850.283907,
          "N" : 13785600
        },
        "clat_ns" : {
          "min" : 1879200,
          "max" : 12345068,
          "mean" : 4002598.224894,
          "stddev" : 689073.924212,
          "N" : 13785600,
          "percentile" : {
            "1.000000" : 2605056,
            "5.000000" : 3194880,
            "10.000000" : 3293184,
            "20.000000" : 3424256,
            "30.000000" : 3555328,
            "40.000000" : 3719168,
            "50.000000" : 3915776,
            "60.000000" : 4112384,
            "70.000000" : 4292608,
            "80.000000" : 4489216,
            "90.000000" : 4751360,
            "95.000000" : 5144576,
            "99.000000" : 6455296,
            "99.500000" : 6848512,
            "99.900000" : 7700480,
            "99.950000" : 8585216,
            "99.990000" : 11206656
          }
        },
        "lat_ns" : {
          "min" : 1880315,
          "max" : 12348987,
          "mean" : 4004373.618190,
          "stddev" : 689007.753058,
          "N" : 13785600
        },
        "bw_min" : 959464,
        "bw_max" : 1073392,
        "bw_agg" : 100.000000,
        "bw_mean" : 1010238.018349,
        "bw_dev" : 35654.399754,
        "bw_samples" : 109,
        "iops_min" : 239866,
        "iops_max" : 268348,
        "iops_mean" : 252559.633028,
        "iops_stddev" : 8913.655563,
        "iops_samples" : 109
      },
      "trim" : {
        "io_bytes" : 0,
        "io_kbytes" : 0,
        "bw_bytes" : 0,
        "bw" : 0,
        "iops" : 0.000000,
        "runtime" : 0,
        "total_ios" : 0,
        "short_ios" : 0,
        "drop_ios" : 0,
        "slat_ns" : {
          "min" : 0,
          "max" : 0,
          "mean" : 0.000000,
          "stddev" : 0.000000,
          "N" : 0
        },
        "clat_ns" : {
          "min" : 0,
          "max" : 0,
          "mean" : 0.000000,
          "stddev" : 0.000000,
          "N" : 0
        },
        "lat_ns" : {
          "min" : 0,
          "max" : 0,
          "mean" : 0.000000,
          "stddev" : 0.000000,
          "N" : 0
        },
        "bw_min" : 0,
        "bw_max" : 0,
        "bw_agg" : 0.000000,
        "bw_mean" : 0.000000,
        "bw_dev" : 0.000000,
        "bw_samples" : 0,
        "iops_min" : 0,
        "iops_max" : 0,
        "iops_mean" : 0.000000,
        "iops_stddev" : 0.000000,
        "iops_samples" : 0
      },
      "sync" : {
        "total_ios" : 0,
        "lat_ns" : {
          "min" : 0,
          "max" : 0,
          "mean" : 0.000000,
          "stddev" : 0.000000,
          "N" : 0
        }
      },
      "job_runtime" : 54620,
      "usr_cpu" : 23.381545,
      "sys_cpu" : 41.065544,
      "ctx" : 228759,
      "majf" : 0,
      "minf" : 2347,
      "iodepth_level" : {
        "1" : 0.100000,
        "2" : 0.100000,
        "4" : 0.100000,
        "8" : 0.100000,
        "16" : 0.100000,
        "32" : 0.100000,
        ">=64" : 99.977150
      },
      "iodepth_submit" : {
        "0" : 0.000000,
        "4" : 100.000000,
        "8" : 0.000000,
        "16" : 0.000000,
        "32" : 0.000000,
        "64" : 0.000000,
        ">=64" : 0.000000
      },
      "iodepth_complete" : {
        "0" : 0.000000,
        "4" : 99.999993,
        "8" : 0.000000,
        "16" : 0.000000,
        "32" : 0.000000,
        "64" : 0.000000,
        ">=64" : 0.100000
      },
      "latency_ns" : {
        "2" : 0.000000,
        "4" : 0.000000,
        "10" : 0.000000,
        "20" : 0.000000,
        "50" : 0.000000,
        "100" : 0.000000,
        "250" : 0.000000,
        "500" : 0.000000,
        "750" : 0.000000,
        "1000" : 0.000000
      },
      "latency_us" : {
        "2" : 0.000000,
        "4" : 0.000000,
        "10" : 0.000000,
        "20" : 0.000000,
        "50" : 0.000000,
        "100" : 0.000000,
        "250" : 0.000000,
        "500" : 0.000000,
        "750" : 0.000000,
        "1000" : 0.000000
      },
      "latency_ms" : {
        "2" : 0.010000,
        "4" : 53.752191,
        "10" : 46.222994,
        "20" : 0.022226,
        "50" : 0.000000,
        "100" : 0.000000,
        "250" : 0.000000,
        "500" : 0.000000,
        "750" : 0.000000,
        "1000" : 0.000000,
        "2000" : 0.000000,
        ">=2000" : 0.000000
      },
      "latency_depth" : 1024,
      "latency_target" : 0,
      "latency_percentile" : 100.000000,
      "latency_window" : 0
    }
  ],
  "disk_util" : [
    {
      "name" : "nvme2n2",
      "read_ios" : 24,
      "write_ios" : 114334,
      "read_merges" : 0,
      "write_merges" : 13608815,
      "read_ticks" : 3,
      "write_ticks" : 425624,
      "in_queue" : 425626,
      "util" : 99.895307
    }
  ]
}
