{
  "fio version" : "fio-3.28-261-gc3773-dirty",
  "timestamp" : 1645914184,
  "timestamp_ms" : 1645914184036,
  "time" : "Sat Feb 26 23:23:04 2022",
  "jobs" : [
    {
      "jobname" : "nvme2n2_overwrite-rand_4K_queue-depth-512",
      "groupid" : 0,
      "error" : 0,
      "eta" : 0,
      "elapsed" : 6,
      "job options" : {
        "name" : "nvme2n2_overwrite-rand_4K_queue-depth-512",
        "filename" : "/dev/nvme2n2",
        "direct" : "1",
        "size" : "107374182400",
        "ioengine" : "libaio",
        "zonemode" : "zbd",
        "iodepth" : "512",
        "rw" : "randwrite",
        "bs" : "4K",
        "max_open_zones" : "14",
        "runtime" : "5s"
      },
      "read" : {
        "io_bytes" : 0,
        "io_kbytes" : 0,
        "bw_bytes" : 0,
        "bw" : 0,
        "iops" : 0.000000,
        "runtime" : 0,
        "total_ios" : 0,
        "short_ios" : 0,
        "drop_ios" : 0,
        "slat_ns" : {
          "min" : 0,
          "max" : 0,
          "mean" : 0.000000,
          "stddev" : 0.000000,
          "N" : 0
        },
        "clat_ns" : {
          "min" : 0,
          "max" : 0,
          "mean" : 0.000000,
          "stddev" : 0.000000,
          "N" : 0
        },
        "lat_ns" : {
          "min" : 0,
          "max" : 0,
          "mean" : 0.000000,
          "stddev" : 0.000000,
          "N" : 0
        },
        "bw_min" : 0,
        "bw_max" : 0,
        "bw_agg" : 0.000000,
        "bw_mean" : 0.000000,
        "bw_dev" : 0.000000,
        "bw_samples" : 0,
        "iops_min" : 0,
        "iops_max" : 0,
        "iops_mean" : 0.000000,
        "iops_stddev" : 0.000000,
        "iops_samples" : 0
      },
      "write" : {
        "io_bytes" : 4872601600,
        "io_kbytes" : 4758400,
        "bw_bytes" : 974325454,
        "bw" : 951489,
        "iops" : 237872.425515,
        "runtime" : 5001,
        "total_ios" : 1189600,
        "short_ios" : 0,
        "drop_ios" : 0,
        "slat_ns" : {
          "min" : 889,
          "max" : 412323,
          "mean" : 2705.371015,
          "stddev" : 3200.572217,
          "N" : 1189600
        },
        "clat_ns" : {
          "min" : 7557,
          "max" : 13064439,
          "mean" : 2091667.345081,
          "stddev" : 805475.160589,
          "N" : 1189600,
          "percentile" : {
            "1.000000" : 905216,
            "5.000000" : 1236992,
            "10.000000" : 1400832,
            "20.000000" : 1613824,
            "30.000000" : 1761280,
            "40.000000" : 1892352,
            "50.000000" : 2007040,
            "60.000000" : 2146304,
            "70.000000" : 2244608,
            "80.000000" : 2408448,
            "90.000000" : 2670592,
            "95.000000" : 2965504,
            "99.000000" : 6062080,
            "99.500000" : 7569408,
            "99.900000" : 8978432,
            "99.950000" : 9371648,
            "99.990000" : 10813440
          }
        },
        "lat_ns" : {
          "min" : 37330,
          "max" : 13066064,
          "mean" : 2094482.819465,
          "stddev" : 806060.905101,
          "N" : 1189600
        },
        "bw_min" : 706312,
        "bw_max" : 1066608,
        "bw_agg" : 99.084835,
        "bw_mean" : 942782.222222,
        "bw_dev" : 107771.820345,
        "bw_samples" : 9,
        "iops_min" : 176578,
        "iops_max" : 266652,
        "iops_mean" : 235695.555556,
        "iops_stddev" : 26942.955086,
        "iops_samples" : 9
      },
      "trim" : {
        "io_bytes" : 0,
        "io_kbytes" : 0,
        "bw_bytes" : 0,
        "bw" : 0,
        "iops" : 0.000000,
        "runtime" : 0,
        "total_ios" : 0,
        "short_ios" : 0,
        "drop_ios" : 0,
        "slat_ns" : {
          "min" : 0,
          "max" : 0,
          "mean" : 0.000000,
          "stddev" : 0.000000,
          "N" : 0
        },
        "clat_ns" : {
          "min" : 0,
          "max" : 0,
          "mean" : 0.000000,
          "stddev" : 0.000000,
          "N" : 0
        },
        "lat_ns" : {
          "min" : 0,
          "max" : 0,
          "mean" : 0.000000,
          "stddev" : 0.000000,
          "N" : 0
        },
        "bw_min" : 0,
        "bw_max" : 0,
        "bw_agg" : 0.000000,
        "bw_mean" : 0.000000,
        "bw_dev" : 0.000000,
        "bw_samples" : 0,
        "iops_min" : 0,
        "iops_max" : 0,
        "iops_mean" : 0.000000,
        "iops_stddev" : 0.000000,
        "iops_samples" : 0
      },
      "sync" : {
        "total_ios" : 0,
        "lat_ns" : {
          "min" : 0,
          "max" : 0,
          "mean" : 0.000000,
          "stddev" : 0.000000,
          "N" : 0
        }
      },
      "job_runtime" : 5000,
      "usr_cpu" : 23.460000,
      "sys_cpu" : 50.700000,
      "ctx" : 294883,
      "majf" : 0,
      "minf" : 1417,
      "iodepth_level" : {
        "1" : 0.100000,
        "2" : 0.100000,
        "4" : 0.100000,
        "8" : 0.100000,
        "16" : 0.100000,
        "32" : 0.100000,
        ">=64" : 99.993359
      },
      "iodepth_submit" : {
        "0" : 0.000000,
        "4" : 100.000000,
        "8" : 0.000000,
        "16" : 0.000000,
        "32" : 0.000000,
        "64" : 0.000000,
        ">=64" : 0.000000
      },
      "iodepth_complete" : {
        "0" : 0.000000,
        "4" : 99.999916,
        "8" : 0.000000,
        "16" : 0.000000,
        "32" : 0.000000,
        "64" : 0.000000,
        ">=64" : 0.100000
      },
      "latency_ns" : {
        "2" : 0.000000,
        "4" : 0.000000,
        "10" : 0.000000,
        "20" : 0.000000,
        "50" : 0.000000,
        "100" : 0.000000,
        "250" : 0.000000,
        "500" : 0.000000,
        "750" : 0.000000,
        "1000" : 0.000000
      },
      "latency_us" : {
        "2" : 0.000000,
        "4" : 0.000000,
        "10" : 0.010000,
        "20" : 0.000000,
        "50" : 0.010000,
        "100" : 0.010000,
        "250" : 0.021352,
        "500" : 0.086752,
        "750" : 0.334314,
        "1000" : 1.209398
      },
      "latency_ms" : {
        "2" : 47.057582,
        "4" : 49.266308,
        "10" : 1.999664,
        "20" : 0.019586,
        "50" : 0.000000,
        "100" : 0.000000,
        "250" : 0.000000,
        "500" : 0.000000,
        "750" : 0.000000,
        "1000" : 0.000000,
        "2000" : 0.000000,
        ">=2000" : 0.000000
      },
      "latency_depth" : 512,
      "latency_target" : 0,
      "latency_percentile" : 100.000000,
      "latency_window" : 0
    }
  ],
  "disk_util" : [
    {
      "name" : "nvme2n2",
      "read_ios" : 0,
      "write_ios" : 175665,
      "read_merges" : 0,
      "write_merges" : 983718,
      "read_ticks" : 0,
      "write_ticks" : 116014,
      "in_queue" : 116014,
      "util" : 97.972295
    }
  ]
}
