{
  "fio version" : "fio-3.28-261-gc3773-dirty",
  "timestamp" : 1645913909,
  "timestamp_ms" : 1645913909639,
  "time" : "Sat Feb 26 23:18:29 2022",
  "jobs" : [
    {
      "jobname" : "nvme2n2_randread_4K_queue-depth-64",
      "groupid" : 0,
      "error" : 0,
      "eta" : 0,
      "elapsed" : 6,
      "job options" : {
        "name" : "nvme2n2_randread_4K_queue-depth-64",
        "filename" : "/dev/nvme2n2",
        "direct" : "1",
        "size" : "107374182400",
        "ioengine" : "libaio",
        "zonemode" : "zbd",
        "iodepth" : "64",
        "rw" : "randread",
        "bs" : "4K",
        "runtime" : "5s"
      },
      "read" : {
        "io_bytes" : 5180801024,
        "io_kbytes" : 5059376,
        "bw_bytes" : 1035953014,
        "bw" : 1011672,
        "iops" : 252918.216357,
        "runtime" : 5001,
        "total_ios" : 1264844,
        "short_ios" : 0,
        "drop_ios" : 0,
        "slat_ns" : {
          "min" : 1606,
          "max" : 166705,
          "mean" : 2722.481282,
          "stddev" : 1167.589736,
          "N" : 1264844
        },
        "clat_ns" : {
          "min" : 157727,
          "max" : 853973,
          "mean" : 249496.414302,
          "stddev" : 28890.199420,
          "N" : 1264844,
          "percentile" : {
            "1.000000" : 216064,
            "5.000000" : 222208,
            "10.000000" : 226304,
            "20.000000" : 230400,
            "30.000000" : 234496,
            "40.000000" : 238592,
            "50.000000" : 240640,
            "60.000000" : 244736,
            "70.000000" : 250880,
            "80.000000" : 261120,
            "90.000000" : 288768,
            "95.000000" : 305152,
            "99.000000" : 358400,
            "99.500000" : 387072,
            "99.900000" : 436224,
            "99.950000" : 456704,
            "99.990000" : 536576
          }
        },
        "lat_ns" : {
          "min" : 159808,
          "max" : 869893,
          "mean" : 252335.999030,
          "stddev" : 28922.146465,
          "N" : 1264844
        },
        "bw_min" : 999456,
        "bw_max" : 1015992,
        "bw_agg" : 100.000000,
        "bw_mean" : 1012867.555556,
        "bw_dev" : 5248.178520,
        "bw_samples" : 9,
        "iops_min" : 249864,
        "iops_max" : 253998,
        "iops_mean" : 253217.333333,
        "iops_stddev" : 1312.163100,
        "iops_samples" : 9
      },
      "write" : {
        "io_bytes" : 0,
        "io_kbytes" : 0,
        "bw_bytes" : 0,
        "bw" : 0,
        "iops" : 0.000000,
        "runtime" : 0,
        "total_ios" : 0,
        "short_ios" : 0,
        "drop_ios" : 0,
        "slat_ns" : {
          "min" : 0,
          "max" : 0,
          "mean" : 0.000000,
          "stddev" : 0.000000,
          "N" : 0
        },
        "clat_ns" : {
          "min" : 0,
          "max" : 0,
          "mean" : 0.000000,
          "stddev" : 0.000000,
          "N" : 0
        },
        "lat_ns" : {
          "min" : 0,
          "max" : 0,
          "mean" : 0.000000,
          "stddev" : 0.000000,
          "N" : 0
        },
        "bw_min" : 0,
        "bw_max" : 0,
        "bw_agg" : 0.000000,
        "bw_mean" : 0.000000,
        "bw_dev" : 0.000000,
        "bw_samples" : 0,
        "iops_min" : 0,
        "iops_max" : 0,
        "iops_mean" : 0.000000,
        "iops_stddev" : 0.000000,
        "iops_samples" : 0
      },
      "trim" : {
        "io_bytes" : 0,
        "io_kbytes" : 0,
        "bw_bytes" : 0,
        "bw" : 0,
        "iops" : 0.000000,
        "runtime" : 0,
        "total_ios" : 0,
        "short_ios" : 0,
        "drop_ios" : 0,
        "slat_ns" : {
          "min" : 0,
          "max" : 0,
          "mean" : 0.000000,
          "stddev" : 0.000000,
          "N" : 0
        },
        "clat_ns" : {
          "min" : 0,
          "max" : 0,
          "mean" : 0.000000,
          "stddev" : 0.000000,
          "N" : 0
        },
        "lat_ns" : {
          "min" : 0,
          "max" : 0,
          "mean" : 0.000000,
          "stddev" : 0.000000,
          "N" : 0
        },
        "bw_min" : 0,
        "bw_max" : 0,
        "bw_agg" : 0.000000,
        "bw_mean" : 0.000000,
        "bw_dev" : 0.000000,
        "bw_samples" : 0,
        "iops_min" : 0,
        "iops_max" : 0,
        "iops_mean" : 0.000000,
        "iops_stddev" : 0.000000,
        "iops_samples" : 0
      },
      "sync" : {
        "total_ios" : 0,
        "lat_ns" : {
          "min" : 0,
          "max" : 0,
          "mean" : 0.000000,
          "stddev" : 0.000000,
          "N" : 0
        }
      },
      "job_runtime" : 5000,
      "usr_cpu" : 31.260000,
      "sys_cpu" : 68.720000,
      "ctx" : 564,
      "majf" : 0,
      "minf" : 77,
      "iodepth_level" : {
        "1" : 0.100000,
        "2" : 0.100000,
        "4" : 0.100000,
        "8" : 0.100000,
        "16" : 0.100000,
        "32" : 0.100000,
        ">=64" : 99.995019
      },
      "iodepth_submit" : {
        "0" : 0.000000,
        "4" : 100.000000,
        "8" : 0.000000,
        "16" : 0.000000,
        "32" : 0.000000,
        "64" : 0.000000,
        ">=64" : 0.000000
      },
      "iodepth_complete" : {
        "0" : 0.000000,
        "4" : 99.999921,
        "8" : 0.000000,
        "16" : 0.000000,
        "32" : 0.000000,
        "64" : 0.100000,
        ">=64" : 0.000000
      },
      "latency_ns" : {
        "2" : 0.000000,
        "4" : 0.000000,
        "10" : 0.000000,
        "20" : 0.000000,
        "50" : 0.000000,
        "100" : 0.000000,
        "250" : 0.000000,
        "500" : 0.000000,
        "750" : 0.000000,
        "1000" : 0.000000
      },
      "latency_us" : {
        "2" : 0.000000,
        "4" : 0.000000,
        "10" : 0.000000,
        "20" : 0.000000,
        "50" : 0.000000,
        "100" : 0.000000,
        "250" : 69.136905,
        "500" : 30.845701,
        "750" : 0.014310,
        "1000" : 0.010000
      },
      "latency_ms" : {
        "2" : 0.000000,
        "4" : 0.000000,
        "10" : 0.000000,
        "20" : 0.000000,
        "50" : 0.000000,
        "100" : 0.000000,
        "250" : 0.000000,
        "500" : 0.000000,
        "750" : 0.000000,
        "1000" : 0.000000,
        "2000" : 0.000000,
        ">=2000" : 0.000000
      },
      "latency_depth" : 64,
      "latency_target" : 0,
      "latency_percentile" : 100.000000,
      "latency_window" : 0
    }
  ],
  "disk_util" : [
    {
      "name" : "nvme2n2",
      "read_ios" : 1234936,
      "write_ios" : 0,
      "read_merges" : 0,
      "write_merges" : 0,
      "read_ticks" : 124490,
      "write_ticks" : 0,
      "in_queue" : 124490,
      "util" : 98.113208
    }
  ]
}
