{
  "fio version" : "fio-3.28-261-gc3773-dirty",
  "timestamp" : 1645914080,
  "timestamp_ms" : 1645914080022,
  "time" : "Sat Feb 26 23:21:20 2022",
  "jobs" : [
    {
      "jobname" : "nvme2n2_read_4K_queue-depth-256",
      "groupid" : 0,
      "error" : 0,
      "eta" : 0,
      "elapsed" : 6,
      "job options" : {
        "name" : "nvme2n2_read_4K_queue-depth-256",
        "filename" : "/dev/nvme2n2",
        "direct" : "1",
        "size" : "107374182400",
        "ioengine" : "libaio",
        "zonemode" : "zbd",
        "iodepth" : "256",
        "rw" : "read",
        "bs" : "4K",
        "runtime" : "5s"
      },
      "read" : {
        "io_bytes" : 4318564352,
        "io_kbytes" : 4217348,
        "bw_bytes" : 863367523,
        "bw" : 843132,
        "iops" : 210783.086765,
        "runtime" : 5002,
        "total_ios" : 1054337,
        "short_ios" : 0,
        "drop_ios" : 0,
        "slat_ns" : {
          "min" : 1603,
          "max" : 103191,
          "mean" : 2752.490755,
          "stddev" : 998.636953,
          "N" : 1054337
        },
        "clat_ns" : {
          "min" : 485991,
          "max" : 3704239,
          "mean" : 1210862.640009,
          "stddev" : 365321.723140,
          "N" : 1054337,
          "percentile" : {
            "1.000000" : 684032,
            "5.000000" : 774144,
            "10.000000" : 831488,
            "20.000000" : 946176,
            "30.000000" : 1011712,
            "40.000000" : 1011712,
            "50.000000" : 1028096,
            "60.000000" : 1155072,
            "70.000000" : 1368064,
            "80.000000" : 1564672,
            "90.000000" : 1810432,
            "95.000000" : 1941504,
            "99.000000" : 2113536,
            "99.500000" : 2179072,
            "99.900000" : 2375680,
            "99.950000" : 2473984,
            "99.990000" : 2736128
          }
        },
        "lat_ns" : {
          "min" : 489396,
          "max" : 3706148,
          "mean" : 1213724.110437,
          "stddev" : 365321.134050,
          "N" : 1054337
        },
        "bw_min" : 779736,
        "bw_max" : 1010120,
        "bw_agg" : 100.000000,
        "bw_mean" : 848229.333333,
        "bw_dev" : 87748.129279,
        "bw_samples" : 9,
        "iops_min" : 194932,
        "iops_max" : 252528,
        "iops_mean" : 212057.111111,
        "iops_stddev" : 21936.631467,
        "iops_samples" : 9
      },
      "write" : {
        "io_bytes" : 0,
        "io_kbytes" : 0,
        "bw_bytes" : 0,
        "bw" : 0,
        "iops" : 0.000000,
        "runtime" : 0,
        "total_ios" : 0,
        "short_ios" : 0,
        "drop_ios" : 0,
        "slat_ns" : {
          "min" : 0,
          "max" : 0,
          "mean" : 0.000000,
          "stddev" : 0.000000,
          "N" : 0
        },
        "clat_ns" : {
          "min" : 0,
          "max" : 0,
          "mean" : 0.000000,
          "stddev" : 0.000000,
          "N" : 0
        },
        "lat_ns" : {
          "min" : 0,
          "max" : 0,
          "mean" : 0.000000,
          "stddev" : 0.000000,
          "N" : 0
        },
        "bw_min" : 0,
        "bw_max" : 0,
        "bw_agg" : 0.000000,
        "bw_mean" : 0.000000,
        "bw_dev" : 0.000000,
        "bw_samples" : 0,
        "iops_min" : 0,
        "iops_max" : 0,
        "iops_mean" : 0.000000,
        "iops_stddev" : 0.000000,
        "iops_samples" : 0
      },
      "trim" : {
        "io_bytes" : 0,
        "io_kbytes" : 0,
        "bw_bytes" : 0,
        "bw" : 0,
        "iops" : 0.000000,
        "runtime" : 0,
        "total_ios" : 0,
        "short_ios" : 0,
        "drop_ios" : 0,
        "slat_ns" : {
          "min" : 0,
          "max" : 0,
          "mean" : 0.000000,
          "stddev" : 0.000000,
          "N" : 0
        },
        "clat_ns" : {
          "min" : 0,
          "max" : 0,
          "mean" : 0.000000,
          "stddev" : 0.000000,
          "N" : 0
        },
        "lat_ns" : {
          "min" : 0,
          "max" : 0,
          "mean" : 0.000000,
          "stddev" : 0.000000,
          "N" : 0
        },
        "bw_min" : 0,
        "bw_max" : 0,
        "bw_agg" : 0.000000,
        "bw_mean" : 0.000000,
        "bw_dev" : 0.000000,
        "bw_samples" : 0,
        "iops_min" : 0,
        "iops_max" : 0,
        "iops_mean" : 0.000000,
        "iops_stddev" : 0.000000,
        "iops_samples" : 0
      },
      "sync" : {
        "total_ios" : 0,
        "lat_ns" : {
          "min" : 0,
          "max" : 0,
          "mean" : 0.000000,
          "stddev" : 0.000000,
          "N" : 0
        }
      },
      "job_runtime" : 5001,
      "usr_cpu" : 23.795241,
      "sys_cpu" : 64.047191,
      "ctx" : 108651,
      "majf" : 0,
      "minf" : 270,
      "iodepth_level" : {
        "1" : 0.100000,
        "2" : 0.100000,
        "4" : 0.100000,
        "8" : 0.100000,
        "16" : 0.100000,
        "32" : 0.100000,
        ">=64" : 99.994025
      },
      "iodepth_submit" : {
        "0" : 0.000000,
        "4" : 100.000000,
        "8" : 0.000000,
        "16" : 0.000000,
        "32" : 0.000000,
        "64" : 0.000000,
        ">=64" : 0.000000
      },
      "iodepth_complete" : {
        "0" : 0.000000,
        "4" : 99.999905,
        "8" : 0.000000,
        "16" : 0.000000,
        "32" : 0.000000,
        "64" : 0.000000,
        ">=64" : 0.100000
      },
      "latency_ns" : {
        "2" : 0.000000,
        "4" : 0.000000,
        "10" : 0.000000,
        "20" : 0.000000,
        "50" : 0.000000,
        "100" : 0.000000,
        "250" : 0.000000,
        "500" : 0.000000,
        "750" : 0.000000,
        "1000" : 0.000000
      },
      "latency_us" : {
        "2" : 0.000000,
        "4" : 0.000000,
        "10" : 0.000000,
        "20" : 0.000000,
        "50" : 0.000000,
        "100" : 0.000000,
        "250" : 0.000000,
        "500" : 0.010000,
        "750" : 3.683832,
        "1000" : 20.483584
      },
      "latency_ms" : {
        "2" : 72.578881,
        "4" : 3.253514,
        "10" : 0.000000,
        "20" : 0.000000,
        "50" : 0.000000,
        "100" : 0.000000,
        "250" : 0.000000,
        "500" : 0.000000,
        "750" : 0.000000,
        "1000" : 0.000000,
        "2000" : 0.000000,
        ">=2000" : 0.000000
      },
      "latency_depth" : 256,
      "latency_target" : 0,
      "latency_percentile" : 100.000000,
      "latency_window" : 0
    }
  ],
  "disk_util" : [
    {
      "name" : "nvme2n2",
      "read_ios" : 1031144,
      "write_ios" : 0,
      "read_merges" : 0,
      "write_merges" : 0,
      "read_ticks" : 958474,
      "write_ticks" : 0,
      "in_queue" : 958474,
      "util" : 98.434364
    }
  ]
}
