{
  "fio version" : "fio-3.28-261-gc3773-dirty",
  "timestamp" : 1645914101,
  "timestamp_ms" : 1645914101949,
  "time" : "Sat Feb 26 23:21:41 2022",
  "jobs" : [
    {
      "jobname" : "nvme2n2_randwrite_4K_queue-depth-512",
      "groupid" : 0,
      "error" : 0,
      "eta" : 0,
      "elapsed" : 6,
      "job options" : {
        "name" : "nvme2n2_randwrite_4K_queue-depth-512",
        "filename" : "/dev/nvme2n2",
        "direct" : "1",
        "size" : "107374182400",
        "ioengine" : "libaio",
        "zonemode" : "zbd",
        "iodepth" : "512",
        "rw" : "randwrite",
        "bs" : "4K",
        "max_open_zones" : "14",
        "runtime" : "5s"
      },
      "read" : {
        "io_bytes" : 0,
        "io_kbytes" : 0,
        "bw_bytes" : 0,
        "bw" : 0,
        "iops" : 0.000000,
        "runtime" : 0,
        "total_ios" : 0,
        "short_ios" : 0,
        "drop_ios" : 0,
        "slat_ns" : {
          "min" : 0,
          "max" : 0,
          "mean" : 0.000000,
          "stddev" : 0.000000,
          "N" : 0
        },
        "clat_ns" : {
          "min" : 0,
          "max" : 0,
          "mean" : 0.000000,
          "stddev" : 0.000000,
          "N" : 0
        },
        "lat_ns" : {
          "min" : 0,
          "max" : 0,
          "mean" : 0.000000,
          "stddev" : 0.000000,
          "N" : 0
        },
        "bw_min" : 0,
        "bw_max" : 0,
        "bw_agg" : 0.000000,
        "bw_mean" : 0.000000,
        "bw_dev" : 0.000000,
        "bw_samples" : 0,
        "iops_min" : 0,
        "iops_max" : 0,
        "iops_mean" : 0.000000,
        "iops_stddev" : 0.000000,
        "iops_samples" : 0
      },
      "write" : {
        "io_bytes" : 4698025984,
        "io_kbytes" : 4587916,
        "bw_bytes" : 939229504,
        "bw" : 917216,
        "iops" : 229304.078369,
        "runtime" : 5002,
        "total_ios" : 1146979,
        "short_ios" : 0,
        "drop_ios" : 0,
        "slat_ns" : {
          "min" : 1170,
          "max" : 442830,
          "mean" : 2828.042604,
          "stddev" : 3348.398136,
          "N" : 1146979
        },
        "clat_ns" : {
          "min" : 29872,
          "max" : 27986413,
          "mean" : 2227066.659090,
          "stddev" : 1012149.702765,
          "N" : 1146979,
          "percentile" : {
            "1.000000" : 978944,
            "5.000000" : 1318912,
            "10.000000" : 1482752,
            "20.000000" : 1679360,
            "30.000000" : 1843200,
            "40.000000" : 1974272,
            "50.000000" : 2113536,
            "60.000000" : 2244608,
            "70.000000" : 2375680,
            "80.000000" : 2506752,
            "90.000000" : 2801664,
            "95.000000" : 3260416,
            "99.000000" : 7045120,
            "99.500000" : 8290304,
            "99.900000" : 9502720,
            "99.950000" : 10420224,
            "99.990000" : 24772608
          }
        },
        "lat_ns" : {
          "min" : 36223,
          "max" : 27988004,
          "mean" : 2230028.732230,
          "stddev" : 1012787.133408,
          "N" : 1146979
        },
        "bw_min" : 835864,
        "bw_max" : 1032584,
        "bw_agg" : 99.760655,
        "bw_mean" : 915021.333333,
        "bw_dev" : 67616.809981,
        "bw_samples" : 9,
        "iops_min" : 208966,
        "iops_max" : 258146,
        "iops_mean" : 228755.555556,
        "iops_stddev" : 16904.163031,
        "iops_samples" : 9
      },
      "trim" : {
        "io_bytes" : 0,
        "io_kbytes" : 0,
        "bw_bytes" : 0,
        "bw" : 0,
        "iops" : 0.000000,
        "runtime" : 0,
        "total_ios" : 0,
        "short_ios" : 0,
        "drop_ios" : 0,
        "slat_ns" : {
          "min" : 0,
          "max" : 0,
          "mean" : 0.000000,
          "stddev" : 0.000000,
          "N" : 0
        },
        "clat_ns" : {
          "min" : 0,
          "max" : 0,
          "mean" : 0.000000,
          "stddev" : 0.000000,
          "N" : 0
        },
        "lat_ns" : {
          "min" : 0,
          "max" : 0,
          "mean" : 0.000000,
          "stddev" : 0.000000,
          "N" : 0
        },
        "bw_min" : 0,
        "bw_max" : 0,
        "bw_agg" : 0.000000,
        "bw_mean" : 0.000000,
        "bw_dev" : 0.000000,
        "bw_samples" : 0,
        "iops_min" : 0,
        "iops_max" : 0,
        "iops_mean" : 0.000000,
        "iops_stddev" : 0.000000,
        "iops_samples" : 0
      },
      "sync" : {
        "total_ios" : 0,
        "lat_ns" : {
          "min" : 0,
          "max" : 0,
          "mean" : 0.000000,
          "stddev" : 0.000000,
          "N" : 0
        }
      },
      "job_runtime" : 5001,
      "usr_cpu" : 26.374725,
      "sys_cpu" : 48.950210,
      "ctx" : 298991,
      "majf" : 0,
      "minf" : 1420,
      "iodepth_level" : {
        "1" : 0.100000,
        "2" : 0.100000,
        "4" : 0.100000,
        "8" : 0.100000,
        "16" : 0.100000,
        "32" : 0.100000,
        ">=64" : 99.994507
      },
      "iodepth_submit" : {
        "0" : 0.000000,
        "4" : 100.000000,
        "8" : 0.000000,
        "16" : 0.000000,
        "32" : 0.000000,
        "64" : 0.000000,
        ">=64" : 0.000000
      },
      "iodepth_complete" : {
        "0" : 0.000000,
        "4" : 99.999913,
        "8" : 0.000000,
        "16" : 0.000000,
        "32" : 0.000000,
        "64" : 0.000000,
        ">=64" : 0.100000
      },
      "latency_ns" : {
        "2" : 0.000000,
        "4" : 0.000000,
        "10" : 0.000000,
        "20" : 0.000000,
        "50" : 0.000000,
        "100" : 0.000000,
        "250" : 0.000000,
        "500" : 0.000000,
        "750" : 0.000000,
        "1000" : 0.000000
      },
      "latency_us" : {
        "2" : 0.000000,
        "4" : 0.000000,
        "10" : 0.000000,
        "20" : 0.000000,
        "50" : 0.010000,
        "100" : 0.010000,
        "250" : 0.010288,
        "500" : 0.049434,
        "750" : 0.217790,
        "1000" : 0.842648
      },
      "latency_ms" : {
        "2" : 40.340669,
        "4" : 55.488897,
        "10" : 2.982967,
        "20" : 0.028510,
        "50" : 0.037839,
        "100" : 0.000000,
        "250" : 0.000000,
        "500" : 0.000000,
        "750" : 0.000000,
        "1000" : 0.000000,
        "2000" : 0.000000,
        ">=2000" : 0.000000
      },
      "latency_depth" : 512,
      "latency_target" : 0,
      "latency_percentile" : 100.000000,
      "latency_window" : 0
    }
  ],
  "disk_util" : [
    {
      "name" : "nvme2n2",
      "read_ios" : 0,
      "write_ios" : 180448,
      "read_merges" : 0,
      "write_merges" : 934136,
      "read_ticks" : 0,
      "write_ticks" : 116911,
      "in_queue" : 116910,
      "util" : 97.972295
    }
  ]
}
