{
  "fio version" : "fio-3.28-261-gc3773-dirty",
  "timestamp" : 1645913843,
  "timestamp_ms" : 1645913843656,
  "time" : "Sat Feb 26 23:17:23 2022",
  "jobs" : [
    {
      "jobname" : "nvme2n2_write_4K_queue-depth-64",
      "groupid" : 0,
      "error" : 0,
      "eta" : 0,
      "elapsed" : 6,
      "job options" : {
        "name" : "nvme2n2_write_4K_queue-depth-64",
        "filename" : "/dev/nvme2n2",
        "direct" : "1",
        "size" : "107374182400",
        "ioengine" : "libaio",
        "zonemode" : "zbd",
        "iodepth" : "64",
        "rw" : "write",
        "bs" : "4K",
        "runtime" : "5s"
      },
      "read" : {
        "io_bytes" : 0,
        "io_kbytes" : 0,
        "bw_bytes" : 0,
        "bw" : 0,
        "iops" : 0.000000,
        "runtime" : 0,
        "total_ios" : 0,
        "short_ios" : 0,
        "drop_ios" : 0,
        "slat_ns" : {
          "min" : 0,
          "max" : 0,
          "mean" : 0.000000,
          "stddev" : 0.000000,
          "N" : 0
        },
        "clat_ns" : {
          "min" : 0,
          "max" : 0,
          "mean" : 0.000000,
          "stddev" : 0.000000,
          "N" : 0
        },
        "lat_ns" : {
          "min" : 0,
          "max" : 0,
          "mean" : 0.000000,
          "stddev" : 0.000000,
          "N" : 0
        },
        "bw_min" : 0,
        "bw_max" : 0,
        "bw_agg" : 0.000000,
        "bw_mean" : 0.000000,
        "bw_dev" : 0.000000,
        "bw_samples" : 0,
        "iops_min" : 0,
        "iops_max" : 0,
        "iops_mean" : 0.000000,
        "iops_stddev" : 0.000000,
        "iops_samples" : 0
      },
      "write" : {
        "io_bytes" : 4707778560,
        "io_kbytes" : 4597440,
        "bw_bytes" : 941367438,
        "bw" : 919304,
        "iops" : 229826.034793,
        "runtime" : 5001,
        "total_ios" : 1149360,
        "short_ios" : 0,
        "drop_ios" : 0,
        "slat_ns" : {
          "min" : 856,
          "max" : 225759,
          "mean" : 1890.120696,
          "stddev" : 2391.496265,
          "N" : 1149360
        },
        "clat_ns" : {
          "min" : 51992,
          "max" : 11435672,
          "mean" : 275970.593726,
          "stddev" : 323372.148789,
          "N" : 1149360,
          "percentile" : {
            "1.000000" : 158720,
            "5.000000" : 160768,
            "10.000000" : 160768,
            "20.000000" : 162816,
            "30.000000" : 168960,
            "40.000000" : 173056,
            "50.000000" : 177152,
            "60.000000" : 185344,
            "70.000000" : 214016,
            "80.000000" : 309248,
            "90.000000" : 501760,
            "95.000000" : 724992,
            "99.000000" : 1187840,
            "99.500000" : 2007040,
            "99.900000" : 3653632,
            "99.950000" : 7110656,
            "99.990000" : 8224768
          }
        },
        "lat_ns" : {
          "min" : 57829,
          "max" : 11436984,
          "mean" : 277964.088724,
          "stddev" : 323519.956520,
          "N" : 1149360
        },
        "bw_min" : 796920,
        "bw_max" : 1041248,
        "bw_agg" : 99.702804,
        "bw_mean" : 916572.444444,
        "bw_dev" : 73843.884092,
        "bw_samples" : 9,
        "iops_min" : 199230,
        "iops_max" : 260312,
        "iops_mean" : 229143.333333,
        "iops_stddev" : 18460.809435,
        "iops_samples" : 9
      },
      "trim" : {
        "io_bytes" : 0,
        "io_kbytes" : 0,
        "bw_bytes" : 0,
        "bw" : 0,
        "iops" : 0.000000,
        "runtime" : 0,
        "total_ios" : 0,
        "short_ios" : 0,
        "drop_ios" : 0,
        "slat_ns" : {
          "min" : 0,
          "max" : 0,
          "mean" : 0.000000,
          "stddev" : 0.000000,
          "N" : 0
        },
        "clat_ns" : {
          "min" : 0,
          "max" : 0,
          "mean" : 0.000000,
          "stddev" : 0.000000,
          "N" : 0
        },
        "lat_ns" : {
          "min" : 0,
          "max" : 0,
          "mean" : 0.000000,
          "stddev" : 0.000000,
          "N" : 0
        },
        "bw_min" : 0,
        "bw_max" : 0,
        "bw_agg" : 0.000000,
        "bw_mean" : 0.000000,
        "bw_dev" : 0.000000,
        "bw_samples" : 0,
        "iops_min" : 0,
        "iops_max" : 0,
        "iops_mean" : 0.000000,
        "iops_stddev" : 0.000000,
        "iops_samples" : 0
      },
      "sync" : {
        "total_ios" : 0,
        "lat_ns" : {
          "min" : 0,
          "max" : 0,
          "mean" : 0.000000,
          "stddev" : 0.000000,
          "N" : 0
        }
      },
      "job_runtime" : 5000,
      "usr_cpu" : 22.120000,
      "sys_cpu" : 38.920000,
      "ctx" : 102579,
      "majf" : 0,
      "minf" : 102,
      "iodepth_level" : {
        "1" : 0.100000,
        "2" : 0.100000,
        "4" : 0.100000,
        "8" : 0.100000,
        "16" : 0.100000,
        "32" : 0.100000,
        ">=64" : 99.994519
      },
      "iodepth_submit" : {
        "0" : 0.000000,
        "4" : 100.000000,
        "8" : 0.000000,
        "16" : 0.000000,
        "32" : 0.000000,
        "64" : 0.000000,
        ">=64" : 0.000000
      },
      "iodepth_complete" : {
        "0" : 0.000000,
        "4" : 99.999913,
        "8" : 0.000000,
        "16" : 0.000000,
        "32" : 0.000000,
        "64" : 0.100000,
        ">=64" : 0.000000
      },
      "latency_ns" : {
        "2" : 0.000000,
        "4" : 0.000000,
        "10" : 0.000000,
        "20" : 0.000000,
        "50" : 0.000000,
        "100" : 0.000000,
        "250" : 0.000000,
        "500" : 0.000000,
        "750" : 0.000000,
        "1000" : 0.000000
      },
      "latency_us" : {
        "2" : 0.000000,
        "4" : 0.000000,
        "10" : 0.000000,
        "20" : 0.000000,
        "50" : 0.000000,
        "100" : 0.010000,
        "250" : 74.667119,
        "500" : 15.327487,
        "750" : 5.434329,
        "1000" : 2.775719
      },
      "latency_ms" : {
        "2" : 1.291849,
        "4" : 0.410837,
        "10" : 0.086918,
        "20" : 0.010000,
        "50" : 0.000000,
        "100" : 0.000000,
        "250" : 0.000000,
        "500" : 0.000000,
        "750" : 0.000000,
        "1000" : 0.000000,
        "2000" : 0.000000,
        ">=2000" : 0.000000
      },
      "latency_depth" : 64,
      "latency_target" : 0,
      "latency_percentile" : 100.000000,
      "latency_window" : 0
    }
  ],
  "disk_util" : [
    {
      "name" : "nvme2n2",
      "read_ios" : 0,
      "write_ios" : 50105,
      "read_merges" : 0,
      "write_merges" : 1068443,
      "read_ticks" : 0,
      "write_ticks" : 9218,
      "in_queue" : 9218,
      "util" : 98.132905
    }
  ]
}
