{
  "fio version" : "fio-3.28-261-gc3773-dirty",
  "timestamp" : 1645928045,
  "timestamp_ms" : 1645928045401,
  "time" : "Sun Feb 27 03:14:05 2022",
  "jobs" : [
    {
      "jobname" : "nvme2n2_overwrite-seq_4K_queue-depth-256",
      "groupid" : 0,
      "error" : 0,
      "eta" : 0,
      "elapsed" : 57,
      "job options" : {
        "name" : "nvme2n2_overwrite-seq_4K_queue-depth-256",
        "filename" : "/dev/nvme2n2",
        "direct" : "1",
        "size" : "107374182400",
        "ioengine" : "libaio",
        "zonemode" : "zbd",
        "iodepth" : "256",
        "rw" : "write",
        "bs" : "4K",
        "runtime" : "10m"
      },
      "read" : {
        "io_bytes" : 0,
        "io_kbytes" : 0,
        "bw_bytes" : 0,
        "bw" : 0,
        "iops" : 0.000000,
        "runtime" : 0,
        "total_ios" : 0,
        "short_ios" : 0,
        "drop_ios" : 0,
        "slat_ns" : {
          "min" : 0,
          "max" : 0,
          "mean" : 0.000000,
          "stddev" : 0.000000,
          "N" : 0
        },
        "clat_ns" : {
          "min" : 0,
          "max" : 0,
          "mean" : 0.000000,
          "stddev" : 0.000000,
          "N" : 0
        },
        "lat_ns" : {
          "min" : 0,
          "max" : 0,
          "mean" : 0.000000,
          "stddev" : 0.000000,
          "N" : 0
        },
        "bw_min" : 0,
        "bw_max" : 0,
        "bw_agg" : 0.000000,
        "bw_mean" : 0.000000,
        "bw_dev" : 0.000000,
        "bw_samples" : 0,
        "iops_min" : 0,
        "iops_max" : 0,
        "iops_mean" : 0.000000,
        "iops_stddev" : 0.000000,
        "iops_samples" : 0
      },
      "write" : {
        "io_bytes" : 56465817600,
        "io_kbytes" : 55142400,
        "bw_bytes" : 1006018700,
        "bw" : 982440,
        "iops" : 245610.034208,
        "runtime" : 56128,
        "total_ios" : 13785600,
        "short_ios" : 0,
        "drop_ios" : 0,
        "slat_ns" : {
          "min" : 857,
          "max" : 461095,
          "mean" : 1770.994687,
          "stddev" : 2527.530815,
          "N" : 13785600
        },
        "clat_ns" : {
          "min" : 109841,
          "max" : 6249807,
          "mean" : 1029015.930125,
          "stddev" : 545522.296134,
          "N" : 13785600,
          "percentile" : {
            "1.000000" : 569344,
            "5.000000" : 593920,
            "10.000000" : 602112,
            "20.000000" : 626688,
            "30.000000" : 651264,
            "40.000000" : 684032,
            "50.000000" : 741376,
            "60.000000" : 937984,
            "70.000000" : 1269760,
            "80.000000" : 1466368,
            "90.000000" : 1679360,
            "95.000000" : 1908736,
            "99.000000" : 3260416,
            "99.500000" : 3719168,
            "99.900000" : 4177920,
            "99.950000" : 4358144,
            "99.990000" : 4751360
          }
        },
        "lat_ns" : {
          "min" : 111276,
          "max" : 6251456,
          "mean" : 1030891.162389,
          "stddev" : 545663.370858,
          "N" : 13785600
        },
        "bw_min" : 895336,
        "bw_max" : 1078248,
        "bw_agg" : 100.000000,
        "bw_mean" : 983475.142857,
        "bw_dev" : 50515.294586,
        "bw_samples" : 112,
        "iops_min" : 223834,
        "iops_max" : 269562,
        "iops_mean" : 245868.785714,
        "iops_stddev" : 12628.797109,
        "iops_samples" : 112
      },
      "trim" : {
        "io_bytes" : 0,
        "io_kbytes" : 0,
        "bw_bytes" : 0,
        "bw" : 0,
        "iops" : 0.000000,
        "runtime" : 0,
        "total_ios" : 0,
        "short_ios" : 0,
        "drop_ios" : 0,
        "slat_ns" : {
          "min" : 0,
          "max" : 0,
          "mean" : 0.000000,
          "stddev" : 0.000000,
          "N" : 0
        },
        "clat_ns" : {
          "min" : 0,
          "max" : 0,
          "mean" : 0.000000,
          "stddev" : 0.000000,
          "N" : 0
        },
        "lat_ns" : {
          "min" : 0,
          "max" : 0,
          "mean" : 0.000000,
          "stddev" : 0.000000,
          "N" : 0
        },
        "bw_min" : 0,
        "bw_max" : 0,
        "bw_agg" : 0.000000,
        "bw_mean" : 0.000000,
        "bw_dev" : 0.000000,
        "bw_samples" : 0,
        "iops_min" : 0,
        "iops_max" : 0,
        "iops_mean" : 0.000000,
        "iops_stddev" : 0.000000,
        "iops_samples" : 0
      },
      "sync" : {
        "total_ios" : 0,
        "lat_ns" : {
          "min" : 0,
          "max" : 0,
          "mean" : 0.000000,
          "stddev" : 0.000000,
          "N" : 0
        }
      },
      "job_runtime" : 56127,
      "usr_cpu" : 23.129688,
      "sys_cpu" : 40.721934,
      "ctx" : 606433,
      "majf" : 0,
      "minf" : 622,
      "iodepth_level" : {
        "1" : 0.100000,
        "2" : 0.100000,
        "4" : 0.100000,
        "8" : 0.100000,
        "16" : 0.100000,
        "32" : 0.100000,
        ">=64" : 99.977150
      },
      "iodepth_submit" : {
        "0" : 0.000000,
        "4" : 100.000000,
        "8" : 0.000000,
        "16" : 0.000000,
        "32" : 0.000000,
        "64" : 0.000000,
        ">=64" : 0.000000
      },
      "iodepth_complete" : {
        "0" : 0.000000,
        "4" : 99.999993,
        "8" : 0.000000,
        "16" : 0.000000,
        "32" : 0.000000,
        "64" : 0.000000,
        ">=64" : 0.100000
      },
      "latency_ns" : {
        "2" : 0.000000,
        "4" : 0.000000,
        "10" : 0.000000,
        "20" : 0.000000,
        "50" : 0.000000,
        "100" : 0.000000,
        "250" : 0.000000,
        "500" : 0.000000,
        "750" : 0.000000,
        "1000" : 0.000000
      },
      "latency_us" : {
        "2" : 0.000000,
        "4" : 0.000000,
        "10" : 0.000000,
        "20" : 0.000000,
        "50" : 0.000000,
        "100" : 0.000000,
        "250" : 0.010000,
        "500" : 0.064734,
        "750" : 50.668350,
        "1000" : 10.865207
      },
      "latency_ms" : {
        "2" : 34.257631,
        "4" : 3.931965,
        "10" : 0.209124,
        "20" : 0.000000,
        "50" : 0.000000,
        "100" : 0.000000,
        "250" : 0.000000,
        "500" : 0.000000,
        "750" : 0.000000,
        "1000" : 0.000000,
        "2000" : 0.000000,
        ">=2000" : 0.000000
      },
      "latency_depth" : 256,
      "latency_target" : 0,
      "latency_percentile" : 100.000000,
      "latency_window" : 0
    }
  ],
  "disk_util" : [
    {
      "name" : "nvme2n2",
      "read_ios" : 0,
      "write_ios" : 302455,
      "read_merges" : 0,
      "write_merges" : 13426521,
      "read_ticks" : 0,
      "write_ticks" : 128400,
      "in_queue" : 128401,
      "util" : 99.915974
    }
  ]
}
