{
  "fio version" : "fio-3.28-261-gc3773-dirty",
  "timestamp" : 1646410376,
  "timestamp_ms" : 1646410376380,
  "time" : "Fri Mar  4 17:12:56 2022",
  "jobs" : [
    {
      "jobname" : "nvme2n1_randwrite_64Ki_queue-depth-4",
      "groupid" : 0,
      "error" : 0,
      "eta" : 0,
      "elapsed" : 41,
      "job options" : {
        "name" : "nvme2n1_randwrite_64Ki_queue-depth-4",
        "filename" : "/dev/nvme2n1",
        "direct" : "1",
        "size" : "4294967296",
        "ioengine" : "libaio",
        "iodepth" : "4",
        "rw" : "randwrite",
        "bs" : "64Ki",
        "runtime" : "30s",
        "numa_cpu_nodes" : "1",
        "ramp_time" : "10s",
        "percentile_list" : "50:95"
      },
      "read" : {
        "io_bytes" : 0,
        "io_kbytes" : 0,
        "bw_bytes" : 0,
        "bw" : 0,
        "iops" : 0.000000,
        "runtime" : 0,
        "total_ios" : 0,
        "short_ios" : 0,
        "drop_ios" : 0,
        "slat_ns" : {
          "min" : 0,
          "max" : 0,
          "mean" : 0.000000,
          "stddev" : 0.000000,
          "N" : 0
        },
        "clat_ns" : {
          "min" : 0,
          "max" : 0,
          "mean" : 0.000000,
          "stddev" : 0.000000,
          "N" : 0
        },
        "lat_ns" : {
          "min" : 0,
          "max" : 0,
          "mean" : 0.000000,
          "stddev" : 0.000000,
          "N" : 0
        },
        "bw_min" : 0,
        "bw_max" : 0,
        "bw_agg" : 0.000000,
        "bw_mean" : 0.000000,
        "bw_dev" : 0.000000,
        "bw_samples" : 0,
        "iops_min" : 0,
        "iops_max" : 0,
        "iops_mean" : 0.000000,
        "iops_stddev" : 0.000000,
        "iops_samples" : 0
      },
      "write" : {
        "io_bytes" : 32598786048,
        "io_kbytes" : 31834752,
        "bw_bytes" : 1086553764,
        "bw" : 1061087,
        "iops" : 16579.361376,
        "runtime" : 30002,
        "total_ios" : 497414,
        "short_ios" : 0,
        "drop_ios" : 0,
        "slat_ns" : {
          "min" : 4741,
          "max" : 63108,
          "mean" : 7832.755466,
          "stddev" : 2655.404523,
          "N" : 497415
        },
        "clat_ns" : {
          "min" : 20379,
          "max" : 3874320,
          "mean" : 232250.930107,
          "stddev" : 307303.901593,
          "N" : 497417,
          "percentile" : {
            "50.000000" : 118272,
            "95.000000" : 1003520
          }
        },
        "lat_ns" : {
          "min" : 46294,
          "max" : 3880981,
          "mean" : 240249.278720,
          "stddev" : 307216.858605,
          "N" : 497417
        },
        "bw_min" : 1039872,
        "bw_max" : 1080432,
        "bw_agg" : 100.000000,
        "bw_mean" : 1061925.266667,
        "bw_dev" : 6602.513473,
        "bw_samples" : 60,
        "iops_min" : 16248,
        "iops_max" : 16881,
        "iops_mean" : 16592.500000,
        "iops_stddev" : 103.105426,
        "iops_samples" : 60
      },
      "trim" : {
        "io_bytes" : 0,
        "io_kbytes" : 0,
        "bw_bytes" : 0,
        "bw" : 0,
        "iops" : 0.000000,
        "runtime" : 0,
        "total_ios" : 0,
        "short_ios" : 0,
        "drop_ios" : 0,
        "slat_ns" : {
          "min" : 0,
          "max" : 0,
          "mean" : 0.000000,
          "stddev" : 0.000000,
          "N" : 0
        },
        "clat_ns" : {
          "min" : 0,
          "max" : 0,
          "mean" : 0.000000,
          "stddev" : 0.000000,
          "N" : 0
        },
        "lat_ns" : {
          "min" : 0,
          "max" : 0,
          "mean" : 0.000000,
          "stddev" : 0.000000,
          "N" : 0
        },
        "bw_min" : 0,
        "bw_max" : 0,
        "bw_agg" : 0.000000,
        "bw_mean" : 0.000000,
        "bw_dev" : 0.000000,
        "bw_samples" : 0,
        "iops_min" : 0,
        "iops_max" : 0,
        "iops_mean" : 0.000000,
        "iops_stddev" : 0.000000,
        "iops_samples" : 0
      },
      "sync" : {
        "total_ios" : 0,
        "lat_ns" : {
          "min" : 0,
          "max" : 0,
          "mean" : 0.000000,
          "stddev" : 0.000000,
          "N" : 0
        }
      },
      "job_runtime" : 30001,
      "usr_cpu" : 7.676411,
      "sys_cpu" : 14.462851,
      "ctx" : 387304,
      "majf" : 0,
      "minf" : 37,
      "iodepth_level" : {
        "1" : 0.000000,
        "2" : 0.000000,
        "4" : 100.000000,
        "8" : 0.000000,
        "16" : 0.000000,
        "32" : 0.000000,
        ">=64" : 0.000000
      },
      "iodepth_submit" : {
        "0" : 0.000000,
        "4" : 100.000000,
        "8" : 0.000000,
        "16" : 0.000000,
        "32" : 0.000000,
        "64" : 0.000000,
        ">=64" : 0.000000
      },
      "iodepth_complete" : {
        "0" : 0.000000,
        "4" : 100.000000,
        "8" : 0.000000,
        "16" : 0.000000,
        "32" : 0.000000,
        "64" : 0.000000,
        ">=64" : 0.000000
      },
      "latency_ns" : {
        "2" : 0.000000,
        "4" : 0.000000,
        "10" : 0.000000,
        "20" : 0.000000,
        "50" : 0.000000,
        "100" : 0.000000,
        "250" : 0.000000,
        "500" : 0.000000,
        "750" : 0.000000,
        "1000" : 0.000000
      },
      "latency_us" : {
        "2" : 0.000000,
        "4" : 0.000000,
        "10" : 0.000000,
        "20" : 0.000000,
        "50" : 2.034120,
        "100" : 36.113982,
        "250" : 40.925668,
        "500" : 10.217847,
        "750" : 3.410037,
        "1000" : 2.263909
      },
      "latency_ms" : {
        "2" : 4.977343,
        "4" : 0.057698,
        "10" : 0.000000,
        "20" : 0.000000,
        "50" : 0.000000,
        "100" : 0.000000,
        "250" : 0.000000,
        "500" : 0.000000,
        "750" : 0.000000,
        "1000" : 0.000000,
        "2000" : 0.000000,
        ">=2000" : 0.000000
      },
      "latency_depth" : 4,
      "latency_target" : 0,
      "latency_percentile" : 100.000000,
      "latency_window" : 0
    }
  ],
  "disk_util" : [
    {
      "name" : "nvme2n1",
      "read_ios" : 47,
      "write_ios" : 663561,
      "read_merges" : 0,
      "write_merges" : 0,
      "read_ticks" : 4,
      "write_ticks" : 152478,
      "in_queue" : 152482,
      "util" : 99.840287
    }
  ]
}
