{
  "fio version" : "fio-3.28-261-gc3773-dirty",
  "timestamp" : 1646348063,
  "timestamp_ms" : 1646348063046,
  "time" : "Thu Mar  3 23:54:23 2022",
  "jobs" : [
    {
      "jobname" : "nvme2n1_randwrite_4K_queue-depth-16",
      "groupid" : 0,
      "error" : 0,
      "eta" : 0,
      "elapsed" : 19,
      "job options" : {
        "name" : "nvme2n1_randwrite_4K_queue-depth-16",
        "filename" : "/dev/nvme2n1",
        "direct" : "1",
        "size" : "4294967296",
        "ioengine" : "libaio",
        "iodepth" : "16",
        "rw" : "randwrite",
        "bs" : "4K",
        "runtime" : "30s",
        "numa_cpu_nodes" : "1",
        "ramp_time" : "10s"
      },
      "read" : {
        "io_bytes" : 0,
        "io_kbytes" : 0,
        "bw_bytes" : 0,
        "bw" : 0,
        "iops" : 0.000000,
        "runtime" : 0,
        "total_ios" : 0,
        "short_ios" : 0,
        "drop_ios" : 0,
        "slat_ns" : {
          "min" : 0,
          "max" : 0,
          "mean" : 0.000000,
          "stddev" : 0.000000,
          "N" : 0
        },
        "clat_ns" : {
          "min" : 0,
          "max" : 0,
          "mean" : 0.000000,
          "stddev" : 0.000000,
          "N" : 0
        },
        "lat_ns" : {
          "min" : 0,
          "max" : 0,
          "mean" : 0.000000,
          "stddev" : 0.000000,
          "N" : 0
        },
        "bw_min" : 0,
        "bw_max" : 0,
        "bw_agg" : 0.000000,
        "bw_mean" : 0.000000,
        "bw_dev" : 0.000000,
        "bw_samples" : 0,
        "iops_min" : 0,
        "iops_max" : 0,
        "iops_mean" : 0.000000,
        "iops_stddev" : 0.000000,
        "iops_samples" : 0
      },
      "write" : {
        "io_bytes" : 1834532864,
        "io_kbytes" : 1791536,
        "bw_bytes" : 230875014,
        "bw" : 225463,
        "iops" : 56363.956708,
        "runtime" : 7946,
        "total_ios" : 447868,
        "short_ios" : 0,
        "drop_ios" : 0,
        "slat_ns" : {
          "min" : 1572,
          "max" : 44378,
          "mean" : 2799.698028,
          "stddev" : 1680.847861,
          "N" : 447869
        },
        "clat_ns" : {
          "min" : 9372,
          "max" : 3849035,
          "mean" : 280133.013019,
          "stddev" : 321448.783609,
          "N" : 447883,
          "percentile" : {
            "1.000000" : 26496,
            "5.000000" : 49408,
            "10.000000" : 67072,
            "20.000000" : 94720,
            "30.000000" : 121344,
            "40.000000" : 148480,
            "50.000000" : 179200,
            "60.000000" : 216064,
            "70.000000" : 268288,
            "80.000000" : 350208,
            "90.000000" : 585728,
            "95.000000" : 970752,
            "99.000000" : 1679360,
            "99.500000" : 1925120,
            "99.900000" : 2408448,
            "99.950000" : 2605056,
            "99.990000" : 3260416
          }
        },
        "lat_ns" : {
          "min" : 16519,
          "max" : 3851005,
          "mean" : 283074.554165,
          "stddev" : 321351.216817,
          "N" : 447883
        },
        "bw_min" : 218352,
        "bw_max" : 234352,
        "bw_agg" : 100.000000,
        "bw_mean" : 225533.400000,
        "bw_dev" : 4234.130267,
        "bw_samples" : 15,
        "iops_min" : 54586,
        "iops_max" : 58588,
        "iops_mean" : 56383.066667,
        "iops_stddev" : 1058.806772,
        "iops_samples" : 15
      },
      "trim" : {
        "io_bytes" : 0,
        "io_kbytes" : 0,
        "bw_bytes" : 0,
        "bw" : 0,
        "iops" : 0.000000,
        "runtime" : 0,
        "total_ios" : 0,
        "short_ios" : 0,
        "drop_ios" : 0,
        "slat_ns" : {
          "min" : 0,
          "max" : 0,
          "mean" : 0.000000,
          "stddev" : 0.000000,
          "N" : 0
        },
        "clat_ns" : {
          "min" : 0,
          "max" : 0,
          "mean" : 0.000000,
          "stddev" : 0.000000,
          "N" : 0
        },
        "lat_ns" : {
          "min" : 0,
          "max" : 0,
          "mean" : 0.000000,
          "stddev" : 0.000000,
          "N" : 0
        },
        "bw_min" : 0,
        "bw_max" : 0,
        "bw_agg" : 0.000000,
        "bw_mean" : 0.000000,
        "bw_dev" : 0.000000,
        "bw_samples" : 0,
        "iops_min" : 0,
        "iops_max" : 0,
        "iops_mean" : 0.000000,
        "iops_stddev" : 0.000000,
        "iops_samples" : 0
      },
      "sync" : {
        "total_ios" : 0,
        "lat_ns" : {
          "min" : 0,
          "max" : 0,
          "mean" : 0.000000,
          "stddev" : 0.000000,
          "N" : 0
        }
      },
      "job_runtime" : 7945,
      "usr_cpu" : 10.623033,
      "sys_cpu" : 21.925739,
      "ctx" : 141072,
      "majf" : 0,
      "minf" : 37,
      "iodepth_level" : {
        "1" : 0.000000,
        "2" : 0.000000,
        "4" : 0.000000,
        "8" : 0.000000,
        "16" : 100.000000,
        "32" : 0.000000,
        ">=64" : 0.000000
      },
      "iodepth_submit" : {
        "0" : 0.000000,
        "4" : 100.000000,
        "8" : 0.000000,
        "16" : 0.000000,
        "32" : 0.000000,
        "64" : 0.000000,
        ">=64" : 0.000000
      },
      "iodepth_complete" : {
        "0" : 0.000000,
        "4" : 99.999777,
        "8" : 0.000000,
        "16" : 0.100000,
        "32" : 0.000000,
        "64" : 0.000000,
        ">=64" : 0.000000
      },
      "latency_ns" : {
        "2" : 0.000000,
        "4" : 0.000000,
        "10" : 0.000000,
        "20" : 0.000000,
        "50" : 0.000000,
        "100" : 0.000000,
        "250" : 0.000000,
        "500" : 0.000000,
        "750" : 0.000000,
        "1000" : 0.000000
      },
      "latency_us" : {
        "2" : 0.000000,
        "4" : 0.000000,
        "10" : 0.010000,
        "20" : 0.290934,
        "50" : 4.825752,
        "100" : 17.069762,
        "250" : 44.968160,
        "500" : 20.620808,
        "750" : 4.946323,
        "1000" : 2.506096
      },
      "latency_ms" : {
        "2" : 4.384551,
        "4" : 0.390740,
        "10" : 0.000000,
        "20" : 0.000000,
        "50" : 0.000000,
        "100" : 0.000000,
        "250" : 0.000000,
        "500" : 0.000000,
        "750" : 0.000000,
        "1000" : 0.000000,
        "2000" : 0.000000,
        ">=2000" : 0.000000
      },
      "latency_depth" : 16,
      "latency_target" : 0,
      "latency_percentile" : 100.000000,
      "latency_window" : 0
    }
  ],
  "disk_util" : [
    {
      "name" : "nvme2n1",
      "read_ios" : 48,
      "write_ios" : 1037199,
      "read_merges" : 0,
      "write_merges" : 0,
      "read_ticks" : 1,
      "write_ticks" : 273109,
      "in_queue" : 273110,
      "util" : 99.568313
    }
  ]
}
