{
  "fio version" : "fio-3.28-261-gc3773-dirty",
  "timestamp" : 1646348652,
  "timestamp_ms" : 1646348652509,
  "time" : "Fri Mar  4 00:04:12 2022",
  "jobs" : [
    {
      "jobname" : "nvme2n1_overwrite-seq_4K_queue-depth-1024",
      "groupid" : 0,
      "error" : 0,
      "eta" : 0,
      "elapsed" : 18,
      "job options" : {
        "name" : "nvme2n1_overwrite-seq_4K_queue-depth-1024",
        "filename" : "/dev/nvme2n1",
        "direct" : "1",
        "size" : "4294967296",
        "ioengine" : "libaio",
        "iodepth" : "1024",
        "rw" : "write",
        "bs" : "4K",
        "runtime" : "30s",
        "numa_cpu_nodes" : "1",
        "ramp_time" : "10s"
      },
      "read" : {
        "io_bytes" : 0,
        "io_kbytes" : 0,
        "bw_bytes" : 0,
        "bw" : 0,
        "iops" : 0.000000,
        "runtime" : 0,
        "total_ios" : 0,
        "short_ios" : 0,
        "drop_ios" : 0,
        "slat_ns" : {
          "min" : 0,
          "max" : 0,
          "mean" : 0.000000,
          "stddev" : 0.000000,
          "N" : 0
        },
        "clat_ns" : {
          "min" : 0,
          "max" : 0,
          "mean" : 0.000000,
          "stddev" : 0.000000,
          "N" : 0
        },
        "lat_ns" : {
          "min" : 0,
          "max" : 0,
          "mean" : 0.000000,
          "stddev" : 0.000000,
          "N" : 0
        },
        "bw_min" : 0,
        "bw_max" : 0,
        "bw_agg" : 0.000000,
        "bw_mean" : 0.000000,
        "bw_dev" : 0.000000,
        "bw_samples" : 0,
        "iops_min" : 0,
        "iops_max" : 0,
        "iops_mean" : 0.000000,
        "iops_stddev" : 0.000000,
        "iops_samples" : 0
      },
      "write" : {
        "io_bytes" : 1883254784,
        "io_kbytes" : 1839116,
        "bw_bytes" : 241195540,
        "bw" : 235542,
        "iops" : 58754.482582,
        "runtime" : 7808,
        "total_ios" : 458755,
        "short_ios" : 0,
        "drop_ios" : 0,
        "slat_ns" : {
          "min" : 1373,
          "max" : 322024,
          "mean" : 15981.682291,
          "stddev" : 41515.003466,
          "N" : 458756
        },
        "clat_ns" : {
          "min" : 16722204,
          "max" : 34918433,
          "mean" : 17392329.298269,
          "stddev" : 520337.715016,
          "N" : 459778,
          "percentile" : {
            "1.000000" : 16908288,
            "5.000000" : 16908288,
            "10.000000" : 17170432,
            "20.000000" : 17170432,
            "30.000000" : 17170432,
            "40.000000" : 17170432,
            "50.000000" : 17432576,
            "60.000000" : 17432576,
            "70.000000" : 17432576,
            "80.000000" : 17432576,
            "90.000000" : 17694720,
            "95.000000" : 17694720,
            "99.000000" : 17956864,
            "99.500000" : 18219008,
            "99.900000" : 26869760,
            "99.950000" : 30801920,
            "99.990000" : 33816576
          }
        },
        "lat_ns" : {
          "min" : 16770108,
          "max" : 34920320,
          "mean" : 17408425.468973,
          "stddev" : 520327.539008,
          "N" : 459778
        },
        "bw_min" : 233296,
        "bw_max" : 237354,
        "bw_agg" : 100.000000,
        "bw_mean" : 235698.066667,
        "bw_dev" : 1579.827317,
        "bw_samples" : 15,
        "iops_min" : 58324,
        "iops_max" : 59338,
        "iops_mean" : 58924.333333,
        "iops_stddev" : 394.919280,
        "iops_samples" : 15
      },
      "trim" : {
        "io_bytes" : 0,
        "io_kbytes" : 0,
        "bw_bytes" : 0,
        "bw" : 0,
        "iops" : 0.000000,
        "runtime" : 0,
        "total_ios" : 0,
        "short_ios" : 0,
        "drop_ios" : 0,
        "slat_ns" : {
          "min" : 0,
          "max" : 0,
          "mean" : 0.000000,
          "stddev" : 0.000000,
          "N" : 0
        },
        "clat_ns" : {
          "min" : 0,
          "max" : 0,
          "mean" : 0.000000,
          "stddev" : 0.000000,
          "N" : 0
        },
        "lat_ns" : {
          "min" : 0,
          "max" : 0,
          "mean" : 0.000000,
          "stddev" : 0.000000,
          "N" : 0
        },
        "bw_min" : 0,
        "bw_max" : 0,
        "bw_agg" : 0.000000,
        "bw_mean" : 0.000000,
        "bw_dev" : 0.000000,
        "bw_samples" : 0,
        "iops_min" : 0,
        "iops_max" : 0,
        "iops_mean" : 0.000000,
        "iops_stddev" : 0.000000,
        "iops_samples" : 0
      },
      "sync" : {
        "total_ios" : 0,
        "lat_ns" : {
          "min" : 0,
          "max" : 0,
          "mean" : 0.000000,
          "stddev" : 0.000000,
          "N" : 0
        }
      },
      "job_runtime" : 7807,
      "usr_cpu" : 6.788779,
      "sys_cpu" : 14.832842,
      "ctx" : 47463,
      "majf" : 0,
      "minf" : 37,
      "iodepth_level" : {
        "1" : 0.000000,
        "2" : 0.000000,
        "4" : 0.000000,
        "8" : 0.000000,
        "16" : 0.000000,
        "32" : 0.000000,
        ">=64" : 100.000000
      },
      "iodepth_submit" : {
        "0" : 0.000000,
        "4" : 100.000000,
        "8" : 0.000000,
        "16" : 0.000000,
        "32" : 0.000000,
        "64" : 0.000000,
        ">=64" : 0.000000
      },
      "iodepth_complete" : {
        "0" : 0.000000,
        "4" : 99.999782,
        "8" : 0.000000,
        "16" : 0.000000,
        "32" : 0.000000,
        "64" : 0.000000,
        ">=64" : 0.100000
      },
      "latency_ns" : {
        "2" : 0.000000,
        "4" : 0.000000,
        "10" : 0.000000,
        "20" : 0.000000,
        "50" : 0.000000,
        "100" : 0.000000,
        "250" : 0.000000,
        "500" : 0.000000,
        "750" : 0.000000,
        "1000" : 0.000000
      },
      "latency_us" : {
        "2" : 0.000000,
        "4" : 0.000000,
        "10" : 0.000000,
        "20" : 0.000000,
        "50" : 0.000000,
        "100" : 0.000000,
        "250" : 0.000000,
        "500" : 0.000000,
        "750" : 0.000000,
        "1000" : 0.000000
      },
      "latency_ms" : {
        "2" : 0.000000,
        "4" : 0.000000,
        "10" : 0.000000,
        "20" : 100.035095,
        "50" : 0.187900,
        "100" : 0.000000,
        "250" : 0.000000,
        "500" : 0.000000,
        "750" : 0.000000,
        "1000" : 0.000000,
        "2000" : 0.000000,
        ">=2000" : 0.000000
      },
      "latency_depth" : 1024,
      "latency_target" : 0,
      "latency_percentile" : 100.000000,
      "latency_window" : 0
    }
  ],
  "disk_util" : [
    {
      "name" : "nvme2n1",
      "read_ios" : 48,
      "write_ios" : 1045164,
      "read_merges" : 0,
      "write_merges" : 0,
      "read_ticks" : 7,
      "write_ticks" : 18079586,
      "in_queue" : 18079593,
      "util" : 99.579573
    }
  ]
}
