{
  "fio version" : "fio-3.28-261-gc3773-dirty",
  "timestamp" : 1646347946,
  "timestamp_ms" : 1646347946560,
  "time" : "Thu Mar  3 23:52:26 2022",
  "jobs" : [
    {
      "jobname" : "nvme2n1_overwrite-rand_4K_queue-depth-4",
      "groupid" : 0,
      "error" : 0,
      "eta" : 0,
      "elapsed" : 19,
      "job options" : {
        "name" : "nvme2n1_overwrite-rand_4K_queue-depth-4",
        "filename" : "/dev/nvme2n1",
        "direct" : "1",
        "size" : "4294967296",
        "ioengine" : "libaio",
        "iodepth" : "4",
        "rw" : "randwrite",
        "bs" : "4K",
        "numa_cpu_nodes" : "1",
        "ramp_time" : "10s"
      },
      "read" : {
        "io_bytes" : 0,
        "io_kbytes" : 0,
        "bw_bytes" : 0,
        "bw" : 0,
        "iops" : 0.000000,
        "runtime" : 0,
        "total_ios" : 0,
        "short_ios" : 0,
        "drop_ios" : 0,
        "slat_ns" : {
          "min" : 0,
          "max" : 0,
          "mean" : 0.000000,
          "stddev" : 0.000000,
          "N" : 0
        },
        "clat_ns" : {
          "min" : 0,
          "max" : 0,
          "mean" : 0.000000,
          "stddev" : 0.000000,
          "N" : 0
        },
        "lat_ns" : {
          "min" : 0,
          "max" : 0,
          "mean" : 0.000000,
          "stddev" : 0.000000,
          "N" : 0
        },
        "bw_min" : 0,
        "bw_max" : 0,
        "bw_agg" : 0.000000,
        "bw_mean" : 0.000000,
        "bw_dev" : 0.000000,
        "bw_samples" : 0,
        "iops_min" : 0,
        "iops_max" : 0,
        "iops_mean" : 0.000000,
        "iops_stddev" : 0.000000,
        "iops_samples" : 0
      },
      "write" : {
        "io_bytes" : 1974312960,
        "io_kbytes" : 1928040,
        "bw_bytes" : 229384566,
        "bw" : 224008,
        "iops" : 56001.742768,
        "runtime" : 8607,
        "total_ios" : 482007,
        "short_ios" : 0,
        "drop_ios" : 0,
        "slat_ns" : {
          "min" : 1544,
          "max" : 55114,
          "mean" : 2790.969799,
          "stddev" : 1572.891811,
          "N" : 482007
        },
        "clat_ns" : {
          "min" : 6001,
          "max" : 2894853,
          "mean" : 67741.048134,
          "stddev" : 124891.540708,
          "N" : 482010,
          "percentile" : {
            "1.000000" : 14656,
            "5.000000" : 17280,
            "10.000000" : 19072,
            "20.000000" : 21632,
            "30.000000" : 24960,
            "40.000000" : 29056,
            "50.000000" : 36096,
            "60.000000" : 44800,
            "70.000000" : 58112,
            "80.000000" : 76288,
            "90.000000" : 111104,
            "95.000000" : 187392,
            "99.000000" : 700416,
            "99.500000" : 954368,
            "99.900000" : 1482752,
            "99.950000" : 1695744,
            "99.990000" : 2113536
          }
        },
        "lat_ns" : {
          "min" : 15628,
          "max" : 2896858,
          "mean" : 70681.489494,
          "stddev" : 124834.791657,
          "N" : 482010
        },
        "bw_min" : 218236,
        "bw_max" : 231719,
        "bw_agg" : 99.985105,
        "bw_mean" : 223975.588235,
        "bw_dev" : 3129.972625,
        "bw_samples" : 17,
        "iops_min" : 54559,
        "iops_max" : 57929,
        "iops_mean" : 55993.882353,
        "iops_stddev" : 782.319219,
        "iops_samples" : 17
      },
      "trim" : {
        "io_bytes" : 0,
        "io_kbytes" : 0,
        "bw_bytes" : 0,
        "bw" : 0,
        "iops" : 0.000000,
        "runtime" : 0,
        "total_ios" : 0,
        "short_ios" : 0,
        "drop_ios" : 0,
        "slat_ns" : {
          "min" : 0,
          "max" : 0,
          "mean" : 0.000000,
          "stddev" : 0.000000,
          "N" : 0
        },
        "clat_ns" : {
          "min" : 0,
          "max" : 0,
          "mean" : 0.000000,
          "stddev" : 0.000000,
          "N" : 0
        },
        "lat_ns" : {
          "min" : 0,
          "max" : 0,
          "mean" : 0.000000,
          "stddev" : 0.000000,
          "N" : 0
        },
        "bw_min" : 0,
        "bw_max" : 0,
        "bw_agg" : 0.000000,
        "bw_mean" : 0.000000,
        "bw_dev" : 0.000000,
        "bw_samples" : 0,
        "iops_min" : 0,
        "iops_max" : 0,
        "iops_mean" : 0.000000,
        "iops_stddev" : 0.000000,
        "iops_samples" : 0
      },
      "sync" : {
        "total_ios" : 0,
        "lat_ns" : {
          "min" : 0,
          "max" : 0,
          "mean" : 0.000000,
          "stddev" : 0.000000,
          "N" : 0
        }
      },
      "job_runtime" : 8606,
      "usr_cpu" : 9.888450,
      "sys_cpu" : 22.705089,
      "ctx" : 174505,
      "majf" : 0,
      "minf" : 37,
      "iodepth_level" : {
        "1" : 0.000000,
        "2" : 0.000000,
        "4" : 100.000000,
        "8" : 0.000000,
        "16" : 0.000000,
        "32" : 0.000000,
        ">=64" : 0.000000
      },
      "iodepth_submit" : {
        "0" : 0.000000,
        "4" : 100.000000,
        "8" : 0.000000,
        "16" : 0.000000,
        "32" : 0.000000,
        "64" : 0.000000,
        ">=64" : 0.000000
      },
      "iodepth_complete" : {
        "0" : 0.000000,
        "4" : 100.000000,
        "8" : 0.000000,
        "16" : 0.000000,
        "32" : 0.000000,
        "64" : 0.000000,
        ">=64" : 0.000000
      },
      "latency_ns" : {
        "2" : 0.000000,
        "4" : 0.000000,
        "10" : 0.000000,
        "20" : 0.000000,
        "50" : 0.000000,
        "100" : 0.000000,
        "250" : 0.000000,
        "500" : 0.000000,
        "750" : 0.000000,
        "1000" : 0.000000
      },
      "latency_us" : {
        "2" : 0.000000,
        "4" : 0.000000,
        "10" : 0.011203,
        "20" : 14.163695,
        "50" : 50.092426,
        "100" : 24.091974,
        "250" : 8.087434,
        "500" : 1.924661,
        "750" : 0.756421,
        "1000" : 0.430492
      },
      "latency_ms" : {
        "2" : 0.425927,
        "4" : 0.016390,
        "10" : 0.000000,
        "20" : 0.000000,
        "50" : 0.000000,
        "100" : 0.000000,
        "250" : 0.000000,
        "500" : 0.000000,
        "750" : 0.000000,
        "1000" : 0.000000,
        "2000" : 0.000000,
        ">=2000" : 0.000000
      },
      "latency_depth" : 4,
      "latency_target" : 0,
      "latency_percentile" : 100.000000,
      "latency_window" : 0
    }
  ],
  "disk_util" : [
    {
      "name" : "nvme2n1",
      "read_ios" : 48,
      "write_ios" : 1042177,
      "read_merges" : 0,
      "write_merges" : 0,
      "read_ticks" : 4,
      "write_ticks" : 65312,
      "in_queue" : 65316,
      "util" : 99.618013
    }
  ]
}
