{
  "fio version" : "fio-3.28-261-gc3773-dirty",
  "timestamp" : 1646348671,
  "timestamp_ms" : 1646348671519,
  "time" : "Fri Mar  4 00:04:31 2022",
  "jobs" : [
    {
      "jobname" : "nvme2n1_overwrite-rand_4K_queue-depth-1024",
      "groupid" : 0,
      "error" : 0,
      "eta" : 0,
      "elapsed" : 19,
      "job options" : {
        "name" : "nvme2n1_overwrite-rand_4K_queue-depth-1024",
        "filename" : "/dev/nvme2n1",
        "direct" : "1",
        "size" : "4294967296",
        "ioengine" : "libaio",
        "iodepth" : "1024",
        "rw" : "randwrite",
        "bs" : "4K",
        "numa_cpu_nodes" : "1",
        "ramp_time" : "10s"
      },
      "read" : {
        "io_bytes" : 0,
        "io_kbytes" : 0,
        "bw_bytes" : 0,
        "bw" : 0,
        "iops" : 0.000000,
        "runtime" : 0,
        "total_ios" : 0,
        "short_ios" : 0,
        "drop_ios" : 0,
        "slat_ns" : {
          "min" : 0,
          "max" : 0,
          "mean" : 0.000000,
          "stddev" : 0.000000,
          "N" : 0
        },
        "clat_ns" : {
          "min" : 0,
          "max" : 0,
          "mean" : 0.000000,
          "stddev" : 0.000000,
          "N" : 0
        },
        "lat_ns" : {
          "min" : 0,
          "max" : 0,
          "mean" : 0.000000,
          "stddev" : 0.000000,
          "N" : 0
        },
        "bw_min" : 0,
        "bw_max" : 0,
        "bw_agg" : 0.000000,
        "bw_mean" : 0.000000,
        "bw_dev" : 0.000000,
        "bw_samples" : 0,
        "iops_min" : 0,
        "iops_max" : 0,
        "iops_mean" : 0.000000,
        "iops_stddev" : 0.000000,
        "iops_samples" : 0
      },
      "write" : {
        "io_bytes" : 1976983552,
        "io_kbytes" : 1930648,
        "bw_bytes" : 228923523,
        "bw" : 223558,
        "iops" : 55770.958777,
        "runtime" : 8636,
        "total_ios" : 481638,
        "short_ios" : 0,
        "drop_ios" : 0,
        "slat_ns" : {
          "min" : 1386,
          "max" : 2734794,
          "mean" : 16638.284242,
          "stddev" : 77553.352410,
          "N" : 481639
        },
        "clat_ns" : {
          "min" : 3836572,
          "max" : 34957638,
          "mean" : 18323578.697732,
          "stddev" : 1212788.819974,
          "N" : 482661,
          "percentile" : {
            "1.000000" : 16449536,
            "5.000000" : 16908288,
            "10.000000" : 17170432,
            "20.000000" : 17432576,
            "30.000000" : 17694720,
            "40.000000" : 17956864,
            "50.000000" : 18219008,
            "60.000000" : 18481152,
            "70.000000" : 18743296,
            "80.000000" : 19267584,
            "90.000000" : 19791872,
            "95.000000" : 20316160,
            "99.000000" : 21364736,
            "99.500000" : 21889024,
            "99.900000" : 29753344,
            "99.950000" : 31850496,
            "99.990000" : 33161216
          }
        },
        "lat_ns" : {
          "min" : 3841766,
          "max" : 34961699,
          "mean" : 18340349.113442,
          "stddev" : 1211833.716317,
          "N" : 482661
        },
        "bw_min" : 217442,
        "bw_max" : 230220,
        "bw_agg" : 100.000000,
        "bw_mean" : 223562.411765,
        "bw_dev" : 4059.751748,
        "bw_samples" : 17,
        "iops_min" : 54360,
        "iops_max" : 57555,
        "iops_mean" : 55890.470588,
        "iops_stddev" : 1014.919893,
        "iops_samples" : 17
      },
      "trim" : {
        "io_bytes" : 0,
        "io_kbytes" : 0,
        "bw_bytes" : 0,
        "bw" : 0,
        "iops" : 0.000000,
        "runtime" : 0,
        "total_ios" : 0,
        "short_ios" : 0,
        "drop_ios" : 0,
        "slat_ns" : {
          "min" : 0,
          "max" : 0,
          "mean" : 0.000000,
          "stddev" : 0.000000,
          "N" : 0
        },
        "clat_ns" : {
          "min" : 0,
          "max" : 0,
          "mean" : 0.000000,
          "stddev" : 0.000000,
          "N" : 0
        },
        "lat_ns" : {
          "min" : 0,
          "max" : 0,
          "mean" : 0.000000,
          "stddev" : 0.000000,
          "N" : 0
        },
        "bw_min" : 0,
        "bw_max" : 0,
        "bw_agg" : 0.000000,
        "bw_mean" : 0.000000,
        "bw_dev" : 0.000000,
        "bw_samples" : 0,
        "iops_min" : 0,
        "iops_max" : 0,
        "iops_mean" : 0.000000,
        "iops_stddev" : 0.000000,
        "iops_samples" : 0
      },
      "sync" : {
        "total_ios" : 0,
        "lat_ns" : {
          "min" : 0,
          "max" : 0,
          "mean" : 0.000000,
          "stddev" : 0.000000,
          "N" : 0
        }
      },
      "job_runtime" : 8635,
      "usr_cpu" : 7.342212,
      "sys_cpu" : 15.471917,
      "ctx" : 42672,
      "majf" : 0,
      "minf" : 37,
      "iodepth_level" : {
        "1" : 0.000000,
        "2" : 0.000000,
        "4" : 0.000000,
        "8" : 0.000000,
        "16" : 0.000000,
        "32" : 0.000000,
        ">=64" : 100.000000
      },
      "iodepth_submit" : {
        "0" : 0.000000,
        "4" : 100.000000,
        "8" : 0.000000,
        "16" : 0.000000,
        "32" : 0.000000,
        "64" : 0.000000,
        ">=64" : 0.000000
      },
      "iodepth_complete" : {
        "0" : 0.000000,
        "4" : 99.999792,
        "8" : 0.000000,
        "16" : 0.000000,
        "32" : 0.000000,
        "64" : 0.000000,
        ">=64" : 0.100000
      },
      "latency_ns" : {
        "2" : 0.000000,
        "4" : 0.000000,
        "10" : 0.000000,
        "20" : 0.000000,
        "50" : 0.000000,
        "100" : 0.000000,
        "250" : 0.000000,
        "500" : 0.000000,
        "750" : 0.000000,
        "1000" : 0.000000
      },
      "latency_us" : {
        "2" : 0.000000,
        "4" : 0.000000,
        "10" : 0.000000,
        "20" : 0.000000,
        "50" : 0.000000,
        "100" : 0.000000,
        "250" : 0.000000,
        "500" : 0.000000,
        "750" : 0.000000,
        "1000" : 0.000000
      },
      "latency_ms" : {
        "2" : 0.000000,
        "4" : 0.010000,
        "10" : 0.053152,
        "20" : 93.076751,
        "50" : 7.077930,
        "100" : 0.000000,
        "250" : 0.000000,
        "500" : 0.000000,
        "750" : 0.000000,
        "1000" : 0.000000,
        "2000" : 0.000000,
        ">=2000" : 0.000000
      },
      "latency_depth" : 1024,
      "latency_target" : 0,
      "latency_percentile" : 100.000000,
      "latency_window" : 0
    }
  ],
  "disk_util" : [
    {
      "name" : "nvme2n1",
      "read_ios" : 48,
      "write_ios" : 1040535,
      "read_merges" : 0,
      "write_merges" : 0,
      "read_ticks" : 5,
      "write_ticks" : 18844394,
      "in_queue" : 18844398,
      "util" : 99.580420
    }
  ]
}
