{
  "fio version" : "fio-3.28-261-gc3773-dirty",
  "timestamp" : 1646348154,
  "timestamp_ms" : 1646348154914,
  "time" : "Thu Mar  3 23:55:54 2022",
  "jobs" : [
    {
      "jobname" : "nvme2n1_randwrite_4K_queue-depth-32",
      "groupid" : 0,
      "error" : 0,
      "eta" : 0,
      "elapsed" : 19,
      "job options" : {
        "name" : "nvme2n1_randwrite_4K_queue-depth-32",
        "filename" : "/dev/nvme2n1",
        "direct" : "1",
        "size" : "4294967296",
        "ioengine" : "libaio",
        "iodepth" : "32",
        "rw" : "randwrite",
        "bs" : "4K",
        "runtime" : "30s",
        "numa_cpu_nodes" : "1",
        "ramp_time" : "10s"
      },
      "read" : {
        "io_bytes" : 0,
        "io_kbytes" : 0,
        "bw_bytes" : 0,
        "bw" : 0,
        "iops" : 0.000000,
        "runtime" : 0,
        "total_ios" : 0,
        "short_ios" : 0,
        "drop_ios" : 0,
        "slat_ns" : {
          "min" : 0,
          "max" : 0,
          "mean" : 0.000000,
          "stddev" : 0.000000,
          "N" : 0
        },
        "clat_ns" : {
          "min" : 0,
          "max" : 0,
          "mean" : 0.000000,
          "stddev" : 0.000000,
          "N" : 0
        },
        "lat_ns" : {
          "min" : 0,
          "max" : 0,
          "mean" : 0.000000,
          "stddev" : 0.000000,
          "N" : 0
        },
        "bw_min" : 0,
        "bw_max" : 0,
        "bw_agg" : 0.000000,
        "bw_mean" : 0.000000,
        "bw_dev" : 0.000000,
        "bw_samples" : 0,
        "iops_min" : 0,
        "iops_max" : 0,
        "iops_mean" : 0.000000,
        "iops_stddev" : 0.000000,
        "iops_samples" : 0
      },
      "write" : {
        "io_bytes" : 1828560896,
        "io_kbytes" : 1785704,
        "bw_bytes" : 231141561,
        "bw" : 225724,
        "iops" : 56427.000379,
        "runtime" : 7911,
        "total_ios" : 446394,
        "short_ios" : 0,
        "drop_ios" : 0,
        "slat_ns" : {
          "min" : 1600,
          "max" : 47536,
          "mean" : 2847.762468,
          "stddev" : 1723.472284,
          "N" : 446395
        },
        "clat_ns" : {
          "min" : 54193,
          "max" : 4421363,
          "mean" : 563343.832628,
          "stddev" : 469973.353256,
          "N" : 446425,
          "percentile" : {
            "1.000000" : 123392,
            "5.000000" : 166912,
            "10.000000" : 197632,
            "20.000000" : 244736,
            "30.000000" : 288768,
            "40.000000" : 337920,
            "50.000000" : 391168,
            "60.000000" : 456704,
            "70.000000" : 561152,
            "80.000000" : 782336,
            "90.000000" : 1269760,
            "95.000000" : 1646592,
            "99.000000" : 2211840,
            "99.500000" : 2408448,
            "99.900000" : 2998272,
            "99.950000" : 3293184,
            "99.990000" : 3850240
          }
        },
        "lat_ns" : {
          "min" : 56461,
          "max" : 4423703,
          "mean" : 566383.704611,
          "stddev" : 469832.082920,
          "N" : 446425
        },
        "bw_min" : 218052,
        "bw_max" : 233552,
        "bw_agg" : 99.940112,
        "bw_mean" : 225589.800000,
        "bw_dev" : 4522.258083,
        "bw_samples" : 15,
        "iops_min" : 54513,
        "iops_max" : 58388,
        "iops_mean" : 56397.400000,
        "iops_stddev" : 1130.502594,
        "iops_samples" : 15
      },
      "trim" : {
        "io_bytes" : 0,
        "io_kbytes" : 0,
        "bw_bytes" : 0,
        "bw" : 0,
        "iops" : 0.000000,
        "runtime" : 0,
        "total_ios" : 0,
        "short_ios" : 0,
        "drop_ios" : 0,
        "slat_ns" : {
          "min" : 0,
          "max" : 0,
          "mean" : 0.000000,
          "stddev" : 0.000000,
          "N" : 0
        },
        "clat_ns" : {
          "min" : 0,
          "max" : 0,
          "mean" : 0.000000,
          "stddev" : 0.000000,
          "N" : 0
        },
        "lat_ns" : {
          "min" : 0,
          "max" : 0,
          "mean" : 0.000000,
          "stddev" : 0.000000,
          "N" : 0
        },
        "bw_min" : 0,
        "bw_max" : 0,
        "bw_agg" : 0.000000,
        "bw_mean" : 0.000000,
        "bw_dev" : 0.000000,
        "bw_samples" : 0,
        "iops_min" : 0,
        "iops_max" : 0,
        "iops_mean" : 0.000000,
        "iops_stddev" : 0.000000,
        "iops_samples" : 0
      },
      "sync" : {
        "total_ios" : 0,
        "lat_ns" : {
          "min" : 0,
          "max" : 0,
          "mean" : 0.000000,
          "stddev" : 0.000000,
          "N" : 0
        }
      },
      "job_runtime" : 7910,
      "usr_cpu" : 11.137800,
      "sys_cpu" : 21.403287,
      "ctx" : 142810,
      "majf" : 0,
      "minf" : 37,
      "iodepth_level" : {
        "1" : 0.000000,
        "2" : 0.000000,
        "4" : 0.000000,
        "8" : 0.000000,
        "16" : 0.000000,
        "32" : 100.000000,
        ">=64" : 0.000000
      },
      "iodepth_submit" : {
        "0" : 0.000000,
        "4" : 100.000000,
        "8" : 0.000000,
        "16" : 0.000000,
        "32" : 0.000000,
        "64" : 0.000000,
        ">=64" : 0.000000
      },
      "iodepth_complete" : {
        "0" : 0.000000,
        "4" : 99.999776,
        "8" : 0.000000,
        "16" : 0.000000,
        "32" : 0.100000,
        "64" : 0.000000,
        ">=64" : 0.000000
      },
      "latency_ns" : {
        "2" : 0.000000,
        "4" : 0.000000,
        "10" : 0.000000,
        "20" : 0.000000,
        "50" : 0.000000,
        "100" : 0.000000,
        "250" : 0.000000,
        "500" : 0.000000,
        "750" : 0.000000,
        "1000" : 0.000000
      },
      "latency_us" : {
        "2" : 0.000000,
        "4" : 0.000000,
        "10" : 0.000000,
        "20" : 0.000000,
        "50" : 0.000000,
        "100" : 0.284278,
        "250" : 20.708388,
        "500" : 43.806816,
        "750" : 14.263857,
        "1000" : 6.262853
      },
      "latency_ms" : {
        "2" : 12.850531,
        "4" : 1.822605,
        "10" : 0.010000,
        "20" : 0.000000,
        "50" : 0.000000,
        "100" : 0.000000,
        "250" : 0.000000,
        "500" : 0.000000,
        "750" : 0.000000,
        "1000" : 0.000000,
        "2000" : 0.000000,
        ">=2000" : 0.000000
      },
      "latency_depth" : 32,
      "latency_target" : 0,
      "latency_percentile" : 100.000000,
      "latency_window" : 0
    }
  ],
  "disk_util" : [
    {
      "name" : "nvme2n1",
      "read_ios" : 48,
      "write_ios" : 1039162,
      "read_merges" : 0,
      "write_merges" : 0,
      "read_ticks" : 1,
      "write_ticks" : 557371,
      "in_queue" : 557372,
      "util" : 99.607579
    }
  ]
}
