{
  "fio version" : "fio-3.28-261-gc3773-dirty",
  "timestamp" : 1646348206,
  "timestamp_ms" : 1646348206614,
  "time" : "Thu Mar  3 23:56:46 2022",
  "jobs" : [
    {
      "jobname" : "nvme2n1_overwrite-seq_4K_queue-depth-32",
      "groupid" : 0,
      "error" : 0,
      "eta" : 0,
      "elapsed" : 18,
      "job options" : {
        "name" : "nvme2n1_overwrite-seq_4K_queue-depth-32",
        "filename" : "/dev/nvme2n1",
        "direct" : "1",
        "size" : "4294967296",
        "ioengine" : "libaio",
        "iodepth" : "32",
        "rw" : "write",
        "bs" : "4K",
        "runtime" : "30s",
        "numa_cpu_nodes" : "1",
        "ramp_time" : "10s"
      },
      "read" : {
        "io_bytes" : 0,
        "io_kbytes" : 0,
        "bw_bytes" : 0,
        "bw" : 0,
        "iops" : 0.000000,
        "runtime" : 0,
        "total_ios" : 0,
        "short_ios" : 0,
        "drop_ios" : 0,
        "slat_ns" : {
          "min" : 0,
          "max" : 0,
          "mean" : 0.000000,
          "stddev" : 0.000000,
          "N" : 0
        },
        "clat_ns" : {
          "min" : 0,
          "max" : 0,
          "mean" : 0.000000,
          "stddev" : 0.000000,
          "N" : 0
        },
        "lat_ns" : {
          "min" : 0,
          "max" : 0,
          "mean" : 0.000000,
          "stddev" : 0.000000,
          "N" : 0
        },
        "bw_min" : 0,
        "bw_max" : 0,
        "bw_agg" : 0.000000,
        "bw_mean" : 0.000000,
        "bw_dev" : 0.000000,
        "bw_samples" : 0,
        "iops_min" : 0,
        "iops_max" : 0,
        "iops_mean" : 0.000000,
        "iops_stddev" : 0.000000,
        "iops_samples" : 0
      },
      "write" : {
        "io_bytes" : 1883975680,
        "io_kbytes" : 1839820,
        "bw_bytes" : 240917606,
        "bw" : 235271,
        "iops" : 58813.810742,
        "runtime" : 7820,
        "total_ios" : 459924,
        "short_ios" : 0,
        "drop_ios" : 0,
        "slat_ns" : {
          "min" : 1380,
          "max" : 42595,
          "mean" : 2310.486548,
          "stddev" : 554.904092,
          "N" : 459924
        },
        "clat_ns" : {
          "min" : 84634,
          "max" : 2000698,
          "mean" : 541161.233855,
          "stddev" : 161529.904794,
          "N" : 459955,
          "percentile" : {
            "1.000000" : 276480,
            "5.000000" : 313344,
            "10.000000" : 342016,
            "20.000000" : 395264,
            "30.000000" : 436224,
            "40.000000" : 477184,
            "50.000000" : 522240,
            "60.000000" : 569344,
            "70.000000" : 618496,
            "80.000000" : 675840,
            "90.000000" : 765952,
            "95.000000" : 831488,
            "99.000000" : 962560,
            "99.500000" : 1011712,
            "99.900000" : 1122304,
            "99.950000" : 1155072,
            "99.990000" : 1286144
          }
        },
        "lat_ns" : {
          "min" : 86604,
          "max" : 2003165,
          "mean" : 543580.683012,
          "stddev" : 161522.125026,
          "N" : 459955
        },
        "bw_min" : 233218,
        "bw_max" : 237138,
        "bw_agg" : 100.000000,
        "bw_mean" : 235437.400000,
        "bw_dev" : 1483.590230,
        "bw_samples" : 15,
        "iops_min" : 58304,
        "iops_max" : 59284,
        "iops_mean" : 58859.200000,
        "iops_stddev" : 371.026222,
        "iops_samples" : 15
      },
      "trim" : {
        "io_bytes" : 0,
        "io_kbytes" : 0,
        "bw_bytes" : 0,
        "bw" : 0,
        "iops" : 0.000000,
        "runtime" : 0,
        "total_ios" : 0,
        "short_ios" : 0,
        "drop_ios" : 0,
        "slat_ns" : {
          "min" : 0,
          "max" : 0,
          "mean" : 0.000000,
          "stddev" : 0.000000,
          "N" : 0
        },
        "clat_ns" : {
          "min" : 0,
          "max" : 0,
          "mean" : 0.000000,
          "stddev" : 0.000000,
          "N" : 0
        },
        "lat_ns" : {
          "min" : 0,
          "max" : 0,
          "mean" : 0.000000,
          "stddev" : 0.000000,
          "N" : 0
        },
        "bw_min" : 0,
        "bw_max" : 0,
        "bw_agg" : 0.000000,
        "bw_mean" : 0.000000,
        "bw_dev" : 0.000000,
        "bw_samples" : 0,
        "iops_min" : 0,
        "iops_max" : 0,
        "iops_mean" : 0.000000,
        "iops_stddev" : 0.000000,
        "iops_samples" : 0
      },
      "sync" : {
        "total_ios" : 0,
        "lat_ns" : {
          "min" : 0,
          "max" : 0,
          "mean" : 0.000000,
          "stddev" : 0.000000,
          "N" : 0
        }
      },
      "job_runtime" : 7819,
      "usr_cpu" : 8.914183,
      "sys_cpu" : 23.852155,
      "ctx" : 349024,
      "majf" : 0,
      "minf" : 38,
      "iodepth_level" : {
        "1" : 0.000000,
        "2" : 0.000000,
        "4" : 0.000000,
        "8" : 0.000000,
        "16" : 0.000000,
        "32" : 100.000000,
        ">=64" : 0.000000
      },
      "iodepth_submit" : {
        "0" : 0.000000,
        "4" : 100.000000,
        "8" : 0.000000,
        "16" : 0.000000,
        "32" : 0.000000,
        "64" : 0.000000,
        ">=64" : 0.000000
      },
      "iodepth_complete" : {
        "0" : 0.000000,
        "4" : 99.999783,
        "8" : 0.000000,
        "16" : 0.000000,
        "32" : 0.100000,
        "64" : 0.000000,
        ">=64" : 0.000000
      },
      "latency_ns" : {
        "2" : 0.000000,
        "4" : 0.000000,
        "10" : 0.000000,
        "20" : 0.000000,
        "50" : 0.000000,
        "100" : 0.000000,
        "250" : 0.000000,
        "500" : 0.000000,
        "750" : 0.000000,
        "1000" : 0.000000
      },
      "latency_us" : {
        "2" : 0.000000,
        "4" : 0.000000,
        "10" : 0.000000,
        "20" : 0.000000,
        "50" : 0.000000,
        "100" : 0.010000,
        "250" : 0.150460,
        "500" : 44.946122,
        "750" : 43.630469,
        "1000" : 10.669154
      },
      "latency_ms" : {
        "2" : 0.609449,
        "4" : 0.010000,
        "10" : 0.000000,
        "20" : 0.000000,
        "50" : 0.000000,
        "100" : 0.000000,
        "250" : 0.000000,
        "500" : 0.000000,
        "750" : 0.000000,
        "1000" : 0.000000,
        "2000" : 0.000000,
        ">=2000" : 0.000000
      },
      "latency_depth" : 32,
      "latency_target" : 0,
      "latency_percentile" : 100.000000,
      "latency_window" : 0
    }
  ],
  "disk_util" : [
    {
      "name" : "nvme2n1",
      "read_ios" : 48,
      "write_ios" : 1044483,
      "read_merges" : 0,
      "write_merges" : 0,
      "read_ticks" : 6,
      "write_ticks" : 563050,
      "in_queue" : 563056,
      "util" : 99.568313
    }
  ]
}
