{
  "fio version" : "fio-3.28-261-gc3773-dirty",
  "timestamp" : 1646348474,
  "timestamp_ms" : 1646348474044,
  "time" : "Fri Mar  4 00:01:14 2022",
  "jobs" : [
    {
      "jobname" : "nvme2n1_overwrite-seq_4K_queue-depth-256",
      "groupid" : 0,
      "error" : 0,
      "eta" : 0,
      "elapsed" : 19,
      "job options" : {
        "name" : "nvme2n1_overwrite-seq_4K_queue-depth-256",
        "filename" : "/dev/nvme2n1",
        "direct" : "1",
        "size" : "4294967296",
        "ioengine" : "libaio",
        "iodepth" : "256",
        "rw" : "write",
        "bs" : "4K",
        "runtime" : "30s",
        "numa_cpu_nodes" : "1",
        "ramp_time" : "10s"
      },
      "read" : {
        "io_bytes" : 0,
        "io_kbytes" : 0,
        "bw_bytes" : 0,
        "bw" : 0,
        "iops" : 0.000000,
        "runtime" : 0,
        "total_ios" : 0,
        "short_ios" : 0,
        "drop_ios" : 0,
        "slat_ns" : {
          "min" : 0,
          "max" : 0,
          "mean" : 0.000000,
          "stddev" : 0.000000,
          "N" : 0
        },
        "clat_ns" : {
          "min" : 0,
          "max" : 0,
          "mean" : 0.000000,
          "stddev" : 0.000000,
          "N" : 0
        },
        "lat_ns" : {
          "min" : 0,
          "max" : 0,
          "mean" : 0.000000,
          "stddev" : 0.000000,
          "N" : 0
        },
        "bw_min" : 0,
        "bw_max" : 0,
        "bw_agg" : 0.000000,
        "bw_mean" : 0.000000,
        "bw_dev" : 0.000000,
        "bw_samples" : 0,
        "iops_min" : 0,
        "iops_max" : 0,
        "iops_mean" : 0.000000,
        "iops_stddev" : 0.000000,
        "iops_samples" : 0
      },
      "write" : {
        "io_bytes" : 1884200960,
        "io_kbytes" : 1840040,
        "bw_bytes" : 240823231,
        "bw" : 235178,
        "iops" : 58762.142127,
        "runtime" : 7824,
        "total_ios" : 459755,
        "short_ios" : 0,
        "drop_ios" : 0,
        "slat_ns" : {
          "min" : 1689,
          "max" : 36033,
          "mean" : 2444.706933,
          "stddev" : 591.186059,
          "N" : 459755
        },
        "clat_ns" : {
          "min" : 3963167,
          "max" : 8719485,
          "mean" : 4351940.478550,
          "stddev" : 180402.761448,
          "N" : 460010,
          "percentile" : {
            "1.000000" : 4046848,
            "5.000000" : 4112384,
            "10.000000" : 4145152,
            "20.000000" : 4227072,
            "30.000000" : 4227072,
            "40.000000" : 4292608,
            "50.000000" : 4358144,
            "60.000000" : 4358144,
            "70.000000" : 4423680,
            "80.000000" : 4489216,
            "90.000000" : 4554752,
            "95.000000" : 4685824,
            "99.000000" : 4816896,
            "99.500000" : 4882432,
            "99.900000" : 5013504,
            "99.950000" : 5144576,
            "99.990000" : 7766016
          }
        },
        "lat_ns" : {
          "min" : 3965552,
          "max" : 8721855,
          "mean" : 4354494.581087,
          "stddev" : 180393.846357,
          "N" : 460010
        },
        "bw_min" : 233568,
        "bw_max" : 237344,
        "bw_agg" : 100.000000,
        "bw_mean" : 235315.666667,
        "bw_dev" : 1412.115772,
        "bw_samples" : 15,
        "iops_min" : 58392,
        "iops_max" : 59336,
        "iops_mean" : 58828.800000,
        "iops_stddev" : 353.058312,
        "iops_samples" : 15
      },
      "trim" : {
        "io_bytes" : 0,
        "io_kbytes" : 0,
        "bw_bytes" : 0,
        "bw" : 0,
        "iops" : 0.000000,
        "runtime" : 0,
        "total_ios" : 0,
        "short_ios" : 0,
        "drop_ios" : 0,
        "slat_ns" : {
          "min" : 0,
          "max" : 0,
          "mean" : 0.000000,
          "stddev" : 0.000000,
          "N" : 0
        },
        "clat_ns" : {
          "min" : 0,
          "max" : 0,
          "mean" : 0.000000,
          "stddev" : 0.000000,
          "N" : 0
        },
        "lat_ns" : {
          "min" : 0,
          "max" : 0,
          "mean" : 0.000000,
          "stddev" : 0.000000,
          "N" : 0
        },
        "bw_min" : 0,
        "bw_max" : 0,
        "bw_agg" : 0.000000,
        "bw_mean" : 0.000000,
        "bw_dev" : 0.000000,
        "bw_samples" : 0,
        "iops_min" : 0,
        "iops_max" : 0,
        "iops_mean" : 0.000000,
        "iops_stddev" : 0.000000,
        "iops_samples" : 0
      },
      "sync" : {
        "total_ios" : 0,
        "lat_ns" : {
          "min" : 0,
          "max" : 0,
          "mean" : 0.000000,
          "stddev" : 0.000000,
          "N" : 0
        }
      },
      "job_runtime" : 7823,
      "usr_cpu" : 10.341301,
      "sys_cpu" : 23.533171,
      "ctx" : 344042,
      "majf" : 0,
      "minf" : 37,
      "iodepth_level" : {
        "1" : 0.000000,
        "2" : 0.000000,
        "4" : 0.000000,
        "8" : 0.000000,
        "16" : 0.000000,
        "32" : 0.000000,
        ">=64" : 100.000000
      },
      "iodepth_submit" : {
        "0" : 0.000000,
        "4" : 100.000000,
        "8" : 0.000000,
        "16" : 0.000000,
        "32" : 0.000000,
        "64" : 0.000000,
        ">=64" : 0.000000
      },
      "iodepth_complete" : {
        "0" : 0.000000,
        "4" : 99.999782,
        "8" : 0.000000,
        "16" : 0.000000,
        "32" : 0.000000,
        "64" : 0.000000,
        ">=64" : 0.100000
      },
      "latency_ns" : {
        "2" : 0.000000,
        "4" : 0.000000,
        "10" : 0.000000,
        "20" : 0.000000,
        "50" : 0.000000,
        "100" : 0.000000,
        "250" : 0.000000,
        "500" : 0.000000,
        "750" : 0.000000,
        "1000" : 0.000000
      },
      "latency_us" : {
        "2" : 0.000000,
        "4" : 0.000000,
        "10" : 0.000000,
        "20" : 0.000000,
        "50" : 0.000000,
        "100" : 0.000000,
        "250" : 0.000000,
        "500" : 0.000000,
        "750" : 0.000000,
        "1000" : 0.000000
      },
      "latency_ms" : {
        "2" : 0.000000,
        "4" : 0.031104,
        "10" : 100.024361,
        "20" : 0.000000,
        "50" : 0.000000,
        "100" : 0.000000,
        "250" : 0.000000,
        "500" : 0.000000,
        "750" : 0.000000,
        "1000" : 0.000000,
        "2000" : 0.000000,
        ">=2000" : 0.000000
      },
      "latency_depth" : 256,
      "latency_target" : 0,
      "latency_percentile" : 100.000000,
      "latency_window" : 0
    }
  ],
  "disk_util" : [
    {
      "name" : "nvme2n1",
      "read_ios" : 48,
      "write_ios" : 1044207,
      "read_merges" : 0,
      "write_merges" : 0,
      "read_ticks" : 6,
      "write_ticks" : 4537897,
      "in_queue" : 4537903,
      "util" : 99.596322
    }
  ]
}
