{
  "fio version" : "fio-3.28-261-gc3773-dirty",
  "timestamp" : 1646348225,
  "timestamp_ms" : 1646348225603,
  "time" : "Thu Mar  3 23:57:05 2022",
  "jobs" : [
    {
      "jobname" : "nvme2n1_overwrite-rand_4K_queue-depth-32",
      "groupid" : 0,
      "error" : 0,
      "eta" : 0,
      "elapsed" : 19,
      "job options" : {
        "name" : "nvme2n1_overwrite-rand_4K_queue-depth-32",
        "filename" : "/dev/nvme2n1",
        "direct" : "1",
        "size" : "4294967296",
        "ioengine" : "libaio",
        "iodepth" : "32",
        "rw" : "randwrite",
        "bs" : "4K",
        "numa_cpu_nodes" : "1",
        "ramp_time" : "10s"
      },
      "read" : {
        "io_bytes" : 0,
        "io_kbytes" : 0,
        "bw_bytes" : 0,
        "bw" : 0,
        "iops" : 0.000000,
        "runtime" : 0,
        "total_ios" : 0,
        "short_ios" : 0,
        "drop_ios" : 0,
        "slat_ns" : {
          "min" : 0,
          "max" : 0,
          "mean" : 0.000000,
          "stddev" : 0.000000,
          "N" : 0
        },
        "clat_ns" : {
          "min" : 0,
          "max" : 0,
          "mean" : 0.000000,
          "stddev" : 0.000000,
          "N" : 0
        },
        "lat_ns" : {
          "min" : 0,
          "max" : 0,
          "mean" : 0.000000,
          "stddev" : 0.000000,
          "N" : 0
        },
        "bw_min" : 0,
        "bw_max" : 0,
        "bw_agg" : 0.000000,
        "bw_mean" : 0.000000,
        "bw_dev" : 0.000000,
        "bw_samples" : 0,
        "iops_min" : 0,
        "iops_max" : 0,
        "iops_mean" : 0.000000,
        "iops_stddev" : 0.000000,
        "iops_samples" : 0
      },
      "write" : {
        "io_bytes" : 1977765888,
        "io_kbytes" : 1931412,
        "bw_bytes" : 229946039,
        "bw" : 224556,
        "iops" : 56135.565632,
        "runtime" : 8601,
        "total_ios" : 482822,
        "short_ios" : 0,
        "drop_ios" : 0,
        "slat_ns" : {
          "min" : 1668,
          "max" : 55680,
          "mean" : 2946.610950,
          "stddev" : 1766.569494,
          "N" : 482822
        },
        "clat_ns" : {
          "min" : 58210,
          "max" : 4379814,
          "mean" : 566240.252611,
          "stddev" : 464042.971516,
          "N" : 482853,
          "percentile" : {
            "1.000000" : 126464,
            "5.000000" : 175104,
            "10.000000" : 205824,
            "20.000000" : 254976,
            "30.000000" : 296960,
            "40.000000" : 342016,
            "50.000000" : 391168,
            "60.000000" : 456704,
            "70.000000" : 561152,
            "80.000000" : 782336,
            "90.000000" : 1286144,
            "95.000000" : 1630208,
            "99.000000" : 2179072,
            "99.500000" : 2408448,
            "99.900000" : 2932736,
            "99.950000" : 3227648,
            "99.990000" : 3817472
          }
        },
        "lat_ns" : {
          "min" : 60518,
          "max" : 4382044,
          "mean" : 569328.081170,
          "stddev" : 463899.347113,
          "N" : 482853
        },
        "bw_min" : 218240,
        "bw_max" : 230632,
        "bw_agg" : 100.000000,
        "bw_mean" : 224579.117647,
        "bw_dev" : 3460.171236,
        "bw_samples" : 17,
        "iops_min" : 54560,
        "iops_max" : 57658,
        "iops_mean" : 56144.647059,
        "iops_stddev" : 865.082940,
        "iops_samples" : 17
      },
      "trim" : {
        "io_bytes" : 0,
        "io_kbytes" : 0,
        "bw_bytes" : 0,
        "bw" : 0,
        "iops" : 0.000000,
        "runtime" : 0,
        "total_ios" : 0,
        "short_ios" : 0,
        "drop_ios" : 0,
        "slat_ns" : {
          "min" : 0,
          "max" : 0,
          "mean" : 0.000000,
          "stddev" : 0.000000,
          "N" : 0
        },
        "clat_ns" : {
          "min" : 0,
          "max" : 0,
          "mean" : 0.000000,
          "stddev" : 0.000000,
          "N" : 0
        },
        "lat_ns" : {
          "min" : 0,
          "max" : 0,
          "mean" : 0.000000,
          "stddev" : 0.000000,
          "N" : 0
        },
        "bw_min" : 0,
        "bw_max" : 0,
        "bw_agg" : 0.000000,
        "bw_mean" : 0.000000,
        "bw_dev" : 0.000000,
        "bw_samples" : 0,
        "iops_min" : 0,
        "iops_max" : 0,
        "iops_mean" : 0.000000,
        "iops_stddev" : 0.000000,
        "iops_samples" : 0
      },
      "sync" : {
        "total_ios" : 0,
        "lat_ns" : {
          "min" : 0,
          "max" : 0,
          "mean" : 0.000000,
          "stddev" : 0.000000,
          "N" : 0
        }
      },
      "job_runtime" : 8600,
      "usr_cpu" : 9.976744,
      "sys_cpu" : 22.360465,
      "ctx" : 153916,
      "majf" : 0,
      "minf" : 37,
      "iodepth_level" : {
        "1" : 0.000000,
        "2" : 0.000000,
        "4" : 0.000000,
        "8" : 0.000000,
        "16" : 0.000000,
        "32" : 100.000000,
        ">=64" : 0.000000
      },
      "iodepth_submit" : {
        "0" : 0.000000,
        "4" : 100.000000,
        "8" : 0.000000,
        "16" : 0.000000,
        "32" : 0.000000,
        "64" : 0.000000,
        ">=64" : 0.000000
      },
      "iodepth_complete" : {
        "0" : 0.000000,
        "4" : 99.999793,
        "8" : 0.000000,
        "16" : 0.000000,
        "32" : 0.100000,
        "64" : 0.000000,
        ">=64" : 0.000000
      },
      "latency_ns" : {
        "2" : 0.000000,
        "4" : 0.000000,
        "10" : 0.000000,
        "20" : 0.000000,
        "50" : 0.000000,
        "100" : 0.000000,
        "250" : 0.000000,
        "500" : 0.000000,
        "750" : 0.000000,
        "1000" : 0.000000
      },
      "latency_us" : {
        "2" : 0.000000,
        "4" : 0.000000,
        "10" : 0.000000,
        "20" : 0.000000,
        "50" : 0.000000,
        "100" : 0.232798,
        "250" : 18.762815,
        "500" : 45.807150,
        "750" : 14.179967,
        "1000" : 6.259035
      },
      "latency_ms" : {
        "2" : 13.052222,
        "4" : 1.707254,
        "10" : 0.010000,
        "20" : 0.000000,
        "50" : 0.000000,
        "100" : 0.000000,
        "250" : 0.000000,
        "500" : 0.000000,
        "750" : 0.000000,
        "1000" : 0.000000,
        "2000" : 0.000000,
        ">=2000" : 0.000000
      },
      "latency_depth" : 32,
      "latency_target" : 0,
      "latency_percentile" : 100.000000,
      "latency_window" : 0
    }
  ],
  "disk_util" : [
    {
      "name" : "nvme2n1",
      "read_ios" : 48,
      "write_ios" : 1042618,
      "read_merges" : 0,
      "write_merges" : 0,
      "read_ticks" : 5,
      "write_ticks" : 579075,
      "in_queue" : 579081,
      "util" : 99.591134
    }
  ]
}
