{
  "fio version" : "fio-3.28-261-gc3773-dirty",
  "timestamp" : 1646348601,
  "timestamp_ms" : 1646348601191,
  "time" : "Fri Mar  4 00:03:21 2022",
  "jobs" : [
    {
      "jobname" : "nvme2n1_randwrite_4K_queue-depth-1024",
      "groupid" : 0,
      "error" : 0,
      "eta" : 0,
      "elapsed" : 19,
      "job options" : {
        "name" : "nvme2n1_randwrite_4K_queue-depth-1024",
        "filename" : "/dev/nvme2n1",
        "direct" : "1",
        "size" : "4294967296",
        "ioengine" : "libaio",
        "iodepth" : "1024",
        "rw" : "randwrite",
        "bs" : "4K",
        "runtime" : "30s",
        "numa_cpu_nodes" : "1",
        "ramp_time" : "10s"
      },
      "read" : {
        "io_bytes" : 0,
        "io_kbytes" : 0,
        "bw_bytes" : 0,
        "bw" : 0,
        "iops" : 0.000000,
        "runtime" : 0,
        "total_ios" : 0,
        "short_ios" : 0,
        "drop_ios" : 0,
        "slat_ns" : {
          "min" : 0,
          "max" : 0,
          "mean" : 0.000000,
          "stddev" : 0.000000,
          "N" : 0
        },
        "clat_ns" : {
          "min" : 0,
          "max" : 0,
          "mean" : 0.000000,
          "stddev" : 0.000000,
          "N" : 0
        },
        "lat_ns" : {
          "min" : 0,
          "max" : 0,
          "mean" : 0.000000,
          "stddev" : 0.000000,
          "N" : 0
        },
        "bw_min" : 0,
        "bw_max" : 0,
        "bw_agg" : 0.000000,
        "bw_mean" : 0.000000,
        "bw_dev" : 0.000000,
        "bw_samples" : 0,
        "iops_min" : 0,
        "iops_max" : 0,
        "iops_mean" : 0.000000,
        "iops_stddev" : 0.000000,
        "iops_samples" : 0
      },
      "write" : {
        "io_bytes" : 1832411136,
        "io_kbytes" : 1789464,
        "bw_bytes" : 230666054,
        "bw" : 225259,
        "iops" : 56186.052367,
        "runtime" : 7944,
        "total_ios" : 446342,
        "short_ios" : 0,
        "drop_ios" : 0,
        "slat_ns" : {
          "min" : 1369,
          "max" : 3886402,
          "mean" : 16497.727732,
          "stddev" : 77991.919514,
          "N" : 446343
        },
        "clat_ns" : {
          "min" : 4185164,
          "max" : 33394148,
          "mean" : 18184873.993998,
          "stddev" : 1195611.864779,
          "N" : 447365,
          "percentile" : {
            "1.000000" : 16187392,
            "5.000000" : 16711680,
            "10.000000" : 16908288,
            "20.000000" : 17170432,
            "30.000000" : 17432576,
            "40.000000" : 17694720,
            "50.000000" : 17956864,
            "60.000000" : 18219008,
            "70.000000" : 18743296,
            "80.000000" : 19005440,
            "90.000000" : 19791872,
            "95.000000" : 20054016,
            "99.000000" : 21364736,
            "99.500000" : 21889024,
            "99.900000" : 27394048,
            "99.950000" : 29229056,
            "99.990000" : 32112640
          }
        },
        "lat_ns" : {
          "min" : 4190153,
          "max" : 33395812,
          "mean" : 18201503.696866,
          "stddev" : 1194699.058794,
          "N" : 447365
        },
        "bw_min" : 217226,
        "bw_max" : 232128,
        "bw_agg" : 99.966786,
        "bw_mean" : 225185.933333,
        "bw_dev" : 4184.853957,
        "bw_samples" : 15,
        "iops_min" : 54306,
        "iops_max" : 58032,
        "iops_mean" : 56296.333333,
        "iops_stddev" : 1046.279850,
        "iops_samples" : 15
      },
      "trim" : {
        "io_bytes" : 0,
        "io_kbytes" : 0,
        "bw_bytes" : 0,
        "bw" : 0,
        "iops" : 0.000000,
        "runtime" : 0,
        "total_ios" : 0,
        "short_ios" : 0,
        "drop_ios" : 0,
        "slat_ns" : {
          "min" : 0,
          "max" : 0,
          "mean" : 0.000000,
          "stddev" : 0.000000,
          "N" : 0
        },
        "clat_ns" : {
          "min" : 0,
          "max" : 0,
          "mean" : 0.000000,
          "stddev" : 0.000000,
          "N" : 0
        },
        "lat_ns" : {
          "min" : 0,
          "max" : 0,
          "mean" : 0.000000,
          "stddev" : 0.000000,
          "N" : 0
        },
        "bw_min" : 0,
        "bw_max" : 0,
        "bw_agg" : 0.000000,
        "bw_mean" : 0.000000,
        "bw_dev" : 0.000000,
        "bw_samples" : 0,
        "iops_min" : 0,
        "iops_max" : 0,
        "iops_mean" : 0.000000,
        "iops_stddev" : 0.000000,
        "iops_samples" : 0
      },
      "sync" : {
        "total_ios" : 0,
        "lat_ns" : {
          "min" : 0,
          "max" : 0,
          "mean" : 0.000000,
          "stddev" : 0.000000,
          "N" : 0
        }
      },
      "job_runtime" : 7943,
      "usr_cpu" : 7.100592,
      "sys_cpu" : 16.114818,
      "ctx" : 39301,
      "majf" : 0,
      "minf" : 37,
      "iodepth_level" : {
        "1" : 0.000000,
        "2" : 0.000000,
        "4" : 0.000000,
        "8" : 0.000000,
        "16" : 0.000000,
        "32" : 0.000000,
        ">=64" : 100.000000
      },
      "iodepth_submit" : {
        "0" : 0.000000,
        "4" : 100.000000,
        "8" : 0.000000,
        "16" : 0.000000,
        "32" : 0.000000,
        "64" : 0.000000,
        ">=64" : 0.000000
      },
      "iodepth_complete" : {
        "0" : 0.000000,
        "4" : 99.999776,
        "8" : 0.000000,
        "16" : 0.000000,
        "32" : 0.000000,
        "64" : 0.000000,
        ">=64" : 0.100000
      },
      "latency_ns" : {
        "2" : 0.000000,
        "4" : 0.000000,
        "10" : 0.000000,
        "20" : 0.000000,
        "50" : 0.000000,
        "100" : 0.000000,
        "250" : 0.000000,
        "500" : 0.000000,
        "750" : 0.000000,
        "1000" : 0.000000
      },
      "latency_us" : {
        "2" : 0.000000,
        "4" : 0.000000,
        "10" : 0.000000,
        "20" : 0.000000,
        "50" : 0.000000,
        "100" : 0.000000,
        "250" : 0.000000,
        "500" : 0.000000,
        "750" : 0.000000,
        "1000" : 0.000000
      },
      "latency_ms" : {
        "2" : 0.000000,
        "4" : 0.000000,
        "10" : 0.037415,
        "20" : 93.953515,
        "50" : 6.238266,
        "100" : 0.000000,
        "250" : 0.000000,
        "500" : 0.000000,
        "750" : 0.000000,
        "1000" : 0.000000,
        "2000" : 0.000000,
        ">=2000" : 0.000000
      },
      "latency_depth" : 1024,
      "latency_target" : 0,
      "latency_percentile" : 100.000000,
      "latency_window" : 0
    }
  ],
  "disk_util" : [
    {
      "name" : "nvme2n1",
      "read_ios" : 48,
      "write_ios" : 1036882,
      "read_merges" : 0,
      "write_merges" : 0,
      "read_ticks" : 0,
      "write_ticks" : 18079465,
      "in_queue" : 18079466,
      "util" : 99.545990
    }
  ]
}
